ID_Unidad,Placa,Serial,Marca,Modelo,Color,Tipo_Vehiculo,Tipo_Flota,Estatus_Final,Situacion_Actual,Gerencia,Responsable_Usuario,Cargo_Usuario,Ubicacion_Taller,Documento_Url,Ubicacion_Actual
14616,EAO36P,8XDDU74W568A10147,FORD,EXPLORER,VERDE,PICK-UP,Liviana,OPERATIVA,OPERATIVA,RECURSOS HUMANOS,KENIA ARTEAGA,,,,
OCC70-055,AF545AM,JTERU71J6C4004557,TOYOTA,LAND CRUISER,BLANCO,RUSTICO,Liviana,OPERATIVA,OPERATIVA,AMBIENTE,DANIEL CAÑIZALEZ,,,,
81,SIN PLACAS,1N6AD0EVXCC470081,NISSAN,FRONTIER,BLANCO,PICK-UP,Liviana,OPERATIVA,OPERATIVA,COORDINACION OPERACIONAL,JULIO VALERA,,,,
2834,SIN PLACAS,3TMLU4EN0CM102834,TOYOTA,TACOMA,GRIS,PICK-UP,Liviana,OPERATIVA,OPERATIVA,AMBIENTE,ALEXANDER FANEITE,,,,
21813,89TVAT,JN1CNUD225A714292,NISSAN,FRONTIER,BLANCO,PICK-UP,Liviana,INOPERATIVA,PARADA POR FALLA,PROYECTOS MAYORES,PROYECTOS MAYORES,,,,
6510,A14BA0N,MR0DX9CD0N2646510,TOYOTA,HILUX,BLANCO,PICK-UP,Liviana,INOPERATIVA,CHOCADA,DEPOCC,NIEPLU PEREZ,,,,
7325,A37BA9N,LSCBBZ2T1MG697325,CHANGAN,KAICENE F70 4X4,BLANCO,PICK-UP,Liviana,OPERATIVA,OPERATIVA,PDVSA SERVICIOS PETROLEROS,MELVIN CANGA,,,,
21508,TAL28F,8XA21UJ7258001471,TOYOTA,LAND CRUISER,BLANCO,RUSTICO,Liviana,INOPERATIVA,PARADA POR FALLA,SEGURIDAD INTEGRAL (DSI),ALEX REYES,,,,
16627,59ZVAT,8ZCEC14T75V311875,CHEVROLET,CHEYENNE,BLANCO,PICK-UP,Liviana,OPERATIVA,OPERATIVA,SINO VENEZOLANA,JACKSON ANAHOLE,,,,
8095,A54AI8A,8ZCNCRE08BV338095,CHEVROLET,SILVERADO,BEIGE,PICK-UP,Liviana,EN PROCESO DE DESINCORPORACION,FUERA DE SERVICIO,SEGURIDAD INTEGRAL (DSI),TRANSPORTE TERRESTRE,,,,
16492,21LDAM,8ZCEC14T72V309409,CHEVROLET,CHEYENNE,BLANCO,PICK-UP,Liviana,DESINCORPORADO,FUERA DE SERVICIO,TRANSPORTE TERRESTRE,TRANSPORTE TERRESTRE,,,,
16442,23K-DAM,8ZCEC14T12V308143,CHEVROLET,CHEYENNE,BLANCO,PICK-UP,Liviana,A DESINCORPORAR,FUERA DE SERVICIO,GOIP,TRANSPORTE TERRESTRE,,,,
16338,SIN PLACAS,8ZCEC14T91V313900,CHEVROLET,CHEYENNE,BLANCO,PICK-UP,Liviana,OPERATIVA,OPERATIVA,GOIP,EDUARD GUERRERO,,,,
2245,82AABO,8LBETF1H770002245,CHEVROLET,LUV,GRIS,PICK-UP,Liviana,INOPERATIVA,RECUPERADA DE MUELLE LIBERTADOR,GOIP,ROY PACHECO,,,,
GM-3282,SIN PLACAS,3FTRF17W18MA10860,FORD,F-150,BLANCO,PICK-UP,Liviana,A DESINCORPORAR,FUERA DE SERVICIO,PDVSA GAS,TRANSPORTE TERRESTRE,,,,
14875,35MDAM,8LBTFS25H20111833,CHEVROLET,LUV CREW CAB,BLANCO,PICK-UP,Liviana,A DESINCORPORAR,FUERA DE SERVICIO,GOIP,TRANSPORTE TERRESTRE,,,,
16108,15FMAS,8ZCEC14T11V308125,CHEVROLET,CHEYENNE,BLANCO,PICK-UP,Liviana,A DESINCORPORAR,FUERA DE SERVICIO,GOIP,TRANSPORTE TERRESTRE,,,,
16115,25FMAS,8ZCEC14T81V308106,CHEVROLET,CHEYENNE,BLANCO,PICK-UP,Liviana,A DESINCORPORAR,FUERA DE SERVICIO,GOIP,TRANSPORTE TERRESTRE,,,,
16243,34EAAW,8ZCEC14T61V308363,CHEVROLET,CHEYENNE,BLANCO,PICK-UP,Liviana,EN PROCESO DE DESINCORPORACION,FUERA DE SERVICIO,GOIP,TRANSPORTE TERRESTRE,,,,
16316,82DAAW,8ZCEC14T01V308827,CHEVROLET,CHEYENNE,BLANCO,PICK-UP,Liviana,EN ESPERA POR REMOLQUE,POR CERTIFICAR FALLA,GOIP,MARCOS PADRON,,,,
16327,SIN PLACAS,8ZCEC14T71V313295,CHEVROLET,CHEYENNE,BLANCO,PICK-UP,Liviana,A DESINCORPORAR,FUERA DE SERVICIO,GOIP,TRANSPORTE TERRESTRE,,,,
16339,SIN PLACAS,8ZCEC14T01V313896,CHEVROLET,CHEYENNE,BLANCO,PICK-UP,Liviana,A DESINCORPORAR,FUERA DE SERVICIO,GOIP,TRANSPORTE TERRESTRE,,,,
16340,SIN PLACAS,8ZCEC14T81V313919,CHEVROLET,CHEYENNE,BLANCO,PICK-UP,Liviana,A DESINCORPORAR,FUERA DE SERVICIO,GOIP,TRANSPORTE TERRESTRE,,,,
16423,76MDAM,8ZCEC14T92V308150,CHEVROLET,CHEYENNE,BLANCO,PICK-UP,Liviana,A DESINCORPORAR,FUERA DE SERVICIO,GOIP,GOIP TIA JUANA,,,,
16438,52KDAM,8ZCEC14T32V308984,CHEVROLET,CHEYENNE,BLANCO,PICK-UP,Liviana,A DESINCORPORAR,FUERA DE SERVICIO,GOIP,TRANSPORTE TERRESTRE,,,,
16448,85KDAM,8ZCEC14TX2V309260,CHEVROLET,CHEYENNE,BLANCO,PICK-UP,Liviana,EN PROCESO DE DESINCORPORACION,FUERA DE SERVICIO,GOIP,TRANSPORTE TERRESTRE,,,,
16458,66KDAM,8ZCEC14TX2V308836,CHEVROLET,CHEYENNE,BLANCO,PICK-UP,Liviana,INOPERATIVA,RECUPERADA DE MUELLE LIBERTADOR,GOIP,ROY PACHECO,,,,
16462,24GDAN,8ZCEC14T02V308022,CHEVROLET,CHEYENNE,BLANCO,PICK-UP,Liviana,EN ESPERA POR REMOLQUE,POR CERTIFICAR FALLA,GOIP,AURA LOPEZ,,,,
16489,21GDAN,8ZCEC14T22V309169,CHEVROLET,CHEYENNE,BLANCO,PICK-UP,Liviana,EN PROCESO DE DESINCORPORACION,FUERA DE SERVICIO,GOIP,TRANSPORTE TERRESTRE,,,,
16497,83KDAM,8ZCEC14T12V309213,CHEVROLET,CHEYENNE,BLANCO,PICK-UP,Liviana,A DESINCORPORAR,FUERA DE SERVICIO,GOIP,TRANSPORTE TERRESTRE,,,,
16502,39LDAM,8ZCEC14T02V309056,CHEVROLET,CHEYENNE,BLANCO,PICK-UP,Liviana,EN PROCESO DE DESINCORPORACION,FUERA DE SERVICIO,GOIP,TRANSPORTE TERRESTRE,,,,
16515,04VDAN,8ZCEC14T92V310285,CHEVROLET,CHEYENNE,BLANCO,PICK-UP,Liviana,A DESINCORPORAR,FUERA DE SERVICIO,GOIP,TRANSPORTE TERRESTRE,,,,
16560,51LDAM,8ZCEC14T52V309831,CHEVROLET,CHEYENNE,BLANCO,PICK-UP,Liviana,EN PROCESO DE DESINCORPORACION,FUERA DE SERVICIO,GOIP,TRANSPORTE TERRESTRE,,,,
16569,10VDAN,8ZCEC14T62V310292,CHEVROLET,CHEYENNE,BLANCO,PICK-UP,Liviana,A DESINCORPORAR,DENUNCIADA,GOIP,TRANSPORTE TERRESTRE,,,,
16570,24VDAN,8ZCEC14T92V310531,CHEVROLET,CHEYENNE,BLANCO,PICK-UP,Liviana,EN PROCESO DE DESINCORPORACION,FUERA DE SERVICIO,GOIP,TRANSPORTE TERRESTRE,,,,
16635,56CGAX,8ZCEC14T85V311755,CHEVROLET,CHEYENNE,BLANCO,PICK-UP,Liviana,A DESINCORPORAR,FUERA DE SERVICIO,GOIP,TRANSPORTE TERRESTRE,,,,
16721,82IABI,8ZCEC14T85V313182,CHEVROLET,CHEYENNE,BLANCO,PICK-UP,Liviana,EN ESPERA POR REMOLQUE,POR CERTIFICAR FALLA,GOIP,JAVIER LOZADA,,,,
16729,46JABI,8ZCEC14T95V314521,CHEVROLET,CHEYENNE,BLANCO,PICK-UP,Liviana,A DESINCORPORAR,FUERA DE SERVICIO,GOIP,TRANSPORTE TERRESTRE,,,,
16750,52JABI,8ZCEC14T45V314619,CHEVROLET,CHEYENNE,BLANCO,PICK-UP,Liviana,EN ESPERA POR REMOLQUE,POR CERTIFICAR FALLA,GOIP,GOIP,,,,
21086,69HKAP,3FTRF17W67MA05751,FORD,F-150,BLANCO,PICK-UP,Liviana,A DESINCORPORAR,FUERA DE SERVICIO,GOIP,TRANSPORTE TERRESTRE,,,,
21131,17G KAR,3FTRF17WX7MA17353,FORD,FORTALEZA,BLANCO,PICK-UP,Liviana,INOPERATIVA,PARADA POR FALLA,SEGURIDAD INTEGRAL (DSI),ALEX REYES,,,,
21142,25TNAH,3FTRF17W47MA25383,FORD,F-150,BLANCO,PICK-UP,Liviana,INOPERATIVA,PARADA POR FALLA,GOIP,LUIS BUSTAMANTE,,,,
21198,31VNAH,3FTRF17W77MA25703,FORD,F-150,BLANCO,PICK-UP,Liviana,A DESINCORPORAR,FUERA DE SERVICIO,GOIP,TRANSPORTE TERRESTRE,,,,
21223,64FKAR,3FTRF17W97MA25671,FORD,F-150,BLANCO,PICK-UP,Liviana,A DESINCORPORAR,FUERA DE SERVICIO,GOIP,TRANSPORTE TERRESTRE,,,,
21244,98FKAR,3FTRF17W87MA25581,FORD,F-150,BLANCO,PICK-UP,Liviana,A DESINCORPORAR,FUERA DE SERVICIO,GOIP,TRANSPORTE TERRESTRE,,,,
21769,16UVAT,JN1CNUD225X451379,NISSAN,DOBLE CABINA,BLANCO,PICK-UP,Liviana,COMODATO,COMODATO,ALCALDIA DE SAN FRANCISCO,NO APLICA,,,,
21770,72IVAU,JN1CNUD225X451276,NISSAN,DOBLE CABINA,BLANCO,PICK-UP,Liviana,A DESINCORPORAR,FUERA DE SERVICIO,GOIP,TRANSPORTE TERRESTRE,,,,
21802,94JVAU,JN1CNUD225X451256,NISSAN,DOBLE CABINA,BLANCO,PICK-UP,Liviana,A DESINCORPORAR,FUERA DE SERVICIO,GOIP,TRANSPORTE TERRESTRE,,,,
21880,12UVAT,JN1CNUD225X451377,NISSAN,DOBLE CABINA,BLANCO,PICK-UP,Liviana,A DESINCORPORAR,FUERA DE SERVICIO,GOIP,TRANSPORTE TERRESTRE,,,,
21922,76ZAAO,JN1CNUD226A714610,NISSAN,DOBLE CABINA,BLANCO,PICK-UP,Liviana,A DESINCORPORAR,FUERA DE SERVICIO,GOIP,TRANSPORTE TERRESTRE,,,,
21228,81XLAH,3FTRF17W87MA27234,FORD,F-150,BLANCO,PICK-UP,Liviana,COMODATO,COMODATO,ALCALDIA DE SIMON BOLIVAR,NO APLICA,,,,
6856,A74AM0I,1N6AD0EV1CC466856,NISSAN,FRONTIER,PLATA,PICK-UP,Liviana,INOPERATIVA,PARADA POR FALLA,SERVICIOS ELECTRICOS,POR CERTIFICAR,,,,
8050,A73AM9I,1N6AOCJ6CN328050,NISSAN,TITAN,PLATA,PICK-UP,Liviana,INOPERATIVA,RECUPERADA DE TALLER AYACUCHO 23-3-24,SEGURIDAD INTEGRAL (DSI),DSI,,,,
7091,SIN PLACAS,1N6AD0ERXCC457091,NISSAN,FRONTIER,BLANCO,PICK-UP,Liviana,A DESINCORPORAR,FUERA DE SERVICIO,ASUNTOS PUBLICOS,ALONSO FERRER,,,,
16121,61VAAV,8ZCEC14T81V307781,CHEVROLET,CHEYENNE,BLANCO,PICK-UP,Liviana,EN PROCESO DE DESINCORPORACION,FUERA DE SERVICIO,PDVSA SERVICIOS PETROLEROS,TRANSPORTE TERRESTRE,,,,
21110,36FKAR,3FTRF17W57MA17356,FORD,F-150,BLANCO,PICK-UP,Liviana,EN PROCESO DE DESINCORPORACION,FUERA DE SERVICIO,MPETROLEO,TRANSPORTE TERRESTRE,,,,
777,A49AK8V,8ZCNCRE0XBV323694,CHEVROLET,SILVERADO,BLANCO,PICK-UP,Liviana,A DESINCORPORAR,FUERA DE SERVICIO,SERVICIOS LOGISTICOS,TRANSPORTE TERRESTRE,,,,
16189,74CAAW,8ZCEC14T51V308340,CHEVROLET,CHEYENNE,BLANCO,PICK-UP,Liviana,A DESINCORPORAR,FUERA DE SERVICIO,SERVICIOS ELECTRICOS,TRANSPORTE TERRESTRE,,,,
16421,66MDAM,8ZCEC14T22V308474,CHEVROLET,CHEYENNE,BLANCO,PICK-UP,Liviana,A DESINCORPORAR,FUERA DE SERVICIO,PROYECTOS MAYORES,TRANSPORTE TERRESTRE,,,,
16427,96MDAM,8ZCEC14T32V308323,CHEVROLET,CHEYENNE,BLANCO,PICK-UP,Liviana,A DESINCORPORAR,FUERA DE SERVICIO,SERVICIOS LOGISTICOS,TRANSPORTE TERRESTRE,,,,
16609,58KVAT,8ZCEC14T95V304233,CHEVROLET,CHEYENNE,BLANCO,PICK-UP,Liviana,A DESINCORPORAR,FUERA DE SERVICIO,COORDINACION OPERACIONAL,TRANSPORTE TERRESTRE,,,,
16774,47JABI,8ZCEC14T25V314540,CHEVROLET,CHEYENNE,BLANCO,PICK-UP,Liviana,A DESINCORPORAR,FUERA DE SERVICIO,MPETROLEO,TRANSPORTE TERRESTRE,,,,
16781,42EGAX,8ZCEC14T95V318794,CHEVROLET,CHEYENNE,BLANCO,PICK-UP,Liviana,A DESINCORPORAR,FUERA DE SERVICIO,SALUD,TRANSPORTE TERRESTRE,,,,
16794,03ICAD,8ZCEC14T37V315666,CHEVROLET,CHEYENNE,BLANCO,PICK-UP,Liviana,A DESINCORPORAR,FUERA DE SERVICIO,MPETROLEO,TRANSPORTE TERRESTRE,,,,
21875,37UVAT,JN1CNUD225X451336,NISSAN,DOBLE CABINA,BLANCO,PICK-UP,Liviana,A DESINCORPORAR,FUERA DE SERVICIO,SERVICIOS LOGISTICOS,TRANSPORTE TERRESTRE,,,,
2264,A72AM5I,1FTMF1CM0CFB62264,FORD,F-150,BLANCO,PICK-UP,Liviana,A DESINCORPORAR,FUERA DE SERVICIO,BARIVEN,TRANSPORTE TERRESTRE,,,,
5668,SIN PLACAS,1N6AAOCCXCN325668,NISSAN,TITAN,BLANCO,PICK-UP,Liviana,EN PROCESO DE DESINCORPORACION,FUERA DE SERVICIO,GOIP,TRANSPORTE TERRESTRE,,,,
16210,SIN PLACAS,8ZCEC14T01V308262,CHEVROLET,CHEYENNE,BLANCO,PICK-UP,Liviana,EN PROCESO DE DESINCORPORACION,FUERA DE SERVICIO,PROYECTOS MAYORES,TRANSPORTE TERRESTRE,,,,
16217,35YMAP,8ZCEC14T01V308665,CHEVROLET,CHEYENNE,BLANCO,PICK-UP,Liviana,EN PROCESO DE DESINCORPORACION,FUERA DE SERVICIO,COORDINACION OPERACIONAL,TRANSPORTE TERRESTRE,,,,
16245,SIN PLACAS,8ZCEC14T61V308539,CHEVROLET,CHEYENNE,BLANCO,PICK-UP,Liviana,EN PROCESO DE DESINCORPORACION,FUERA DE SERVICIO,TRANSPORTE TERRESTRE,TRANSPORTE TERRESTRE,,,,
16411,79MDAM,8ZCEC14T62V308526,CHEVROLET,CHEYENNE,BLANCO,PICK-UP,Liviana,DESINCORPORADO,FUERA DE SERVICIO,COORDINACION OPERACIONAL,TRANSPORTE TERRESTRE,,,,
16431,57MDAM,8ZCEC14T52V308145,CHEVROLET,CHEYENNE,BLANCO,PICK-UP,Liviana,DESINCORPORADO,FUERA DE SERVICIO,SERVICIOS ELECTRICOS,TRANSPORTE TERRESTRE,,,,
16513,67LDAM,8ZCEC14T02V309848,CHEVROLET,CHEYENNE,BLANCO,PICK-UP,Liviana,EN PROCESO DE DESINCORPORACION,FUERA DE SERVICIO,SERVICIOS LOGISTICOS,TRANSPORTE TERRESTRE,,,,
16546,91UDAN,8ZCEC14T12V310264,CHEVROLET,CHEYENNE,BLANCO,PICK-UP,Liviana,DESINCORPORADO,FUERA DE SERVICIO,PROYECTOS MAYORES,TRANSPORTE TERRESTRE,,,,
16646,67CGAX,8ZCEC14TX5V312082,CHEVROLET,CHEYENNE,BLANCO,PICK-UP,Liviana,EN PROCESO DE DESINCORPORACION,FUERA DE SERVICIO,COORDINACION OPERACIONAL,TRANSPORTE TERRESTRE,,,,
16658,13JABI,8ZCEC14T45V314569,CHEVROLET,CHEYENNE,BLANCO,PICK-UP,Liviana,DESINCORPORADO,FUERA DE SERVICIO,COORDINACION OPERACIONAL,TRANSPORTE TERRESTRE,,,,
16680,72IABI,8ZCEC14T45V312997,CHEVROLET,CHEYENNE,BLANCO,PICK-UP,Liviana,EN PROCESO DE DESINCORPORACION,FUERA DE SERVICIO,SERVICIOS LOGISTICOS,TRANSPORTE TERRESTRE,,,,
16733,51JABI,8ZCEC14T25V314585,CHEVROLET,CHEYENNE,BLANCO,PICK-UP,Liviana,EN PROCESO DE DESINCORPORACION,FUERA DE SERVICIO,COORDINACION OPERACIONAL,TRANSPORTE TERRESTRE,,,,
16765,50EGAX,8ZCEC14T15V318840,CHEVROLET,CHEYENNE,BLANCO,PICK-UP,Liviana,DESINCORPORADO,FUERA DE SERVICIO,AIT,TRANSPORTE TERRESTRE,,,,
16779,56JABI,8ZCEC14T35V314658,CHEVROLET,CHEYENNE,BLANCO,PICK-UP,Liviana,DESINCORPORADO,FUERA DE SERVICIO,AIT,TRANSPORTE TERRESTRE,,,,
16785,13ICAD,8ZCEC14T67V315936,CHEVROLET,CHEYENNE,BLANCO,PICK-UP,Liviana,DESINCORPORADO,FUERA DE SERVICIO,SERVICIOS LOGISTICOS,TRANSPORTE TERRESTRE,,,,
16160,69DAAW,8ZCEC14T61V308265,CHEVROLET,CHEYENNE,BLANCO,PICK-UP,Liviana,EN ESPERA POR REMOLQUE,POR CERTIFICAR FALLA,SERVICIOS LOGISTICOS,JULIO SANCHEZ,,,,
21098,64HKAP,3FTRF17WX7MA05736,FORD,F-150,BLANCO,PICK-UP,Liviana,EN PROCESO DE DESINCORPORACION,FUERA DE SERVICIO,AIT,TRANSPORTE TERRESTRE,,,,
21102,11GKAR,3FTRF17W27MA17377,FORD,F-150,BLANCO,PICK-UP,Liviana,DESINCORPORADO,FUERA DE SERVICIO,AIT,TRANSPORTE TERRESTRE,,,,
21114,41FKAR,3FTRF17W77MA17343,FORD,F-150,BLANCO,PICK-UP,Liviana,EN PROCESO DE DESINCORPORACION,FUERA DE SERVICIO,PROYECTOS MAYORES,TRANSPORTE TERRESTRE,,,,
21177,25VNAH,3FTRF17W47MA25562,FORD,F-150,BLANCO,PICK-UP,Liviana,A DESINCORPORAR,FUERA DE SERVICIO,AIT,TRANSPORTE TERRESTRE,,,,
21235,68FKAR,3FTRF17WXMA25629,FORD,F-150,BLANCO,PICK-UP,Liviana,DESINCORPORADO,FUERA DE SERVICIO,SEGURIDAD INDUSTRIAL E HIGIENE OCUPACIONAL,TRANSPORTE TERRESTRE,,,,
21245,74VNAH,3FTRF17W07MA25493,FORD,F-150,BLANCO,PICK-UP,Liviana,DESINCORPORADO,FUERA DE SERVICIO,SEGURIDAD INDUSTRIAL E HIGIENE OCUPACIONAL,TRANSPORTE TERRESTRE,,,,
21621,35UVAV,JN1CNUD227X461395,NISSAN,DOBLE CABINA,BLANCO,PICK-UP,Liviana,DESINCORPORADO,FUERA DE SERVICIO,SEGURIDAD INTEGRAL (DSI),TRANSPORTE TERRESTRE,,,,
21628,39UVAV,JN1CNUD227X461387,NISSAN,DOBLE CABINA,BLANCO,PICK-UP,Liviana,DESINCORPORADO,FUERA DE SERVICIO,COORDINACION OPERACIONAL,TRANSPORTE TERRESTRE,,,,
21709,57UVAT,JN1CNUD225A714183,NISSAN,DOBLE CABINA,BLANCO,PICK-UP,Liviana,DESINCORPORADO,FUERA DE SERVICIO,COORDINACION OPERACIONAL,TRANSPORTE TERRESTRE,,,,
21738,52TVAT,JN1CNUD225A714196,NISSAN,DOBLE CABINA,BLANCO,PICK-UP,Liviana,A DESINCORPORAR,FUERA DE SERVICIO,GOIP,TRANSPORTE TERRESTRE,,,,
21779,91JVAU,JN1CNUD225X451332,NISSAN,DOBLE CABINA,BLANCO,PICK-UP,Liviana,DESINCORPORADO,FUERA DE SERVICIO,SEGURIDAD INTEGRAL (DSI),TRANSPORTE TERRESTRE,,,,
21820,87TVAT,JN1CNUD225A714290,NISSAN,DOBLE CABINA,BLANCO,PICK-UP,Liviana,DESINCORPORADO,FUERA DE SERVICIO,SERVICIOS LOGISTICOS,TRANSPORTE TERRESTRE,,,,
21851,80UVAT,JN1CNUD225A714308,NISSAN,DOBLE CABINA,BLANCO,PICK-UP,Liviana,EN PROCESO DE DESINCORPORACION,FUERA DE SERVICIO,SERVICIOS LOGISTICOS,TRANSPORTE TERRESTRE,,,,
21856,99IVAU,JN1CNUD225X451304,NISSAN,DOBLE CABINA,BLANCO,PICK-UP,Liviana,DESINCORPORADO,FUERA DE SERVICIO,GOIP,TRANSPORTE TERRESTRE,,,,
21900,68TVAT,JN1CNUD225A714209,FORD,F-150,BLANCO,PICK-UP,Liviana,EN PROCESO DE DESINCORPORACION,FUERA DE SERVICIO,SERVICIOS LOGISTICOS,TRANSPORTE TERRESTRE,,,,
21908,81ZAAO,JN1CNUD226A714617,NISSAN,FRONTIER,BLANCO,PICK-UP,Liviana,DESINCORPORADO,FUERA DE SERVICIO,COORDINACION OPERACIONAL,TRANSPORTE TERRESTRE,,,,
91,A86AS2C,1GC0CVCG3DF140091,CHEVROLET,SILVERADO,BLANCO,PICK-UP,Liviana,INOPERATIVA,PARADA POR FALLA,GOIP,EMILIO GUZMAN,,,,
20,28EVAB,AJF1WP50947,FORD,F-150,BLANCO,PICK-UP,Liviana,A DESINCORPORAR,FUERA DE SERVICIO,GOIP,CARLOS OROPEZA,,,,
97,SIN PLACAS,POR CERTIFICAR,CHEVROLET,SILVERADO,BLANCO,PICK-UP,Liviana,EN ESPERA POR REMOLQUE,POR CERTIFICAR FALLA,SEGURIDAD INTEGRAL (DSI),RUSBET VILLASMIL,,,,
760,A33AJ2V,8ZCNCRE06BV316208,CHEVROLET,SILVERADO,BLANCO,PICK-UP,Liviana,A DESINCORPORAR,FUERA DE SERVICIO,COORDINACION OPERACIONAL,TRANSPORTE TERRESTRE,,,,
761,A33AJ1V,8ZCNCRE00BV316222,CHEVROLET,SILVERADO,BLANCO,PICK-UP,Liviana,A DESINCORPORAR,FUERA DE SERVICIO,COORDINACION OPERACIONAL,TRANSPORTE TERRESTRE,,,,
764,A32AJ9V,8ZCNCRE03BV316196,CHEVROLET,SILVERADO,BLANCO,PICK-UP,Liviana,DESCONOCIDO,DESCONOCIDO,GERENCIA REGIONAL DE VIVIENDA,ALDRI MARDONADO,,,,
766,A55AJ7V,8ZCNCRE08BV319515,CHEVROLET,SILVERADO,BLANCO,PICK-UP,Liviana,EN PROCESO DE DESINCORPORACION,FUERA DE SERVICIO,SERVICIOS ELECTRICOS,TRANSPORTE TERRESTRE,,,,
769,A55AJ8V,8ZCNCRE0XBV319516,CHEVROLET,SILVERADO,BLANCO,PICK-UP,Liviana,A DESINCORPORAR,FUERA DE SERVICIO,SERVICIOS ELECTRICOS,TRANSPORTE TERRESTRE,,,,
771,A32AJ2V,8ZCNCRE09BV316252,CHEVROLET,SILVERADO,BLANCO,PICK-UP,Liviana,EN ESPERA POR REMOLQUE,POR CERTIFICAR FALLA,AMBIENTE,GUZMAN LOPEZ,,,,
791,A12AI9A,8ZCNCE01BV335720,CHEVROLET,SILVERADO,BLANCO,PICK-UP,Liviana,A DESINCORPORAR,"DENUNCIADA ANTE EL MP, OFICIO FECHA:10-01-2018, N° GNB-CONAS-GAES-ZULIA-SECC-COL:0005",SERVICIOS LOGISTICOS,TRANSPORTE TERRESTRE,,,,
805,A82AI0A,8ZCNCRE07BV339402,CHEVROLET,SILVERADO,BLANCO,PICK-UP,Liviana,A DESINCORPORAR,FUERA DE SERVICIO,SERVICIOS LOGISTICOS,TRANSPORTE TERRESTRE,,,,
687,SIN PLACAS,1GC0CVCGXCF200687,CHEVROLET,SILVERADO,BLANCO,PICK-UP,Liviana,EN PROCESO DE DESINCORPORACION,FUERA DE SERVICIO,COORDINACION OPERACIONAL,TRANSPORTE TERRESTRE,,,,
1106,SIN PLACAS,1FTMF1CM1CFC71106,FORD,F-150,BLANCO,PICK-UP,Liviana,OPERATIVA,OPERATIVA,COORDINACION OPERACIONAL,ALEXANDER LEON,,,,
1322,SIN PLACAS,1GCOCVCG9CF151322,CHEVROLET,SILVERADO,BLANCO,PICK-UP,Liviana,EN PROCESO DE DESINCORPORACION,FUERA DE SERVICIO,GOIP,TRANSPORTE TERRESTRE,,,,
2233,A71AM2I,1GC0CVCG7DF142233,CHEVROLET,SILVERADO,BLANCO,PICK-UP,Liviana,A DESINCORPORAR,FUERA DE SERVICIO,COORDINACION OPERACIONAL,TRANSPORTE TERRESTRE,,,,
2348,SIN PLACAS,5TFJU4GN7EX062348,TOYOTA,TACOMA,GRIS PLATA,PICK-UP,Liviana,EN ESPERA POR REMOLQUE,POR CERTIFICAR FALLA,GERENCIA GENERAL DAP,ALEJANDRO BORGES,,,,
3063,SIN PLACAS,1N6AD0ER2CC463063,NISSAN,FRONTIER,BLANCO,PICK-UP,Liviana,EN PROCESO DE DESINCORPORACION,FUERA DE SERVICIO,AIT,TRANSPORTE TERRESTRE,,,,
4630,AA147RS,8Y8RX5FP6A1113235,JEEP,CHEROKEE,AZUL,PICK-UP,Liviana,EN ESPERA POR REMOLQUE,POR CERTIFICAR FALLA,DIRECCION EJECUTIVA DE EXPLORACION Y EEII DE YACIMIENTOS(DEXEIY),JINMY VILCHEZ,,,,
5510,SIN PLACAS,1N6AD0EV4CC455510,NISSAN,FRONTIER,BLANCO,PICK-UP,Liviana,INOPERATIVA,PARADA POR FALLA,COORDINACION OPERACIONAL,JORGE DIAZ,,,,
5525,A71AM1I,1FTMF1CM9CKE15525,FORD,F-150,BLANCO,PICK-UP,Liviana,OPERATIVA,OPERATIVA,RELACIONES GUBERNAMENTALES PROPIEDADES Y CATASTRO,JOSE CANELONES,,,,
6075,SIN PLACAS,1N6AA0EJ5CN326075,NISSAN,TITAN,PLATEADA,PICK-UP,Liviana,OPERATIVA,OPERATIVA,DIRECCION EJECUTIVA DE EXPLORACION Y EEII DE YACIMIENTOS(DEXEIY),LEDELY CHAVEZ,,,,
6584,A65AHGK,8SCPKRE04AV326504,CHEVROLET,SILVERADO,BLANCO,PICK-UP,Liviana,A DESINCORPORAR,FUERA DE SERVICIO,SEGURIDAD INTEGRAL (DSI),NO APLICA,,,,
6893,A71AM8I,3TMJU4GN4CM136893,TOYOTA,TACOMA,GRIS,PICK-UP,Liviana,EN ESPERA POR REMOLQUE,POR CERTIFICAR FALLA,SEGURIDAD INTEGRAL (DSI),AMADOR ACOSTA,,,,
6911,A75AS4C,1N6AD0EVOCC476911,NISSAN,FRONTIER,BLANCO,PICK-UP,Liviana,A DESINCORPORAR,FUERA DE SERVICIO,SERVICIOS ELECTRICOS,TRANSPORTE TERRESTRE,,,,
7195,SIN PLACAS,3TMJU4GN7CM137195,TOYOTA,TACOMA,GRIS PLATA,PICK-UP,Liviana,OPERATIVA,OPERATIVA,AMBIENTE,ALFREDO RIOS,,,,
8306,A73AM2I,1N6AD0EV3CC458306,NISSAN,FRONTIER,S/I,PICK-UP,Liviana,INOPERATIVA,PARADA POR FALLA,MPETROLEO,EDGARDO NAVA,,,,
8672,A85AS1C,1N6BAOCA1CN328672,NISSAN,TITAN,BLANCO,PICK-UP,Liviana,EN PROCESO DE DESINCORPORACION,FUERA DE SERVICIO,GOIP,TRANSPORTE TERRESTRE,,,,
13718,03ZVAA,AJF1VP21675,FORD,F-150,BLANCO,PICK-UP,Liviana,A DESINCORPORAR,FUERA DE SERVICIO,GOIP,TRANSPORTE TERRESTRE,,,,
13782,73ZVAA,AJF1VP22961,FORD,F-150,BLANCO,PICK-UP,Liviana,EN ESPERA POR REMOLQUE,POR CERTIFICAR FALLA,RECURSOS HUMANOS,FREDDY ESTABA,,,,
14804,SIN PLACAS,8YTER22X618-A10730,FORD,RANGER 4x4,BLANCO,PICK-UP,Liviana,A DESINCORPORAR,A DESINCORPORAR,ASUNTOS PUBLICOS,TRANSPORTE TERRESTRE,,,,
14833,SIN PLACAS,8YTDR21C318-A14048,FORD,RANGER,BLANCO,PICK-UP,Liviana,A DESINCORPORAR,FUERA DE SERVICIO,COORDINACION OPERACIONAL,TRANSPORTE TERRESTRE,,,,
14868,37MDAM,8LBTFS25H20111848,CHEVROLET,LUV CREW CAB,BLANCO,PICK-UP,Liviana,A DESINCORPORAR,FUERA DE SERVICIO,COORDINACION OPERACIONAL,TRANSPORTE TERRESTRE,,,,
14873,30MDAM,8LBTFS25H20111688,CHEVROLET,LUV CREW CAB,BLANCO,PICK-UP,Liviana,EN ESPERA POR REMOLQUE,POR CERTIFICAR FALLA,BARIVEN,MARCOS COBIS,,,,
16101,07ZAAV,8ZCEC14T81V307876,CHEVROLET,CHEYENNE,BLANCO,PICK-UP,Liviana,EN PROCESO DE DESINCORPORACION,LOTE DE DENUNCIADAS DESINCORPORACION LAGUNILLAS,SERVICIOS LOGISTICOS,TRANSPORTE TERRESTRE,,,,
16105,53OAAY,8ZCEC14TX1V307460,CHEVROLET,CHEYENNE,BLANCO,PICK-UP,Liviana,EN PROCESO DE DESINCORPORACION,FUERA DE SERVICIO,GOIP,TRANSPORTE TERRESTRE,,,,
16126,91KAAW,8ZCEC14T91V30812,CHEVROLET,CHEYENNE,BLANCO,PICK-UP,Liviana,EN ESPERA POR REMOLQUE,POR CERTIFICAR FALLA,COORDINACION OPERACIONAL,ANGEL SANCHEZ,,,,
16129,78DAAW,8ZCEC14T91V307868,CHEVROLET,CHEYENNE,BLANCO,PICK-UP,Liviana,EN PROCESO DE DESINCORPORACION,FUERA DE SERVICIO,COORDINACION OPERACIONAL,TRANSPORTE TERRESTRE,,,,
16131,94IMAR,8ZCEC14T61V308153,CHEVROLET,CHEYENNE,BLANCO,PICK-UP,Liviana,EN PROCESO DE DESINCORPORACION,FUERA DE SERVICIO,COORDINACION OPERACIONAL,TRANSPORTE TERRESTRE,,,,
16134,55SMAS,8ZCEC14T71V307643,CHEVROLET,CHEYENNE,BLANCO,PICK-UP,Liviana,A DESINCORPORAR,FUERA DE SERVICIO,GERENCIA REGIONAL DE VIVIENDA,TRANSPORTE TERRESTRE,,,,
16136,63WMAO,8ZCEC14T21V307713,CHEVROLET,CHEYENNE,BLANCO,PICK-UP,Liviana,A DESINCORPORAR,FUERA DE SERVICIO,GOIP,TRANSPORTE TERRESTRE,,,,
16148,51BAAW,8ZCEC14T71V307965,CHEVROLET,CHEYENNE,BLANCO,PICK-UP,Liviana,A DESINCORPORAR,FUERA DE SERVICIO,COORDINACION OPERACIONAL,TRANSPORTE TERRESTRE,,,,
16149,SIN PLACAS,8ZCEC14T11V307749,CHEVROLET,CHEYENNE,BLANCO,PICK-UP,Liviana,A DESINCORPORAR,FUERA DE SERVICIO,COORDINACION OPERACIONAL,TRANSPORTE TERRESTRE,,,,
16151,SIN PLACAS,8ZCEC14T11V307623,CHEVROLET,CHEYENNE,BLANCO,PICK-UP,Liviana,A DESINCORPORAR,FUERA DE SERVICIO,COORDINACION OPERACIONAL,TRANSPORTE TERRESTRE,,,,
16153,46MKAH,8ZCEC14TX1V307734,CHEVROLET,CHEYENNE,BLANCO,PICK-UP,Liviana,A DESINCORPORAR,FUERA DE SERVICIO,COORDINACION OPERACIONAL,TRANSPORTE TERRESTRE,,,,
16154,97DAAW,8ZCEC14T01V308102,CHEVROLET,CHEYENNE,BLANCO,PICK-UP,Liviana,A DESINCORPORAR,FUERA DE SERVICIO,AIT,TRANSPORTE TERRESTRE,,,,
16157,25PAAY,8ZCEC14T91V308132,CHEVROLET,CHEYENNE,BLANCO,PICK-UP,Liviana,A DESINCORPORAR,FUERA DE SERVICIO,COORDINACION OPERACIONAL,TRANSPORTE TERRESTRE,,,,
16158,68KAAW,8ZCEC14T51V308080,CHEVROLET,CHEYENNE,BLANCO,PICK-UP,Liviana,EN PROCESO DE DESINCORPORACION,FUERA DE SERVICIO,COORDINACION OPERACIONAL,TRANSPORTE TERRESTRE,,,,
16159,43OAAY,8ZCEC14T71V308226,CHEVROLET,CHEYENNE,BLANCO,PICK-UP,Liviana,A DESINCORPORAR,FUERA DE SERVICIO,TRANSPORTE TERRESTRE,TRANSPORTE TERRESTRE,,,,
16169,70PMAS,8ZCEC14T91V308308,CHEVROLET,CHEYENNE,BLANCO,PICK-UP,Liviana,A DESINCORPORAR,FUERA DE SERVICIO,SEGURIDAD INTEGRAL (DSI),TRANSPORTE TERRESTRE,,,,
16173,SIN PLACAS,8ZCEC14T31V308630,CHEVROLET,CHEYENNE,BLANCO,PICK-UP,Liviana,A DESINCORPORAR,FUERA DE SERVICIO,COORDINACION OPERACIONAL,TRANSPORTE TERRESTRE,,,,
16191,64CAAW,8ZCEC14T91V308714,CHEVROLET,CHEYENNE,BLANCO,PICK-UP,Liviana,A DESINCORPORAR,FUERA DE SERVICIO,SERVICIOS ELECTRICOS,TRANSPORTE TERRESTRE,,,,
16192,SIN PLACAS,8ZCEC14T71V308727,CHEVROLET,CHEYENNE,BLANCO,PICK-UP,Liviana,A DESINCORPORAR,FUERA DE SERVICIO,SERVICIOS ELECTRICOS,TRANSPORTE TERRESTRE,,,,
16195,77YAAV,8ZCEC14T81V308333,CHEVROLET,CHEYENNE,BLANCO,PICK-UP,Liviana,A DESINCORPORAR,FUERA DE SERVICIO,COORDINACION OPERACIONAL,TRANSPORTE TERRESTRE,,,,
16196,81DAAW,8ZCEC14T91V308244,CHEVROLET,CHEYENNE,BLANCO,PICK-UP,Liviana,A DESINCORPORAR,FUERA DE SERVICIO,COORDINACION OPERACIONAL,TRANSPORTE TERRESTRE,,,,
16197,96CAAW,8ZCEC14T91V308535,CHEVROLET,CHEYENNE,BLANCO,PICK-UP,Liviana,A DESINCORPORAR,FUERA DE SERVICIO,COORDINACION OPERACIONAL,TRANSPORTE TERRESTRE,,,,
16198,36YMAP,8ZCEC14T31V308644,CHEVROLET,CHEYENNE,BLANCO,PICK-UP,Liviana,EN PROCESO DE DESINCORPORACION,FUERA DE SERVICIO,COORDINACION OPERACIONAL,TRANSPORTE TERRESTRE,,,,
16201,SIN PLACAS,8ZCEC14T01V308360,CHEVROLET,CHEYENNE,BLANCO,PICK-UP,Liviana,A DESINCORPORAR,FUERA DE SERVICIO,SERVICIOS ELECTRICOS,TRANSPORTE TERRESTRE,,,,
16208,21PAAY,8ZCEC14T81V308204,CHEVROLET,CHEYENNE,BLANCO,PICK-UP,Liviana,A DESINCORPORAR,FUERA DE SERVICIO,COORDINACION OPERACIONAL,TRANSPORTE TERRESTRE,,,,
16209,88EMAS,8ZCEC14T51V308189,CHEVROLET,CHEYENNE,BLANCO,PICK-UP,Liviana,EN PROCESO DE DESINCORPORACION,FUERA DE SERVICIO,BARIVEN,TRANSPORTE TERRESTRE,,,,
16223,22ZAAV,8ZCEC14T01V308746,CHEVROLET,CHEYENNE,BLANCO,PICK-UP,Liviana,EN PROCESO DE DESINCORPORACION,FUERA DE SERVICIO,SERVICIOS ELECTRICOS,TRANSPORTE TERRESTRE,,,,
16234,04EAAW,8ZCEC14TX1V308611,CHEVROLET,CHEYENNE,BLANCO,PICK-UP,Liviana,A DESINCORPORAR,FUERA DE SERVICIO,AIT,TRANSPORTE TERRESTRE,,,,
16244,06PAAW,8ZCEC14T31V308417,CHEVROLET,CHEYENNE,BLANCO,PICK-UP,Liviana,A DESINCORPORAR,FUERA DE SERVICIO,SERVICIOS ELECTRICOS,TRANSPORTE TERRESTRE,,,,
16246,62CAAW,8ZCEC14T41V308507,CHEVROLET,CHEYENNE,BLANCO,PICK-UP,Liviana,A DESINCORPORAR,FUERA DE SERVICIO,COORDINACION OPERACIONAL,TRANSPORTE TERRESTRE,,,,
16247,35EAAW,8ZCEC14T51V308693,CHEVROLET,CHEYENNE,BLANCO,PICK-UP,Liviana,A DESINCORPORAR,FUERA DE SERVICIO,FUERZA AEREA NACIONAL,TRANSPORTE TERRESTRE,,,,
16253,55VAAV,8ZCEC14TX1V308740,CHEVROLET,CHEYENNE,BLANCO,PICK-UP,Liviana,A DESINCORPORAR,FUERA DE SERVICIO,AIT,TRANSPORTE TERRESTRE,,,,
16256,14PAAV,8ZCEC14T31V308840,CHEVROLET,CHEYENNE,BLANCO,PICK-UP,Liviana,A DESINCORPORAR,FUERA DE SERVICIO,COORDINACION OPERACIONAL,TRANSPORTE TERRESTRE,,,,
16261,20DAAW,8ZCEC14T21V308442,CHEVROLET,CHEYENNE,BLANCO,PICK-UP,Liviana,A DESINCORPORAR,FUERA DE SERVICIO,COORDINACION OPERACIONAL,TRANSPORTE TERRESTRE,,,,
16264,34DAAW,8ZCEC14T01V308519,CHEVROLET,CHEYENNE,BLANCO,PICK-UP,Liviana,A DESINCORPORAR,FUERA DE SERVICIO,COORDINACION OPERACIONAL,TRANSPORTE TERRESTRE,,,,
16265,05TAAU,8ZCEC14T61V308508,CHEVROLET,CHEYENNE,BLANCO,PICK-UP,Liviana,A DESINCORPORAR,FUERA DE SERVICIO,COORDINACION OPERACIONAL,TRANSPORTE TERRESTRE,,,,
16269,52PAAV,8ZCEC14TX1V308785,CHEVROLET,CHEYENNE,BLANCO,PICK-UP,Liviana,A DESINCORPORAR,FUERA DE SERVICIO,SERVICIOS LOGISTICOS,TRANSPORTE TERRESTRE,,,,
16305,14AAAW,8ZCEC14T11V308867,CHEVROLET,CHEYENNE,BLANCO,PICK-UP,Liviana,A DESINCORPORAR,FUERA DE SERVICIO,COORDINACION OPERACIONAL,TRANSPORTE TERRESTRE,,,,
16306,23TAAU,8ZCEC14T61V308749,CHEVROLET,CHEYENNE,BLANCO,PICK-UP,Liviana,EN PROCESO DE DESINCORPORACION,FUERA DE SERVICIO,TRANSPORTE TERRESTRE,TRANSPORTE TERRESTRE,,,,
16313,63SMAP,8ZCEC14TX1V308978,CHEVROLET,CHEYENNE,BLANCO,PICK-UP,Liviana,COMODATO,COMODATO,"AREA DE DEFENSA INTEGRAL ""113 ARAWACO""",NO APLICA,,,,
16319,SIN PLACAS,8ZCEC14T21V308456,CHEVROLET,CHEYENNE,BLANCO,PICK-UP,Liviana,A DESINCORPORAR,FUERA DE SERVICIO,SERVICIOS LOGISTICOS,TRANSPORTE TERRESTRE,,,,
16324,67SMAP,8ZCEC14TX1V309760,CHEVROLET,CHEYENNE,BLANCO,PICK-UP,Liviana,A DESINCORPORAR,FUERA DE SERVICIO,COORDINACION OPERACIONAL,TRANSPORTE TERRESTRE,,,,
16348,SIN PLACAS,8ZCEC14T91V305604,CHEVROLET,CHEYENNE,BLANCO,PICK-UP,Liviana,A DESINCORPORAR,FUERA DE SERVICIO,SEGURIDAD INTEGRAL (DSI),TRANSPORTE TERRESTRE,,,,
16356,26NAAW,8ZCEC14T61V315734,CHEVROLET,CHEYENNE,BLANCO,PICK-UP,Liviana,A DESINCORPORAR,LOTE DE DENUNCIADAS DESINCORPORACION LAGUNILLAS,SEGURIDAD INTEGRAL (DSI),TRANSPORTE TERRESTRE,,,,
16358,SIN PLACAS,8ZCEC14T71V315886,CHEVROLET,CHEYENNE,BLANCO,PICK-UP,Liviana,EN ESPERA POR REMOLQUE,POR CERTIFICAR FALLA,FUERZA AEREA NACIONAL,RONAL SUAREZ,,,,
16361,SIN PLACAS,8ZCEC14T21V315701,CHEVROLET,CHEYENNE,BLANCO,PICK-UP,Liviana,A DESINCORPORAR,RECUPERADA DE PLANTA ELECTRICA LAS MOROCHAS,SERVICIOS ELECTRICOS,TRANSPORTE TERRESTRE,,,,
16373,SIN PLACAS,8ZCEC14T41V316218,CHEVROLET,CHEYENNE,BLANCO,PICK-UP,Liviana,A DESINCORPORAR,FUERA DE SERVICIO,SEGURIDAD INDUSTRIAL E HIGIENE OCUPACIONAL,TRANSPORTE TERRESTRE,,,,
16374,SIN PLACAS,8ZCEC14T21V316301,CHEVROLET,CHEYENNE,BLANCO,PICK-UP,Liviana,A DESINCORPORAR,FUERA DE SERVICIO,TRANSPORTE TERRESTRE,TRANSPORTE TERRESTRE,,,,
16378,SIN PLACAS,8ZCEC14T11V309551,CHEVROLET,CHEYENNE,BLANCO,PICK-UP,Liviana,EN PROCESO DE DESINCORPORACION,RECUPERADA DE PUERTO MIRANDA,SEGURIDAD INDUSTRIAL E HIGIENE OCUPACIONAL,TRANSPORTE TERRESTRE,,,,
16380,SIN PLACAS,8ZCEC14T11V316239,CHEVROLET,CHEYENNE,BLANCO,PICK-UP,Liviana,A DESINCORPORAR,FUERA DE SERVICIO,SERVICIOS LOGISTICOS,TRANSPORTE TERRESTRE,,,,
16385,SIN PLACAS,8ZCEC14T41V316252,CHEVROLET,CHEYENNE,BLANCO,PICK-UP,Liviana,EN PROCESO DE DESINCORPORACION,FUERA DE SERVICIO,SERVICIOS LOGISTICOS,TRANSPORTE TERRESTRE,,,,
16386,SIN PLACAS,8ZCEC14T71V316276,CHEVROLET,CHEYENNE,BLANCO,PICK-UP,Liviana,EN PROCESO DE DESINCORPORACION,FUERA DE SERVICIO,GOIP,TRANSPORTE TERRESTRE,,,,
16390,SIN PLACAS,8ZCEC14T21V316671,CHEVROLET,CHEYENNE,BLANCO,PICK-UP,Liviana,A DESINCORPORAR,"DENUNCIADA ANTE EL MP, OFICIO FECHA:10-01-2018, N° GNB-CONAS-GAES-ZULIA-SECC-COL:0005",SEGURIDAD INTEGRAL (DSI),TRANSPORTE TERRESTRE,,,,
16401,51MDAM,8ZCEC14TX2V307959,CHEVROLET,CHEYENNE,BLANCO,PICK-UP,Liviana,A DESINCORPORAR,FUERA DE SERVICIO,COORDINACION OPERACIONAL,TRANSPORTE TERRESTRE,,,,
16409,71MDAM,8ZCEC14T02V307985,CHEVROLET,CHEYENNE,BLANCO,PICK-UP,Liviana,A DESINCORPORAR,FUERA DE SERVICIO,SERVICIOS LOGISTICOS,TRANSPORTE TERRESTRE,,,,
16414,53MDAM,8ZCEC14T82V307958,CHEVROLET,CHEYENNE,BLANCO,PICK-UP,Liviana,INOPERATIVA,PARADA POR FALLA,MPETROLEO,GIANCARLO MORÁN,,,,
16415,54MDAM,8ZCEC14T32V307950,CHEVROLET,CHEYENNE,BLANCO,PICK-UP,Liviana,EN PROCESO DE DESINCORPORACION,FUERA DE SERVICIO,TRANSPORTE TERRESTRE,TRANSPORTE TERRESTRE,,,,
16419,61MDAM,8ZCEC14T42V308119,CHEVROLET,CHEYENNE,BLANCO,PICK-UP,Liviana,A DESINCORPORAR,FUERA DE SERVICIO,AIT,TRANSPORTE TERRESTRE,,,,
16432,94KDAM,8ZCEC14T42V309240,CHEVROLET,CHEYENNE,BLANCO,PICK-UP,Liviana,A DESINCORPORAR,FUERA DE SERVICIO,SERVICIOS LOGISTICOS,TRANSPORTE TERRESTRE,,,,
16433,65KDAM,8ZCEC14T12V309051,CHEVROLET,CHEYENNE,BLANCO,PICK-UP,Liviana,A DESINCORPORAR,FUERA DE SERVICIO,SERVICIOS LOGISTICOS,TRANSPORTE TERRESTRE,,,,
16439,91SDAM,8ZCEC14T22V306689,CHEVROLET,CHEYENNE,BLANCO,PICK-UP,Liviana,A DESINCORPORAR,FUERA DE SERVICIO,SERVICIOS ELECTRICOS,TRANSPORTE TERRESTRE,,,,
16443,70SDAM,8ZCEC14T32V306801,CHEVROLET,CHEYENNE,BLANCO,PICK-UP,Liviana,EN ESPERA POR REMOLQUE,POR CERTIFICAR FALLA,SEGURIDAD INTEGRAL (DSI),LEONARDO SANCHES,,,,
16447,40KDAM,8ZCEC14T82V308107,CHEVROLET,CHEYENNE,BLANCO,PICK-UP,Liviana,EN PROCESO DE DESINCORPORACION,FUERA DE SERVICIO,AIT,TRANSPORTE TERRESTRE,,,,
16451,76KDAM,8ZCEC14T12V309079,CHEVROLET,CHEYENNE,BLANCO,PICK-UP,Liviana,A DESINCORPORAR,FUERA DE SERVICIO,SEGURIDAD INTEGRAL (DSI),TRANSPORTE TERRESTRE,,,,
16453,47KDAM,8ZCEC14T72V308891,CHEVROLET,CHEYENNE,BLANCO,PICK-UP,Liviana,EN PROCESO DE DESINCORPORACION,FUERA DE SERVICIO,AIT,TRANSPORTE TERRESTRE,,,,
16465,23GDAM,8ZCEC14T52V308033,CHEVROLET,CHEYENNE,BLANCO,PICK-UP,Liviana,A DESINCORPORAR,FUERA DE SERVICIO,SERVICIOS LOGISTICOS,TRANSPORTE TERRESTRE,,,,
16467,50KDAM,8ZCEC14TX2V308979,CHEVROLET,CHEYENNE,BLANCO,PICK-UP,Liviana,A DESINCORPORAR,FUERA DE SERVICIO,SERVICIOS LOGISTICOS,TRANSPORTE TERRESTRE,,,,
16470,96KDAM,8ZCEC14T62V309241,CHEVROLET,CHEYENNE,BLANCO,PICK-UP,Liviana,EN PROCESO DE DESINCORPORACION,FUERA DE SERVICIO,GOIP,TRANSPORTE TERRESTRE,,,,
16485,79KDAM,8ZCEC14T22V309186,CHEVROLET,CHEYENNE,BLANCO,PICK-UP,Liviana,A DESINCORPORAR,FUERA DE SERVICIO,GERENCIA REGIONAL DE VIVIENDA,TRANSPORTE TERRESTRE,,,,
16493,74KDAM,8ZCEC14T82V309032,CHEVROLET,CHEYENNE,BLANCO,PICK-UP,Liviana,A DESINCORPORAR,FUERA DE SERVICIO,COORDINACION OPERACIONAL,TRANSPORTE TERRESTRE,,,,
16500,18LDAM,8ZCEC14T92V306592,CHEVROLET,CHEYENNE,BLANCO,PICK-UP,Liviana,EN PROCESO DE DESINCORPORACION,FUERA DE SERVICIO,COORDINACION OPERACIONAL,TRANSPORTE TERRESTRE,,,,
16503,38LDAM,8ZCEC14T62V309661,CHEVROLET,CHEYENNE,BLANCO,PICK-UP,Liviana,A DESINCORPORAR,FUERA DE SERVICIO,COORDINACION OPERACIONAL,TRANSPORTE TERRESTRE,,,,
16504,37LDAM,8ZCEC14T12V309650,CHEVROLET,CHEYENNE,BLANCO,PICK-UP,Liviana,A DESINCORPORAR,FUERA DE SERVICIO,GOIP,TRANSPORTE TERRESTRE,,,,
16506,84KDAM,8ZCEC14T82V309290,CHEVROLET,CHEYENNE,BLANCO,PICK-UP,Liviana,A DESINCORPORAR,FUERA DE SERVICIO,SEGURIDAD INTEGRAL (DSI),TRANSPORTE TERRESTRE,,,,
16507,81KDAM,8ZCEC14T62V309207,CHEVROLET,CHEYENNE,BLANCO,PICK-UP,Liviana,A DESINCORPORAR,FUERA DE SERVICIO,SEGURIDAD INDUSTRIAL E HIGIENE OCUPACIONAL,TRANSPORTE TERRESTRE,,,,
16520,95UDAN,8ZCEC14TX2V310263,CHEVROLET,CHEYENNE,BLANCO,PICK-UP,Liviana,A DESINCORPORAR,FUERA DE SERVICIO,AIT,TRANSPORTE TERRESTRE,,,,
16521,89UDAN,8ZCEC14T82V310116,CHEVROLET,CHEYENNE,BLANCO,PICK-UP,Liviana,A DESINCORPORAR,FUERA DE SERVICIO,COORDINACION OPERACIONAL,TRANSPORTE TERRESTRE,,,,
16522,73LDAM,8ZCEC14T92V310058,CHEVROLET,CHEYENNE,BLANCO,PICK-UP,Liviana,A DESINCORPORAR,FUERA DE SERVICIO,TRANSPORTE TERRESTRE,TRANSPORTE TERRESTRE,,,,
16523,69LDAM,8ZCEC14T22V310032,CHEVROLET,CHEYENNE,BLANCO,PICK-UP,Liviana,A DESINCORPORAR,FUERA DE SERVICIO,SEGURIDAD INTEGRAL (DSI),TRANSPORTE TERRESTRE,,,,
16536,01VDAN,8ZCEC14T22V310354,CHEVROLET,CHEYENNE,BLANCO,PICK-UP,Liviana,A DESINCORPORAR,FUERA DE SERVICIO,AIT,TRANSPORTE TERRESTRE,,,,
16547,74LDAM,8ZCEC14T32V308337,CHEVROLET,CHEYENNE,BLANCO,PICK-UP,Liviana,EN ESPERA POR REMOLQUE,POR CERTIFICAR FALLA,SEGURIDAD INTEGRAL (DSI),LUIS GONZALEZ,,,,
16552,85UDAN,8ZCEC14T32V310055,CHEVROLET,CHEYENNE,BLANCO,PICK-UP,Liviana,A DESINCORPORAR,FUERA DE SERVICIO,COORDINACION OPERACIONAL,TRANSPORTE TERRESTRE,,,,
16563,48LDAM,8ZCEC14T52V309702,CHEVROLET,CHEYENNE,BLANCO,PICK-UP,Liviana,A DESINCORPORAR,FUERA DE SERVICIO,ASUNTOS PUBLICOS,TRANSPORTE TERRESTRE,,,,
16572,SIN PLACAS,8ZCEC14T32V310461,CHEVROLET,CHEYENNE,BLANCO,PICK-UP,Liviana,A DESINCORPORAR,FUERA DE SERVICIO,TRANSPORTE TERRESTRE,TRANSPORTE TERRESTRE,,,,
16581,11VDAN,8ZCEC14T22V310452,CHEVROLET,CHEYENNE,BLANCO,PICK-UP,Liviana,A DESINCORPORAR,FUERA DE SERVICIO,COORDINACION OPERACIONAL,TRANSPORTE TERRESTRE,,,,
16582,27VDAN,8ZCEC14T12V310541,CHEVROLET,CHEYENNE,BLANCO,PICK-UP,Liviana,INOPERATIVA,PARADA POR FALLA,TRANSPORTE TERRESTRE,FREDDY RODRIGUEZ,,,,
16583,12VDAN,8ZCEC14T52V310445,CHEVROLET,CHEYENNE,BLANCO,PICK-UP,Liviana,A DESINCORPORAR,FUERA DE SERVICIO,COORDINACION OPERACIONAL,TRANSPORTE TERRESTRE,,,,
16585,28VDAN,8ZCEC14T82V310519,CHEVROLET,CHEYENNE,BLANCO,PICK-UP,Liviana,DESINCORPORADO,FUERA DE SERVICIO,SEGURIDAD INTEGRAL (DSI),TRANSPORTE TERRESTRE,,,,
16586,16VDAN,8ZCEC14T42V310467,CHEVROLET,CHEYENNE,BLANCO,PICK-UP,Liviana,A DESINCORPORAR,LOTE DE DENUNCIADAS DESINCORPORACION LAGUNILLAS,SERVICIOS LOGISTICOS,TRANSPORTE TERRESTRE,,,,
16590,31VDAN,8ZCEC14T02V310126,CHEVROLET,CHEYENNE,BLANCO,PICK-UP,Liviana,A DESINCORPORAR,FUERA DE SERVICIO,SEGURIDAD INDUSTRIAL E HIGIENE OCUPACIONAL,TRANSPORTE TERRESTRE,,,,
16607,71XVAT,8ZCEC14T05V307585,CHEVROLET,CHEYENNE,BLANCO,PICK-UP,Liviana,A DESINCORPORAR,FUERA DE SERVICIO,COORDINACION OPERACIONAL,TRANSPORTE TERRESTRE,,,,
16622,42ZVAT,8ZCEC14T15V311502,CHEVROLET,CHEYENNE,BLANCO,PICK-UP,Liviana,A DESINCORPORAR,FUERA DE SERVICIO,GERENCIA REGIONAL DE VIVIENDA,TRANSPORTE TERRESTRE,,,,
16636,58ZVAT,8ZCEC14T35V311873,CHEVROLET,CHEYENNE,BLANCO,PICK-UP,Liviana,EN PROCESO DE DESINCORPORACION,FUERA DE SERVICIO,COORDINACION OPERACIONAL,TRANSPORTE TERRESTRE,,,,
16639,64CGAX,8ZCEC14T75V312069,CHEVROLET,CHEYENNE,BLANCO,PICK-UP,Liviana,A DESINCORPORAR,FUERA DE SERVICIO,SEGURIDAD INTEGRAL (DSI),TRANSPORTE TERRESTRE,,,,
16642,68CGAX,8ZCEC14T15V312083,CHEVROLET,CHEYENNE,BLANCO,PICK-UP,Liviana,A DESINCORPORAR,FUERA DE SERVICIO,SERVICIOS ELECTRICOS,TRANSPORTE TERRESTRE,,,,
16653,56IABI,8ZCEC14T35V313218,CHEVROLET,CHEYENNE,BLANCO,PICK-UP,Liviana,A DESINCORPORAR,FUERA DE SERVICIO,COORDINACION OPERACIONAL,TRANSPORTE TERRESTRE,,,,
16654,48IABI,8ZCEC14T95V313031,CHEVROLET,CHEYENNE,BLANCO,PICK-UP,Liviana,A DESINCORPORAR,FUERA DE SERVICIO,COORDINACION OPERACIONAL,TRANSPORTE TERRESTRE,,,,
16655,49IABI,8ZCEC14T05V313032,CHEVROLET,CHEYENNE,BLANCO,PICK-UP,Liviana,EN PROCESO DE DESINCORPORACION,FUERA DE SERVICIO,TRANSPORTE TERRESTRE,TRANSPORTE TERRESTRE,,,,
16656,65IABI,8ZCEC14T15V314268,CHEVROLET,CHEYENNE,BLANCO,PICK-UP,Liviana,A DESINCORPORAR,FUERA DE SERVICIO,COORDINACION OPERACIONAL,TRANSPORTE TERRESTRE,,,,
16657,93IABI,8ZCEC14T75V314274,CHEVROLET,CHEYENNE,BLANCO,PICK-UP,Liviana,A DESINCORPORAR,FUERA DE SERVICIO,COORDINACION OPERACIONAL,TRANSPORTE TERRESTRE,,,,
16659,70IABI,8ZCEC14T45V312904,CHEVROLET,CHEYENNE,BLANCO,PICK-UP,Liviana,A DESINCORPORAR,FUERA DE SERVICIO,COORDINACION OPERACIONAL,TRANSPORTE TERRESTRE,,,,
16669,64IABI,8ZCEC14T45V314197,CHEVROLET,CHEYENNE,BLANCO,PICK-UP,Liviana,A DESINCORPORAR,A DESINCORPORAR,SEGURIDAD INTEGRAL (DSI),TRANSPORTE TERRESTRE,,,,
16679,87IABI,8ZCEC14T25V313338,CHEVROLET,CHEYENNE,BLANCO,PICK-UP,Liviana,A DESINCORPORAR,FUERA DE SERVICIO,SERVICIOS LOGISTICOS,TRANSPORTE TERRESTRE,,,,
16683,90IABI,8ZCEC14T05V314228,CHEVROLET,CHEYENNE,BLANCO,PICK-UP,Liviana,COMODATO,POR CERTIFICAR,GOBERNACIÓN DEL ESTADO ZULIA,NO APLICA,,,,
16694,52IABI,8ZCEC14TX5V313068,CHEVROLET,CHEYENNE,BLANCO,PICK-UP,Liviana,EN ESPERA POR REMOLQUE,POR CERTIFICAR FALLA,BARIVEN,FRANCISCO DOMINGUEZ,,,,
16706,02JABI,8ZCEC14T25V314375,CHEVROLET,CHEYENNE,BLANCO,PICK-UP,Liviana,A DESINCORPORAR,DESMANTELADA,SEGURIDAD INTEGRAL (DSI),FRAN MARTINEZ,,,,
16749,44JABI,8ZCEC14T95V314471,CHEVROLET,CHEYENNE,BLANCO,PICK-UP,Liviana,DESINCORPORADO,FUERA DE SERVICIO,COORDINACION OPERACIONAL,TRANSPORTE TERRESTRE,,,,
16752,53EGAX,8ZCEC14T45V318881,CHEVROLET,CHEYENNE,BLANCO,PICK-UP,Liviana,EN PROCESO DE DESINCORPORACION,FUERA DE SERVICIO,COORDINACION OPERACIONAL,TRANSPORTE TERRESTRE,,,,
16753,39JABI,8ZCEC14T85V313294,CHEVROLET,CHEYENNE,BLANCO,PICK-UP,Liviana,A DESINCORPORAR,FUERA DE SERVICIO,COORDINACION OPERACIONAL,TRANSPORTE TERRESTRE,,,,
16756,38EGAX,8ZCEC14T75V318728,CHEVROLET,CHEYENNE,BLANCO,PICK-UP,Liviana,DESINCORPORADO,FUERA DE SERVICIO,GOIP,TRANSPORTE TERRESTRE,,,,
16772,61JABI,8ZCEC14T95V314714,CHEVROLET,CHEYENNE,BLANCO,PICK-UP,Liviana,INOPERATIVA,PARADA POR FALLA,MPETROLEO,FRANCISCO ALVARADO,,,,
16773,48JABI,8ZCEC14T45V314541,CHEVROLET,CHEYENNE,BLANCO,PICK-UP,Liviana,INOPERATIVA,PARADA POR FALLA,MPETROLEO,FIDEL SILVA,,,,
16775,64JABI,8ZCEC14T35V315311,CHEVROLET,CHEYENNE,BLANCO,PICK-UP,Liviana,INOPERATIVA,PARADA POR FALLA,MPETROLEO,DOUYMARIS RODRIGUEZ,,,,
16777,45JABI,8ZCEC14T75V314498,CHEVROLET,CHEYENNE,BLANCO,PICK-UP,Liviana,OPERATIVA,OPERATIVA,MPETROLEO,EFREN GONZALEZ,,,,
16778,58JABI,8ZCEC14TX5V314673,CHEVROLET,CHEYENNE,BLANCO,PICK-UP,Liviana,INOPERATIVA,PARADA POR FALLA,MPETROLEO,ALEXANDER HERNANDEZ,,,,
16792,02ICAD,8ZCEC14T17V315665,CHEVROLET,CHEYENNE,BLANCO,PICK-UP,Liviana,A DESINCORPORAR,FUERA DE SERVICIO,COORDINACION OPERACIONAL,TRANSPORTE TERRESTRE,,,,
16811,31XABN,3GCEC14T27G191143,CHEVROLET,CHEYENNE,BLANCO,PICK-UP,Liviana,A DESINCORPORAR,FUERA DE SERVICIO,GERENCIA REGIONAL DE VIVIENDA,TRANSPORTE TERRESTRE,,,,
16812,32XABN,3GCEC14T57G193212,CHEVROLET,CHEYENNE,BLANCO,PICK-UP,Liviana,A DESINCORPORAR,FUERA DE SERVICIO,MPETROLEO,TRANSPORTE TERRESTRE,,,,
16837,A98AA3G,8ZCEC14J18V318632,CHEVROLET,SILVERADO,BLANCO,PICK-UP,Liviana,EN PROCESO DE DESINCORPORACION,FUERA DE SERVICIO,GERENCIA GENERAL DEPOCC,TRANSPORTE TERRESTRE,,,,
16840,A24AB9G,8ZCEC14J88V318627,CHEVROLET,SILVERADO,BLANCO,PICK-UP,Liviana,COMODATO,COMODATO,ALCALDIA DE SAN FRANCISCO,NO APLICA,,,,
16841,A98AA6G,8ZCEC14J68V320294,CHEVROLET,SILVERADO,BLANCO,PICK-UP,Liviana,A DESINCORPORAR,LOTE DE DENUNCIADAS DESINCORPORACION LAGUNILLAS,SEGURIDAD INTEGRAL (DSI),TRANSPORTE TERRESTRE,,,,
CAH-38I,SIN PLACAS,POR CERTIFICAR,FORD,SPORT-WAGON,BLANCO,PICK-UP,Liviana,A DESINCORPORAR,FUERA DE SERVICIO,GERENCIA REGIONAL DE VIVIENDA,TRANSPORTE TERRESTRE,,,,
16849,A35AB8G,8ZCEC14J28V321555,CHEVROLET,SILVERADO,BLANCO,PICK-UP,Liviana,EN PROCESO DE DESINCORPORACION,FUERA DE SERVICIO,SEGURIDAD INTEGRAL (DSI),TRANSPORTE TERRESTRE,,,,
16861,A97AJ2G,8ZCEC14J48V335022,CHEVROLET,SILVERADO,BLANCO,PICK-UP,Liviana,A DESINCORPORAR,FUERA DE SERVICIO,TRANSPORTE TERRESTRE,TRANSPORTE TERRESTRE,,,,
21006,66AMBB,8YTRF172258A39925,FORD,F-150,BLANCO,PICK-UP,Liviana,A DESINCORPORAR,FUERA DE SERVICIO,TRANSPORTE TERRESTRE,TRANSPORTE TERRESTRE,,,,
21007,68AMBB,8YTRF172558A39918,FORD,F-150,BLANCO,PICK-UP,Liviana,EN PROCESO DE DESINCORPORACION,FUERA DE SERVICIO,TRANSPORTE TERRESTRE,TRANSPORTE TERRESTRE,,,,
21008,69A-MBB,8YTRF172758A39922,FORD,F-150,BLANCO,PICK-UP,Liviana,EN PROCESO DE DESINCORPORACION,FUERA DE SERVICIO,SEGURIDAD INTEGRAL (DSI),TRANSPORTE TERRESTRE,,,,
21009,70AMBB,8YTRF172558A39921,FORD,F-150,BLANCO,PICK-UP,Liviana,OPERATIVA,OPERATIVA,SEGURIDAD INTEGRAL (DSI),JOSE UMBRIA,,,,
21010,71M-KAM,8YTRF172358A39920,FORD,F-150,BLANCO,PICK-UP,Liviana,A DESINCORPORAR,FUERA DE SERVICIO,SEGURIDAD INTEGRAL (DSI),TRANSPORTE TERRESTRE,,,,
21016,66MKAM,8YTRF172258A39889,FORD,F-150,BLANCO,PICK-UP,Liviana,EN PROCESO DE DESINCORPORACION,FUERA DE SERVICIO,TRANSPORTE TERRESTRE,TRANSPORTE TERRESTRE,,,,
21018,77AMBB,8YTRF172258A39939,FORD,F-150,BLANCO,PICK-UP,Liviana,EN PROCESO DE DESINCORPORACION,FUERA DE SERVICIO,TRANSPORTE TERRESTRE,TRANSPORTE TERRESTRE,,,,
21021,54AMBB,8YTRF172058A41740,FORD,F-150,BLANCO,PICK-UP,Liviana,A DESINCORPORAR,FUERA DE SERVICIO,SEGURIDAD INTEGRAL (DSI),TRANSPORTE TERRESTRE,,,,
21026,51NSAJ,8YTRF172758A38804,FORD,F-150,BLANCO,PICK-UP,Liviana,A DESINCORPORAR,FUERA DE SERVICIO,SEGURIDAD INTEGRAL (DSI),TRANSPORTE TERRESTRE,,,,
21030,05R-JAE,8YTRF172958A37752,FORD,F-150,BLANCO,PICK-UP,Liviana,EN PROCESO DE DESINCORPORACION,FUERA DE SERVICIO,SEGURIDAD INTEGRAL (DSI),TRANSPORTE TERRESTRE,,,,
21033,73AMBB,8YTRF172958A39937,FORD,F-150,BLANCO,PICK-UP,Liviana,EN ESPERA POR REMOLQUE,POR CERTIFICAR FALLA,SEGURIDAD INTEGRAL (DSI),ANTONIO MACHADO,,,,
21035,57AMBB,8YTRF172058A41737,FORD,F-150,BLANCO,PICK-UP,Liviana,A DESINCORPORAR,FUERA DE SERVICIO,SEGURIDAD INTEGRAL (DSI),JOSE UMBRIA,,,,
21041,61WMAX,8YTRF172958A39906,FORD,F-150,BLANCO,PICK-UP,Liviana,A DESINCORPORAR,FUERA DE SERVICIO,SEGURIDAD INTEGRAL (DSI),TRANSPORTE TERRESTRE,,,,
21044,81MKAM,8YTRF172958A41736,FORD,F-150,BLANCO,PICK-UP,Liviana,A DESINCORPORAR,FUERA DE SERVICIO,SEGURIDAD INTEGRAL (DSI),TRANSPORTE TERRESTRE,,,,
21047,00NKAM,8YTRF172058A39907,FORD,F-150,BLANCO,PICK-UP,Liviana,A DESINCORPORAR,FUERA DE SERVICIO,SEGURIDAD INTEGRAL (DSI),TRANSPORTE TERRESTRE,,,,
21049,05NKAM,8YTRF172858A39928,FORD,F-150,BLANCO,PICK-UP,Liviana,EN PROCESO DE DESINCORPORACION,FUERA DE SERVICIO,SEGURIDAD INTEGRAL (DSI),TRANSPORTE TERRESTRE,,,,
21052,06NKAM,8YTRF172X58A39901,FORD,F-150,BLANCO,PICK-UP,Liviana,EN PROCESO DE DESINCORPORACION,FUERA DE SERVICIO,SEGURIDAD INTEGRAL (DSI),TRANSPORTE TERRESTRE,,,,
21054,56NKAM,8YTRF172X58A43334,FORD,F-150,BLANCO,PICK-UP,Liviana,A DESINCORPORAR,FUERA DE SERVICIO,SEGURIDAD INTEGRAL (DSI),TRANSPORTE TERRESTRE,,,,
21055,89NKAM,8YTRF172158A43335,FORD,F-150,BLANCO,PICK-UP,Liviana,A DESINCORPORAR,FUERA DE SERVICIO,SEGURIDAD INTEGRAL (DSI),TRANSPORTE TERRESTRE,,,,
21057,95NKAM,8YTRF172858A43316,FORD,F-150,BLANCO,PICK-UP,Liviana,A DESINCORPORAR,FUERA DE SERVICIO,SEGURIDAD INTEGRAL (DSI),TRANSPORTE TERRESTRE,,,,
21058,58NKAN,8YTRF172458A43331,FORD,F-150,BLANCO,PICK-UP,Liviana,A DESINCORPORAR,FUERA DE SERVICIO,SEGURIDAD INTEGRAL (DSI),TRANSPORTE TERRESTRE,,,,
21060,54NKAN,8YTRF172858A43333,FORD,F-150,BLANCO,PICK-UP,Liviana,A DESINCORPORAR,FUERA DE SERVICIO,GERENCIA REGIONAL DE VIVIENDA,TRANSPORTE TERRESTRE,,,,
21061,75NKAM,8YTRF172458A43345,FORD,F-150,BLANCO,PICK-UP,Liviana,EN PROCESO DE DESINCORPORACION,FUERA DE SERVICIO,SEGURIDAD INTEGRAL (DSI),TRANSPORTE TERRESTRE,,,,
21062,55NKAM,8YTRF1721158A433321,FORD,F-150,BLANCO,PICK-UP,Liviana,A DESINCORPORAR,FUERA DE SERVICIO,SEGURIDAD INTEGRAL (DSI),TRANSPORTE TERRESTRE,,,,
21063,79NKAM,8YTRF172758A433110,FORD,F-150,BLANCO,PICK-UP,Liviana,A DESINCORPORAR,FUERA DE SERVICIO,SEGURIDAD INTEGRAL (DSI),TRANSPORTE TERRESTRE,,,,
21064,92NKAM,8YTRF172458A43314,FORD,F-150,BLANCO,PICK-UP,Liviana,A DESINCORPORAR,FUERA DE SERVICIO,SEGURIDAD INTEGRAL (DSI),TRANSPORTE TERRESTRE,,,,
21065,93NKAM,8YTRF172258A43313,FORD,F-150,BLANCO,PICK-UP,Liviana,EN PROCESO DE DESINCORPORACION,FUERA DE SERVICIO,SEGURIDAD INTEGRAL (DSI),TRANSPORTE TERRESTRE,,,,
21066,77NKAM,8YTRF172958A43339,FORD,F-150,BLANCO,PICK-UP,Liviana,EN PROCESO DE DESINCORPORACION,FUERA DE SERVICIO,SEGURIDAD INTEGRAL (DSI),TRANSPORTE TERRESTRE,,,,
21068,78NKAN,8YTRF172558A43323,FORD,F-150,BLANCO,PICK-UP,Liviana,EN ESPERA POR REMOLQUE,POR CERTIFICAR FALLA,SEGURIDAD INTEGRAL (DSI),KELVIN GRANGE,,,,
21069,81NKAN,8YTRF172058A43326,FORD,F-150,BLANCO,PICK-UP,Liviana,A DESINCORPORAR,FUERA DE SERVICIO,SEGURIDAD INTEGRAL (DSI),MIRCO MORON,,,,
21072,08OKAM,8YTRF172858A43350,FORD,F-150,BLANCO,PICK-UP,Liviana,A DESINCORPORAR,FUERA DE SERVICIO,GERENCIA REGIONAL DE VIVIENDA,TRANSPORTE TERRESTRE,,,,
21077,67HKAP,3FTRF17W97MA05730,FORD,F-150,BLANCO,PICK-UP,Liviana,A DESINCORPORAR,FUERA DE SERVICIO,SEGURIDAD INTEGRAL (DSI),TRANSPORTE TERRESTRE,,,,
23M-VAC,SIN PLACAS,POR CERTIFICAR,FORD,F-150,BLANCO,PICK-UP,Liviana,A DESINCORPORAR,FUERA DE SERVICIO,GERENCIA REGIONAL DE VIVIENDA,TRANSPORTE TERRESTRE,,,,
21088,70HKAP,3FTRF17W67MA05748,FORD,F-150,BLANCO,PICK-UP,Liviana,A DESINCORPORAR,FUERA DE SERVICIO,SERVICIOS LOGISTICOS,AMAYA VICTOR,,,,
16428,50MDAM,8ZCEC14T92V308018,CHEVROLET,CHEYENNE,BLANCO,PICK-UP,Liviana,A DESINCORPORAR,A DESINCORPORAR,SERVICIOS LOGISTICOS,TRANSPORTE TERRESTRE,,,,
21100,15DNAH,3FTRF17W77MA19612,FORD,F-150,BLANCO,PICK-UP,Liviana,A DESINCORPORAR,FUERA DE SERVICIO,AIT,TRANSPORTE TERRESTRE,,,,
16444,73KDAM,8ZCEC14T52V308999,CHEVROLET,CHEYENNE,BLANCO,PICK-UP,Liviana,A DESINCORPORAR,FUERA DE SERVICIO,SERVICIOS LOGISTICOS,ROBERT RIVERA,,,,
21121,00GKAR,3FTRF17W87MA17349,FORD,F-150,BLANCO,PICK-UP,Liviana,A DESINCORPORAR,FUERA DE SERVICIO,MPETROLEO,TRANSPORTE TERRESTRE,,,,
21130,80RNAH,3FTRF17W87MA23930,FORD,F-150,BLANCO,PICK-UP,Liviana,A DESINCORPORAR,FUERA DE SERVICIO,TRANSPORTE TERRESTRE,TRANSPORTE TERRESTRE,,,,
21132,81RNAH,3FTRF1W17MA23929,FORD,F-150,BLANCO,PICK-UP,Liviana,A DESINCORPORAR,FUERA DE SERVICIO,SEGURIDAD INDUSTRIAL E HIGIENE OCUPACIONAL,TRANSPORTE TERRESTRE,,,,
21137,02WLAH,3FTRF17WX7MA25386,FORD,F-150,BLANCO,PICK-UP,Liviana,A DESINCORPORAR,FUERA DE SERVICIO,AIT,TRANSPORTE TERRESTRE,,,,
21140,82SNAH,3FTRF17W87MA25242,FORD,F-150,BLANCO,PICK-UP,Liviana,A DESINCORPORAR,FUERA DE SERVICIO,SEGURIDAD INTEGRAL (DSI),TRANSPORTE TERRESTRE,,,,
21141,80SNAH,3FTRF17W57MA25246,FORD,F-150,BLANCO,PICK-UP,Liviana,A DESINCORPORAR,FUERA DE SERVICIO,SEGURIDAD INTEGRAL (DSI),TRANSPORTE TERRESTRE,,,,
21143,33ZLAH,3FTRF17W17MA25437,FORD,F-150,BLANCO,PICK-UP,Liviana,A DESINCORPORAR,FUERA DE SERVICIO,SEGURIDAD INTEGRAL (DSI),TRANSPORTE TERRESTRE,,,,
21147,04TNAH,3FTRF17W77MA25412,FORD,F-150,BLANCO,PICK-UP,Liviana,A DESINCORPORAR,FUERA DE SERVICIO,TRANSPORTE TERRESTRE,TRANSPORTE TERRESTRE,,,,
21151,45VLAH,3FTRF17W87MA25354,FORD,F-150,BLANCO,PICK-UP,Liviana,A DESINCORPORAR,FUERA DE SERVICIO,SERVICIOS ELECTRICOS,TRANSPORTE TERRESTRE,,,,
21152,13VNAH,3FTRF117W77MA25278,FORD,F-150,BLANCO,PICK-UP,Liviana,A DESINCORPORAR,FUERA DE SERVICIO,GERENCIA REGIONAL DE VIVIENDA,TRANSPORTE TERRESTRE,,,,
21159,21TNAH,3FTRF17W1MA25440,FORD,F-150,BLANCO,PICK-UP,Liviana,A DESINCORPORAR,FUERA DE SERVICIO,GERENCIA REGIONAL DE VIVIENDA,TRANSPORTE TERRESTRE,,,,
21162,27TNAH,3FTRF17W2MA25365,FORD,F-150,BLANCO,PICK-UP,Liviana,A DESINCORPORAR,FUERA DE SERVICIO,SEGURIDAD INTEGRAL (DSI),TRANSPORTE TERRESTRE,,,,
21164,10TNAH,3FTRF17W57MA25277,FORD,F-150,BLANCO,PICK-UP,Liviana,EN PROCESO DE DESINCORPORACION,FUERA DE SERVICIO,AIT,TRANSPORTE TERRESTRE,,,,
21168,33TNAH,3FTRF17W5MA25327,FORD,F-150,BLANCO,PICK-UP,Liviana,EN ESPERA POR REMOLQUE,POR CERTIFICAR FALLA,SEGURIDAD INDUSTRIAL E HIGIENE OCUPACIONAL,JOSÉ JIMENEZ,,,,
21172,88SNAH,3FTRF17W37MA25259,FORD,F-150,BLANCO,PICK-UP,Liviana,OPERATIVA,OPERATIVA,DIVISIÓN LAGO,JESUS LOPEZ,,,,
21191,39TNAH,3FTRF17W67MA25322,FORD,F-150,BLANCO,PICK-UP,Liviana,A DESINCORPORAR,FUERA DE SERVICIO,SERVICIOS LOGISTICOS,TRANSPORTE TERRESTRE,,,,
21203,17TNAH,3FTRF17W37MA25441,FORD,F-150,BLANCO,PICK-UP,Liviana,COMODATO,COMODATO,ALCALDIA DE SIMON BOLIVAR,NO APLICA,,,,
21207,56FKAR,3FTRF17W37MA25679,FORD,F-150,BLANCO,PICK-UP,Liviana,EN ESPERA POR REMOLQUE,POR CERTIFICAR FALLA,SEGURIDAD INTEGRAL (DSI),DANIEL CORDERO,,,,
21217,88FKAR,3FTRF17W37MA25617,FORD,F-150,BLANCO,PICK-UP,Liviana,A DESINCORPORAR,FUERA DE SERVICIO,COORDINACION OPERACIONAL,TRANSPORTE TERRESTRE,,,,
21238,76SNAH,3FTRF17W87MA25306,FORD,F-150,BLANCO,PICK-UP,Liviana,A DESINCORPORAR,FUERA DE SERVICIO,SEGURIDAD INTEGRAL (DSI),TRANSPORTE TERRESTRE,,,,
21242,23TNAH,3FTRF17W47MA25397,FORD,F-150,BLANCO,PICK-UP,Liviana,A DESINCORPORAR,FUERA DE SERVICIO,BARIVEN,TRANSPORTE TERRESTRE,,,,
21248,35VNAH,3FTRF17W27MA25494,FORD,F-150,BLANCO,PICK-UP,Liviana,A DESINCORPORAR,FUERA DE SERVICIO,GERENCIA REGIONAL DE VIVIENDA,TRANSPORTE TERRESTRE,,,,
21251,17EMBH,3FTRF17W97MA25461,FORD,F-150,BLANCO,PICK-UP,Liviana,EN PROCESO DE DESINCORPORACION,FUERA DE SERVICIO,GOIP,TRANSPORTE TERRESTRE,,,,
21255,57FKAR,3FTRF17W77MA25717,FORD,FORTALEZA,BLANCO,PICK-UP,Liviana,A DESINCORPORAR,FUERA DE SERVICIO,GOIP,TRANSPORTE TERRESTRE,,,,
21262,19EMBH,3FTRF17WX7MA25453,FORD,F-150,BLANCO,PICK-UP,Liviana,A DESINCORPORAR,FUERA DE SERVICIO,SEGURIDAD INDUSTRIAL E HIGIENE OCUPACIONAL,TRANSPORTE TERRESTRE,,,,
21263,13EMBH,3FTRF17W87MA25533,FORD,F-150,BLANCO,PICK-UP,Liviana,A DESINCORPORAR,FUERA DE SERVICIO,SERVICIOS LOGISTICOS,TRANSPORTE TERRESTRE,,,,
21518,TAL04F,8XA21UJ7258001451,TOYOTA,LAND CRUISER,BLANCO,PICK-UP,Liviana,A DESINCORPORAR,FUERA DE SERVICIO,SEGURIDAD INTEGRAL (DSI),TRANSPORTE TERRESTRE,,,,
21606,32SVAV,JN1CNUD227X461386,NISSAN,FRONTIER,BLANCO,PICK-UP,Liviana,A DESINCORPORAR,FUERA DE SERVICIO,SEGURIDAD INTEGRAL (DSI),TRANSPORTE TERRESTRE,,,,
21607,40SVAV,JN1CNUD227X461408,NISSAN,DOBLE CABINA,BLANCO,PICK-UP,Liviana,A DESINCORPORAR,FUERA DE SERVICIO,COORDINACION OPERACIONAL,TRANSPORTE TERRESTRE,,,,
21608,40UVAV,JN1CNUD227X461410,NISSAN,FRONTIER,BLANCO,PICK-UP,Liviana,A DESINCORPORAR,FUERA DE SERVICIO,COORDINACION OPERACIONAL,TRANSPORTE TERRESTRE,,,,
21614,43UVAV,JN1CNUD227X461382,NISSAN,DOBLE CABINA,BLANCO,PICK-UP,Liviana,A DESINCORPORAR,FUERA DE SERVICIO,SEGURIDAD INTEGRAL (DSI),TRANSPORTE TERRESTRE,,,,
21623,34SVAV,JN1CNUD227X461390,NISSAN,DOBLE CABINA,BLANCO,PICK-UP,Liviana,EN ESPERA POR REMOLQUE,POR CERTIFICAR FALLA,SEGURIDAD INTEGRAL (DSI),OSCAR VELASQUEZ,,,,
21626,37UVAV,JN1CCNUD227X461403,NISSAN,FRONTIER,BLANCO,PICK-UP,Liviana,A DESINCORPORAR,FUERA DE SERVICIO,SEGURIDAD INTEGRAL (DSI),TRANSPORTE TERRESTRE,,,,
21627,32UVAV,JN1CNUD227X461407,NISSAN,DOBLE CABINA,BLANCO,PICK-UP,Liviana,A DESINCORPORAR,FUERA DE SERVICIO,COORDINACION OPERACIONAL,TRANSPORTE TERRESTRE,,,,
21631,42SVAV,JN1CNUD227X461413,NISSAN,FRONTIER,BLANCO,PICK-UP,Liviana,EN ESPERA POR REMOLQUE,POR CERTIFICAR FALLA,SEGURIDAD INTEGRAL (DSI),ARNOLDO ACOSTA,,,,
21701,97IVAU,JN1CNUD225A714347,NISSAN,DOBLE CABINA,BLANCO,PICK-UP,Liviana,EN PROCESO DE DESINCORPORACION,FUERA DE SERVICIO,GERENCIA REGIONAL DE VIVIENDA,TRANSPORTE TERRESTRE,,,,
21705,59UVAT,JN1CNUD225A714189,NISSAN,FRONTIER,BLANCO,PICK-UP,Liviana,INOPERATIVA,RECUPERADA DE BASE AEREA (APOYO AEREO),SEGURIDAD INTEGRAL (DSI),JOSMER RAMIREZ,,,,
21712,89UVAT,JN1CNUD225A714336,NISSAN,DOBLE CABINA,BLANCO,PICK-UP,Liviana,OPERATIVA,OPERATIVA,SEGURIDAD INTEGRAL (DSI),ALFREDO HERNANDEZ,,,,
21713,76TVAT,JN1CNUD225A714216,NISSAN,DOBLE CABINA,BLANCO,PICK-UP,Liviana,A DESINCORPORAR,FUERA DE SERVICIO,SERVICIOS ELECTRICOS,TRANSPORTE TERRESTRE,,,,
21716,73TVAT,JN1CNUD225A714213,NISSAN,FRONTIER,BLANCO,PICK-UP,Liviana,A DESINCORPORAR,FUERA DE SERVICIO,COORDINACION OPERACIONAL,TRANSPORTE TERRESTRE,,,,
21721,79TVAT,JN1CNUD225A714220,NISSAN,FRONTIER,BLANCO,PICK-UP,Liviana,A DESINCORPORAR,FUERA DE SERVICIO,GERENCIA REGIONAL DE VIVIENDA,TRANSPORTE TERRESTRE,,,,
21739,92UVAT,JN1CNUD225A714351,NISSAN,DOBLE CABINA,BLANCO,PICK-UP,Liviana,COMODATO,COMODATO,ALCALDIA DE LA GUAJIRA,NO APLICA,,,,
21744,74IVAU,JN1CNUD225A714312,NISSAN,DOBLE CABINA,BLANCO,PICK-UP,Liviana,A DESINCORPORAR,FUERA DE SERVICIO,COORDINACION OPERACIONAL,TRANSPORTE TERRESTRE,,,,
21752,50TVAT,JN1CNUD225A714195,NISSAN,FRONTIER,BLANCO,PICK-UP,Liviana,COMODATO,COMODATO,ALCALDIA DE SAN FRANCISCO,NO APLICA,,,,
21759,79UVAT,JN1CNUD225A714244,NISSAN,FRONTIER,BLANCO,PICK-UP,Liviana,A DESINCORPORAR,FUERA DE SERVICIO,GERENCIA REGIONAL DE VIVIENDA,TRANSPORTE TERRESTRE,,,,
21765,71TVAT,JN1CNUD225A714211,NISSAN,DOBLE CABINA,BLANCO,PICK-UP,Liviana,COMODATO,COMODATO,ALCALDIA DE LA GUAJIRA,NO APLICA,,,,
21780,94IVAU,JN1CNUD225X451298,NISSAN,DOBLE CABINA,BLANCO,PICK-UP,Liviana,COMODATO,COMODATO,ALCALDIA DE SAN FRANCISCO,NO APLICA,,,,
21787,42UVAT,JN1CNUD225X451392,NISSAN,FRONTIER,BLANCO,PICK-UP,Liviana,A DESINCORPORAR,FUERA DE SERVICIO,COORDINACION OPERACIONAL,TRANSPORTE TERRESTRE,,,,
21796,96TVAT,JN1CNUD225A714304,NISSAN,FRONTIER,BLANCO,PICK-UP,Liviana,A DESINCORPORAR,FUERA DE SERVICIO,COORDINACION OPERACIONAL,TRANSPORTE TERRESTRE,,,,
21798,78IVAU,JN1CNUD225X451289,NISSAN,DOBLE CABINA,BLANCO,PICK-UP,Liviana,A DESINCORPORAR,FUERA DE SERVICIO,AIT,TRANSPORTE TERRESTRE,,,,
21803,87JVAU,JN1CNUD225X451322,NISSAN,FRONTIER,BLANCO,PICK-UP,Liviana,A DESINCORPORAR,FUERA DE SERVICIO,COORDINACION OPERACIONAL,TRANSPORTE TERRESTRE,,,,
21808,85UVAT,JN1CNUD225A714225,NISSAN,DOBLE CABINA,BLANCO,PICK-UP,Liviana,COMODATO,COMODATO,ALCALDIA DE LA GUAJIRA,NO APLICA,,,,
21811,94TVAT,JN1CNUD225X451269,NISSAN,FRONTIER,BLANCO,PICK-UP,Liviana,A DESINCORPORAR,FUERA DE SERVICIO,COORDINACION OPERACIONAL,TRANSPORTE TERRESTRE,,,,
21812,91IVAU,JN1CNUD225A714339,NISSAN,FRONTIER,BLANCO,PICK-UP,Liviana,A DESINCORPORAR,FUERA DE SERVICIO,BARIVEN,TRANSPORTE TERRESTRE,,,,
21823,28UVAT,JN1CNUD225X451385,NISSAN,DOBLE CABINA,BLANCO,PICK-UP,Liviana,A DESINCORPORAR,FUERA DE SERVICIO,COORDINACION OPERACIONAL,TRANSPORTE TERRESTRE,,,,
21828,86JVAU,JN1CNUD225X451302,NISSAN,FRONTIER,BLANCO,PICK-UP,Liviana,COMODATO,COMODATO,ALCALDIA DE LA GUAJIRA,NO APLICA,,,,
21829,52UVAT,JN1CNUD225A714175,NISSAN,FRONTIER,BLANCO,PICK-UP,Liviana,A DESINCORPORAR,FUERA DE SERVICIO,COORDINACION OPERACIONAL,TRANSPORTE TERRESTRE,,,,
21832,85IVAU,JN1CNUD225A714322,NISSAN,FRONTIER,BLANCO,PICK-UP,Liviana,A DESINCORPORAR,FUERA DE SERVICIO,COORDINACION OPERACIONAL,TRANSPORTE TERRESTRE,,,,
21833,25UVAT,JN1CNUD225X451286,NISSAN,DOBLE CABINA,BLANCO,PICK-UP,Liviana,INOPERATIVA,PARADA POR FALLA,MPETROLEO,OMAR FONSECA,,,,
21835,54UVAT,JN1CNUD225A714179,NISSAN,FRONTIER,BLANCO,PICK-UP,Liviana,COMODATO,COMODATO,ALCALDIA DE SAN FRANCISCO,NO APLICA,,,,
21836,97UVAT,JN1CNUD225A714178,NISSAN,DOBLE CABINA,BLANCO,PICK-UP,Liviana,INOPERATIVA,PARADA POR FALLA,MPETROLEO,IVAN VERGARA,,,,
21838,95UVAT,JN1CNUD225A714361,NISSAN,DOBLE CABINA,BLANCO,PICK-UP,Liviana,A DESINCORPORAR,FUERA DE SERVICIO,SERVICIOS LOGISTICOS,TRANSPORTE TERRESTRE,,,,
21839,82UVAT,JN1CNUD225A714323,NISSAN,FRONTIER,BLANCO,PICK-UP,Liviana,EN ESPERA POR REMOLQUE,POR CERTIFICAR FALLA,DIRECCION EJECUTIVA DE EXPLORACION Y EEII DE YACIMIENTOS(DEXEIY),JARBIN DIAZ,,,,
21847,78JVAU,JN1CNUD225X451314,NISSAN,FRONTIER,BLANCO,PICK-UP,Liviana,A DESINCORPORAR,FUERA DE SERVICIO,COORDINACION OPERACIONAL,TRANSPORTE TERRESTRE,,,,
21849,62UVAT,JN1CNUD225A714252,NISSAN,FRONTIER,BLANCO,PICK-UP,Liviana,A DESINCORPORAR,FUERA DE SERVICIO,COORDINACION OPERACIONAL,TRANSPORTE TERRESTRE,,,,
21852,34UVAT,JN1CNUD225X451324,NISSAN,FRONTIER,BLANCO,PICK-UP,Liviana,A DESINCORPORAR,FUERA DE SERVICIO,GERENCIA REGIONAL DE VIVIENDA,TRANSPORTE TERRESTRE,,,,
21854,88TVAT,JN1CNUD225A714291,NISSAN,DOBLE CABINA,BLANCO,PICK-UP,Liviana,COMODATO,COMODATO,ALCALDIA DE SIMON BOLIVAR,NO APLICA,,,,
21855,69JVAU,JN1CNUD225X451307,NISSAN,FRONTIER,BLANCO,PICK-UP,Liviana,COMODATO,COMODATO,ALCALDIA DE SAN FRANCISCO,NO APLICA,,,,
21858,97JVAU,JN1CNUD225X451262,NISSAN,DOBLE CABINA,BLANCO,PICK-UP,Liviana,INOPERATIVA,PARADA POR FALLA,MPETROLEO,ALBERTO BETANCOUR,,,,
21871,43UVAT,JN1CNUD225X451351,NISSAN,FRONTIER,BLANCO,PICK-UP,Liviana,A DESINCORPORAR,FUERA DE SERVICIO,DIRECCION EJECUTIVA DE EXPLORACION Y EEII DE YACIMIENTOS(DEXEIY),TRANSPORTE TERRESTRE,,,,
21872,38UVAT,JN1CNUD225X451390,NISSAN,DOBLE CABINA,BLANCO,PICK-UP,Liviana,A DESINCORPORAR,FUERA DE SERVICIO,SERVICIOS LOGISTICOS,TRANSPORTE TERRESTRE,,,,
21873,93UVAT,JN1CNUD225A714248,NISSAN,DOBLE CABINA,BLANCO,PICK-UP,Liviana,A DESINCORPORAR,FUERA DE SERVICIO,SERVICIOS LOGISTICOS,TRANSPORTE TERRESTRE,,,,
21881,66JVAU,JN1CNUD225X451305,NISSAN,FRONTIER,BLANCO,PICK-UP,Liviana,A DESINCORPORAR,RECUPERADA DE PLANTA DE FRACCIONAMIENTO ULE EL 14-5-24,COORDINACION OPERACIONAL,ALEXIS MANZANO,,,,
21885,79JVAU,JN1CNUD225A714375,NISSAN,FRONTIER,BLANCO,PICK-UP,Liviana,A DESINCORPORAR,FUERA DE SERVICIO,COORDINACION OPERACIONAL,TRANSPORTE TERRESTRE,,,,
21888,45UVAT,JN1CNUD225X451353,NISSAN,FRONTIER,BLANCO,PICK-UP,Liviana,COMODATO,COMODATO,ALCALDIA DE LA GUAJIRA,NO APLICA,,,,
2189,36UVAT,JN1CNUD225X451389,NISSAN,FRONTIER,BLANCO,PICK-UP,Liviana,OPERATIVA,OPERATIVA,DIRECCION EJECUTIVA DE EXPLORACION Y EEII DE YACIMIENTOS(DEXEIY),DELMIRO PRIETO,,,,
21906,89ZAAO,ZN1CNUD226A714627,NISSAN,DOBLE CABINA,BLANCO,PICK-UP,Liviana,A DESINCORPORAR,RECUPERADA DE PARADA 28 TIA JUANA,AIT,TRANSPORTE TERRESTRE,,,,
21907,20UVAT,JN1CNUD225X451381,NISSAN,FRONTIER,BLANCO,PICK-UP,Liviana,A DESINCORPORAR,FUERA DE SERVICIO,MPETROLEO,TRANSPORTE TERRESTRE,,,,
21910,73ZAAO,JN1CNUD226A714607,NISSAN,FRONTIER,BLANCO,PICK-UP,Liviana,A DESINCORPORAR,FUERA DE SERVICIO,TRANSPORTE TERRESTRE,TRANSPORTE TERRESTRE,,,,
21913,80ZAAO,JN1CNUD226A714614,NISSAN,FRONTIER,BLANCO,PICK-UP,Liviana,A DESINCORPORAR,FUERA DE SERVICIO,AIT,TRANSPORTE TERRESTRE,,,,
21923,87ZAAO,ZN1CNUD226A714625,NISSAN,DOBLE CABINA,BLANCO,PICK-UP,Liviana,A DESINCORPORAR,FUERA DE SERVICIO,AIT,TRANSPORTE TERRESTRE,,,,
21926,52AAAP,JN1CNUD226A714612,NISSAN,DOBLE CABINA,BLANCO,PICK-UP,Liviana,A DESINCORPORAR,FUERA DE SERVICIO,SERVICIOS LOGISTICOS,TRANSPORTE TERRESTRE,,,,
21929,79ZAAO,JN1CNUD226A714613,NISSAN,FRONTIER,BLANCO,PICK-UP,Liviana,A DESINCORPORAR,FUERA DE SERVICIO,SERVICIOS ELECTRICOS,TRANSPORTE TERRESTRE,,,,
21930,68ZAAO,JN1CNUD226A714592,NISSAN,DOBLE CABINA,BLANCO,PICK-UP,Liviana,A DESINCORPORAR,FUERA DE SERVICIO,SERVICIOS LOGISTICOS,TRANSPORTE TERRESTRE,,,,
22058,SIN PLACAS,JTEFU71J5A4005425,TOYOTA,LAND CRUISER,BLANCO,PICK-UP,Liviana,A DESINCORPORAR,FUERA DE SERVICIO,SEGURIDAD INTEGRAL (DSI),TRANSPORTE TERRESTRE,,,,
21074,72HKAP,3FTRF17W57MA05742,FORD,F-150,BLANCO,PICK-UP,Liviana,A DESINCORPORAR,RECUPERADA DE COMUNIDADES SSLL TIA JUANA,SERVICIOS LOGISTICOS,RICARDO CONDE,,,,
21094,75HKAP,3FTRF17W47MA05750,FORD,F-150,BLANCO,PICK-UP,Liviana,A DESINCORPORAR,RECUPERADA DE COMUNIDADES SSLL TIA JUANA,SERVICIOS LOGISTICOS,ALBERTO MOLERO,,,,
21112,33FKAR,3FTRT17W07MA17359,FORD,F-150,BLANCO,PICK-UP,Liviana,A DESINCORPORAR,FUERA DE SERVICIO,SERVICIOS LOGISTICOS,TRANSPORTE TERRESTRE,,,,
21229,32VNAH,3FTRF17W27MA25527,FORD,F-150,BLANCO,PICK-UP,Liviana,OPERATIVA,OPERATIVA,SERVICIOS LOGISTICOS,ROBERT RIVERA,,,,
47099,A37BF0K,8YTSF2A64B8A477099,FORD,F-250,BLANCO,PICK-UP,Liviana,EN ESPERA POR REMOLQUE,POR CERTIFICAR FALLA,BARIVEN,JACLYN ESPINOZA,,,,
4278,85TGBC,8ZCEC14T57V304278,CHEVROLET,CHEYENNE,BLANCO,PICK-UP,Liviana,COMODATO,COMODATO,FUNDACION PUEBLO SOBERANO,NO APLICA,,,,
4485,86TGBC,8ZCEC14TX7V304485,CHEVROLET,CHEYENNE,BLANCO,PICK-UP,Liviana,COMODATO,COMODATO,FUNDACION PUEBLO SOBERANO,NO APLICA,,,,
7453,54SGBC,8ZCEC14T56V347453,CHEVROLET,CHEYENNE,BLANCO,PICK-UP,Liviana,COMODATO,COMODATO,FUNDACION PUEBLO SOBERANO,NO APLICA,,,,
7562,55SGBC,8ZCEC14TX6V347562,CHEVROLET,CHEYENNE,BLANCO,PICK-UP,Liviana,COMODATO,COMODATO,FUNDACION PUEBLO SOBERANO,NO APLICA,,,,
815,A73AM3I,1GC0CVCG6DF140019,CHEVROLET,SILVERADO,BLANCO,PICK-UP,Liviana,A DESINCORPORAR,FUERA DE SERVICIO,SEGURIDAD INTEGRAL (DSI),TRANSPORTE TERRESTRE,,,,
FC165,SIN PLACAS,V1G-T89FC165,TOYOTA,TACOMA,S/I,PICK-UP,Liviana,EN ESPERA POR REMOLQUE,POR CERTIFICAR FALLA,AMBIENTE,JOVIER DE LA VICTORIA,,,,
16746,49JABI,8ZCEC14T65V314542,CHEVROLET,CHEYENNE,BLANCO,PICK-UP,Liviana,A DESINCORPORAR,FUERA DE SERVICIO,PDVSA GAS,TRANSPORTE TERRESTRE,,,,
16188,48CAAW,8ZCEC14T21V308344,CHEVROLET,CHEYENNE,BLANCO,PICK-UP,Liviana,COMODATO,COMODATO,MISION PACHAMAMA,NO APLICA,,,,
16302,37AAAV,8ZCEC14T41V308801,CHEVROLET,CHEYENNE,BLANCO,PICK-UP,Liviana,COMODATO,COMODATO,MISION PACHAMAMA,NO APLICA,,,,
16747,60JABI,8ZCEC14T75V314713,CHEVROLET,CHEYENNE,BLANCO,PICK-UP,Liviana,A DESINCORPORAR,FUERA DE SERVICIO,PDVSA GAS,TRANSPORTE TERRESTRE,,,,
16748,54JABI,8ZCEC14T65V314640,CHEVROLET,CHEYENNE,BLANCO,PICK-UP,Liviana,A DESINCORPORAR,FUERA DE SERVICIO,PDVSA GAS,TRANSPORTE TERRESTRE,,,,
16751,51EGAX,8ZCEC14T65V318865,CHEVROLET,CHEYENNE,BLANCO,PICK-UP,Liviana,EN ESPERA POR REMOLQUE,POR CERTIFICAR FALLA,PDVSA GAS,HDI PDVSA GAS,,,,
14810,SIN PLACAS,8YTER22X818-A11152,FORD,RANGER 4x4,BLANCO,PICK-UP,Liviana,A DESINCORPORAR,FUERA DE SERVICIO,INGENIERIA Y CONSTRUCCION,TRANSPORTE TERRESTRE,,,,
960,SIN PLACAS,POR CERTIFICAR,CHEVROLET,CHEYENNE,BLANCO,PICK-UP,Liviana,A DESINCORPORAR,FUERA DE SERVICIO,INGENIERIA Y CONSTRUCCION,TRANSPORTE TERRESTRE,,,,
16769,SIN PLACAS,8ZCEC14T85V318799,CHEVROLET,CHEYENNE,BLANCO,PICK-UP,Liviana,A DESINCORPORAR,FUERA DE SERVICIO,INGENIERIA Y CONSTRUCCION,TRANSPORTE TERRESTRE,,,,
16695,54IABI,8ZCEC14T05V313144,CHEVROLET,CHEYENNE,BLANCO,PICK-UP,Liviana,A DESINCORPORAR,FUERA DE SERVICIO,"COL, DIVISIÓN COSTA ORIENTAL DEL LAGO",OSWALDO MORON,,,,
16406,64MDAM,8ZCEC14T12V308191,CHEVROLET,CHEYENNE,BLANCO,PICK-UP,Liviana,A DESINCORPORAR,FUERA DE SERVICIO,"COL, DIVISIÓN COSTA ORIENTAL DEL LAGO",TRANSPORTE TERRESTRE,,,,
16687,86IABI,8ZCEC14T15V312996,CHEVROLET,CHEYENNE,BLANCO,PICK-UP,Liviana,A DESINCORPORAR,FUERA DE SERVICIO,"COL, DIVISIÓN COSTA ORIENTAL DEL LAGO",TRANSPORTE TERRESTRE,,,,
21785,88IVAU,JN1CNUD225X451295,NISSAN,DOBLE CABINA,BLANCO,PICK-UP,Liviana,EN ESPERA POR REMOLQUE,DESMANTELADA,"COL, DIVISIÓN COSTA ORIENTAL DEL LAGO",DIVISION COL,,,,
7243,SIN PLACAS,1N6BA0ECN3047243,NISSAN,TITAN,GRIS PLATA,PICK-UP,Liviana,EN ESPERA POR REMOLQUE,POR CERTIFICAR FALLA,"COL, DIVISIÓN COSTA ORIENTAL DEL LAGO",CARLOS SANCHEZ,,,,
16505,05TDAM,8ZCEC14T62V306629,CHEVROLET,CHEYENNE,BLANCO,PICK-UP,Liviana,A DESINCORPORAR,FUERA DE SERVICIO,"COL, DIVISIÓN COSTA ORIENTAL DEL LAGO",TRANSPORTE TERRESTRE,,,,
16539,87LDAM,8ZCEC14T42V308167,CHEVROLET,CHEYENNE,BLANCO,PICK-UP,Liviana,A DESINCORPORAR,FUERA DE SERVICIO,"COL, DIVISIÓN COSTA ORIENTAL DEL LAGO",ALVARO CAICEDO,,,,
16619,52ZVAT,8ZCEC14T35V311677,CHEVROLET,CHEYENNE,BLANCO,PICK-UP,Liviana,A DESINCORPORAR,A DESINCORPORAR,"COL, DIVISIÓN COSTA ORIENTAL DEL LAGO",TRANSPORTE TERRESTRE,,,,
16630,61ZVAT,8ZCEC14T35V311923,CHEVROLET,CHEYENNE,BLANCO,PICK-UP,Liviana,A DESINCORPORAR,FUERA DE SERVICIO,"COL, DIVISIÓN COSTA ORIENTAL DEL LAGO",TRANSPORTE TERRESTRE,,,,
16799,42HCAD,8ZCEC14T67V315550,CHEVROLET,CHEYENNE,BLANCO,PICK-UP,Liviana,A DESINCORPORAR,FUERA DE SERVICIO,"COL, DIVISIÓN COSTA ORIENTAL DEL LAGO",ENMANUEL LEON,,,,
21188,63FKAR,3FTRF17W27MA25673,FORD,F-150,BLANCO,PICK-UP,Liviana,EN PROCESO DE DESINCORPORACION,FUERA DE SERVICIO,"COL, DIVISIÓN COSTA ORIENTAL DEL LAGO",TRANSPORTE TERRESTRE,,,,
16826,02KDAZ,1GCEC14J97Z613665,CHEVROLET,SILVERADO,BLANCO,PICK-UP,Liviana,A DESINCORPORAR,LOTE DE DENUNCIADAS DESINCORPORACION LAGUNILLAS,"COL, DIVISIÓN COSTA ORIENTAL DEL LAGO",TRANSPORTE TERRESTRE,,,,
16128,75PMAS,8ZCEC14T21V306528,CHEVROLET,CHEYENNE,BLANCO,PICK-UP,Liviana,A DESINCORPORAR,LOTE DE DENUNCIADAS DESINCORPORACION LAGUNILLAS,"COL, DIVISIÓN COSTA ORIENTAL DEL LAGO",TRANSPORTE TERRESTRE,,,,
16347,89JAAW,8ZCEC14T31V313889,CHEVROLET,CHEYENNE,BLANCO,PICK-UP,Liviana,A DESINCORPORAR,FUERA DE SERVICIO,"COL, DIVISIÓN COSTA ORIENTAL DEL LAGO",TRANSPORTE TERRESTRE,,,,
3034,SIN PLACAS,1FTMF1CM4CKD83034,FORD,F-150,BLANCO,PICK-UP,Liviana,A DESINCORPORAR,FUERA DE SERVICIO,"COL, DIVISIÓN COSTA ORIENTAL DEL LAGO",TRANSPORTE TERRESTRE,,,,
21745,75UVAT,JN1CNUD225A714237,NISSAN,DOBLE CABINA,BLANCO,PICK-UP,Liviana,A DESINCORPORAR,FUERA DE SERVICIO,"COL, DIVISIÓN COSTA ORIENTAL DEL LAGO",TRANSPORTE TERRESTRE,,,,
9619,A73AM5I,1GC0CVCG3DF139619,CHEVROLET,SILVERADO,BLANCO,PICK-UP,Liviana,A DESINCORPORAR,FUERA DE SERVICIO,"COL, DIVISIÓN COSTA ORIENTAL DEL LAGO",JOSE LEAL,,,,
361,SIN PLACAS,1FTMF1CM9CFB40361,FORD,F-150,BLANCO,PICK-UP,Liviana,EN PROCESO DE DESINCORPORACION,FUERA DE SERVICIO,"COL, DIVISIÓN COSTA ORIENTAL DEL LAGO",TRANSPORTE TERRESTRE,,,,
16711,81IABI,8ZCEC14T85V313148,CHEVROLET,CHEYENNE,BLANCO,PICK-UP,Liviana,A DESINCORPORAR,FUERA DE SERVICIO,"COL, DIVISIÓN COSTA ORIENTAL DEL LAGO",TRANSPORTE TERRESTRE,,,,
2135,SIN PLACAS,IFTMFICM6CFB62135,FORD,F-150,BLANCO,PICK-UP,Liviana,A DESINCORPORAR,FUERA DE SERVICIO,"COL, DIVISIÓN COSTA ORIENTAL DEL LAGO",TRANSPORTE TERRESTRE,,,,
9779,A79BU4K,1FTMF1CM2DKD29779,FORD,F-150,BLANCO,PICK-UP,Liviana,OPERATIVA,OPERATIVA,GOIP,ESTELIO SARACHE,,,,
14757,96LVAB,8YTDR21C9X8A14757,FORD,RANGER,BLANCO,PICK-UP,Liviana,A DESINCORPORAR,FUERA DE SERVICIO,"COL, DIVISIÓN COSTA ORIENTAL DEL LAGO",EDGAR MIQUILENA,,,,
16349,SIN PLACAS,8ZCEC14T31V316002,CHEVROLET,CHEYENNE,BLANCO,PICK-UP,Liviana,A DESINCORPORAR,FUERA DE SERVICIO,"COL, DIVISIÓN COSTA ORIENTAL DEL LAGO",TRANSPORTE TERRESTRE,,,,
16664,17JABI,8ZCEC14T45V314667,CHEVROLET,CHEYENNE,BLANCO,PICK-UP,Liviana,EN PROCESO DE DESINCORPORACION,FUERA DE SERVICIO,"COL, DIVISIÓN COSTA ORIENTAL DEL LAGO",TRANSPORTE TERRESTRE,,,,
16838,A99AA0G,8ZCEC14J28V320549,CHEVROLET,SILVERADO,BLANCO,PICK-UP,Liviana,EN PROCESO DE DESINCORPORACION,FUERA DE SERVICIO,"COL, DIVISIÓN COSTA ORIENTAL DEL LAGO",TRANSPORTE TERRESTRE,,,,
21091,77HKAP,3FTRF17W37MA05741,FORD,F-150,BLANCO,PICK-UP,Liviana,EN ESPERA POR REMOLQUE,POR CERTIFICAR FALLA,"COL, DIVISIÓN COSTA ORIENTAL DEL LAGO",EDIXON MEDINA,,,,
16789,09ICAD,8ZCEC14T87V315856,CHEVROLET,CHEYENNE,BLANCO,PICK-UP,Liviana,A DESINCORPORAR,FUERA DE SERVICIO,"COL, DIVISIÓN COSTA ORIENTAL DEL LAGO",TRANSPORTE TERRESTRE,,,,
21743,67UVAT,JN1CNUD225A714258,NISSAN,DOBLE CABINA,BLANCO,PICK-UP,Liviana,A DESINCORPORAR,FUERA DE SERVICIO,"COL, DIVISIÓN COSTA ORIENTAL DEL LAGO",TRANSPORTE TERRESTRE,,,,
21865,21UVAT,JN1CNUD225X451283,NISSAN,FRONTIER,BLANCO,PICK-UP,Liviana,COMODATO,FUERA DE SERVICIO,ALCALDIA DE SIMON BOLIVAR,TRANSPORTE TERRESTRE,,,,
1764,A00A03A,8ZCNCRE07BG351764,CHEVROLET,SILVERADO,BLANCO,PICK-UP,Liviana,EN PROCESO DE DESINCORPORACION,FUERA DE SERVICIO,DIVISIÓN LAGO,TRANSPORTE TERRESTRE,,,,
2147,A50BU8K,1N6AAOEC4CN322147,NISSAN,TITAN,BLANCO,PICK-UP,Liviana,A DESINCORPORAR,FUERA DE SERVICIO,DIVISIÓN LAGO,JOSE BRACHO,,,,
3002,A84AFOM,3D3KS26D38G163250,DODGE,RAM 2500,PLATA,PICK-UP,Liviana,DESCONOCIDO,DESCONOCIDO,DIVISIÓN LAGO,ORLANDO CHIRINOS,,,,
4218,SIN PLACAS,1N6BA0CH9CJ3CN324218,NISSAN,TITAN,BLANCO,PICK-UP,Liviana,INOPERATIVA,PARADA POR FALLA,DIVISIÓN LAGO,FRANCISCO SERRANO,,,,
4222,15YABL,8ZCEC14T67V314222,CHEVROLET,CHEYENNE,BLANCO,PICK-UP,Liviana,OPERATIVA,OPERATIVA,DIVISIÓN LAGO,JUNNY ROJAS,,,,
11015,34YTAE,8XA33NV3679002084,TOYOTA,HILUX,AZUL,PICK-UP,Liviana,DESCONOCIDO,DESCONOCIDO,DIVISIÓN LAGO,ALVARO ALVAREZ,,,,
16205,39W MAO,8ZCEC14T11V308335,CHEVROLET,CHEYENNE,BLANCO,PICK-UP,Liviana,INOPERATIVA,PARADA POR FALLA,DIVISIÓN LAGO,TRANSPORTE TERRESTRE,,,,
16307,85DAAW,8ZCEC14TX1V309130,CHEVROLET,CHEYENNE,BLANCO,PICK-UP,Liviana,A DESINCORPORAR,FUERA DE SERVICIO,DIVISIÓN LAGO,ALEXANDER QUINTERO,,,,
16435,16MDAM,8ZCEC14T32V306474,CHEVROLET,CHEYENNE,BLANCO,PICK-UP,Liviana,EN PROCESO DE DESINCORPORACION,FUERA DE SERVICIO,DIVISIÓN LAGO,TRANSPORTE TERRESTRE,,,,
16797,41HCAD,8ZCEC14T07V315494,CHEVROLET,CHEYENNE,BLANCO,PICK-UP,Liviana,A DESINCORPORAR,FUERA DE SERVICIO,DIVISIÓN LAGO,TRANSPORTE TERRESTRE,,,,
21187,19TNAH,3FTRF17W47MA25447,FORD,F-150,BLANCO,PICK-UP,Liviana,A DESINCORPORAR,FUERA DE SERVICIO,DIVISIÓN LAGO,RICHARD GARCIA,,,,
16454,22GDAN,8ZCEC14T72V309216,CHEVROLET,CHEYENNE,BLANCO,PICK-UP,Liviana,A DESINCORPORAR,FUERA DE SERVICIO,DIVISIÓN LAGO,TRANSPORTE TERRESTRE,,,,
16584,20VDAN,8ZCEC14T22V310497,CHEVROLET,CHEYENNE,BLANCO,PICK-UP,Liviana,A DESINCORPORAR,FUERA DE SERVICIO,DIVISIÓN LAGO,TRANSPORTE TERRESTRE,,,,
16791,99HCAD,8ZCEC14T87V315579,CHEVROLET,CHEYENNE,BLANCO,PICK-UP,Liviana,EN PROCESO DE DESINCORPORACION,FUERA DE SERVICIO,DIVISIÓN LAGO,TRANSPORTE TERRESTRE,,,,
640,24XTAD,8XA31NV3669000640,TOYOTA,HILUX,BLANCO,PICK-UP,Liviana,A DESINCORPORAR,FUERA DE SERVICIO,DIVISIÓN LAGO,TRANSPORTE TERRESTRE,,,,
931,06EAAF,RN1069700931,TOYOTA,HILUX,AZUL,PICK-UP,Liviana,A DESINCORPORAR,FUERA DE SERVICIO,DIVISIÓN LAGO,TRANSPORTE TERRESTRE,,,,
1006,17AABN,8LBDTF2D770003242,CHEVROLET,LUV DMAX,GRIS,PICK-UP,Liviana,A DESINCORPORAR,FUERA DE SERVICIO,DIVISIÓN LAGO,TRANSPORTE TERRESTRE,,,,
1272,SIN PLACAS,1GCOCVCG9CF151272,CHEVROLET,SILVERADO,BLANCO,PICK-UP,Liviana,A DESINCORPORAR,FUERA DE SERVICIO,DIVISIÓN LAGO,TRANSPORTE TERRESTRE,,,,
51768,A00A05A,8ZCNCRE04BG351768,CHEVROLET,SILVERADO,BLANCO,PICK-UP,Liviana,A DESINCORPORAR,FUERA DE SERVICIO,DIVISIÓN LAGO,TRANSPORTE TERRESTRE,,,,
2309,67BGBF,8LBETF1M070002309,CHEVROLET,LUV DMAX,BLANCO,PICK-UP,Liviana,INOPERATIVA,PARADA POR FALLA,DIVISIÓN LAGO,ERNESTO NAVA,,,,
2583,09A KAT,JN1CNUD227X462583,NISSAN,FRONTIER,BLANCO,PICK-UP,Liviana,A DESINCORPORAR,FUERA DE SERVICIO,DIVISIÓN LAGO,TRANSPORTE TERRESTRE,,,,
6514,43SKAN,9BGXF80R06CI46514,CHEVROLET,MONTANA,BLANCO,PICK-UP,Liviana,EN PROCESO DE DESINCORPORACION,FUERA DE SERVICIO,DIVISIÓN LAGO,TRANSPORTE TERRESTRE,,,,
6872,TAA78L,8Y2FK33VBSV086872,JEEP,CHEROKEE,AZUL,PICK-UP,Liviana,A DESINCORPORAR,FUERA DE SERVICIO,DIVISIÓN LAGO,TRANSPORTE TERRESTRE,,,,
8972,27MVAC,AJF1VP-39299,FORD,F-150,BLANCO,PICK-UP,Liviana,A DESINCORPORAR,FUERA DE SERVICIO,DIVISIÓN LAGO,TRANSPORTE TERRESTRE,,,,
8998,43OVAC,AJF1VP-39271,FORD,F-150,BLANCO,PICK-UP,Liviana,A DESINCORPORAR,FUERA DE SERVICIO,DIVISIÓN LAGO,TRANSPORTE TERRESTRE,,,,
9060,39MVAC,AJF1VP-39613,FORD,F-150,BLANCO,PICK-UP,Liviana,A DESINCORPORAR,FUERA DE SERVICIO,DIVISIÓN LAGO,TRANSPORTE TERRESTRE,,,,
9450,A85AI3A,8ZCNCRE07BV339450,CHEVROLET,SILVERADO,BLANCO,PICK-UP,Liviana,EN PROCESO DE DESINCORPORACION,FUERA DE SERVICIO,DIVISIÓN LAGO,TRANSPORTE TERRESTRE,,,,
9626,A90AI3A,8ZCNCRE07BV339626,CHEVROLET,SILVERADO,BLANCO,PICK-UP,Liviana,A DESINCORPORAR,FUERA DE SERVICIO,DIVISIÓN LAGO,TRANSPORTE TERRESTRE,,,,
9667,A04AK9A,8ZCNCRE0XVB339667,CHEVROLET,SILVERADO,BLANCO,PICK-UP,Liviana,A DESINCORPORAR,FUERA DE SERVICIO,DIVISIÓN LAGO,TRANSPORTE TERRESTRE,,,,
11004,72NVAU,9FH33UNE958000908,TOYOTA,HILUX,BLANCO,PICK-UP,Liviana,A DESINCORPORAR,FUERA DE SERVICIO,DIVISIÓN LAGO,TRANSPORTE TERRESTRE,,,,
13425,626XLR,AJF1SP12993,FORD,F-150,BLANCO,PICK-UP,Liviana,A DESINCORPORAR,FUERA DE SERVICIO,DIVISIÓN LAGO,TRANSPORTE TERRESTRE,,,,
13471,635XLT,AJF1SP18791,FORD,F-150,BLANCO,PICK-UP,Liviana,A DESINCORPORAR,FUERA DE SERVICIO,DIVISIÓN LAGO,TRANSPORTE TERRESTRE,,,,
14802,SIN PLACAS,8YTER22X818-A10728,FORD,RANGER 4x4,BLANCO,PICK-UP,Liviana,A DESINCORPORAR,FUERA DE SERVICIO,DIVISIÓN LAGO,TRANSPORTE TERRESTRE,,,,
16113,48SMAS,8ZCEC14T01V308052,CHEVROLET,CHEYENNE,BLANCO,PICK-UP,Liviana,A DESINCORPORAR,FUERA DE SERVICIO,DIVISIÓN LAGO,TRANSPORTE TERRESTRE,,,,
16144,SIN PLACAS,8ZCEC14T41V307633,CHEVROLET,CHEYENNE,BLANCO,PICK-UP,Liviana,INOPERATIVA,PARADA POR FALLA,DIVISIÓN LAGO,HENRY DABOIN,,,,
16170,02FMAS,8ZCEC14T51V308192,CHEVROLET,CHEYENNE,BLANCO,PICK-UP,Liviana,A DESINCORPORAR,FUERA DE SERVICIO,DIVISIÓN LAGO,TRANSPORTE TERRESTRE,,,,
16174,48PAAV,8ZCEC14T31V307851,CHEVROLET,CHEYENNE,BLANCO,PICK-UP,Liviana,A DESINCORPORAR,FUERA DE SERVICIO,DIVISIÓN LAGO,TRANSPORTE TERRESTRE,,,,
16228,33EAAW,8ZCEC14T01V308620,CHEVROLET,CHEYENNE,BLANCO,PICK-UP,Liviana,A DESINCORPORAR,FUERA DE SERVICIO,DIVISIÓN LAGO,TRANSPORTE TERRESTRE,,,,
16250,21DAAW,8ZCEC14T61V308783,CHEVROLET,CHEYENNE,BLANCO,PICK-UP,Liviana,A DESINCORPORAR,FUERA DE SERVICIO,DIVISIÓN LAGO,TRANSPORTE TERRESTRE,,,,
16267,79PAAV,8ZCEC14T31V308689,CHEVROLET,CHEYENNE,BLANCO,PICK-UP,Liviana,A DESINCORPORAR,FUERA DE SERVICIO,DIVISIÓN LAGO,TRANSPORTE TERRESTRE,,,,
16268,32DAAW,8ZCEC14T91V308681,CHEVROLET,CHEYENNE,BLANCO,PICK-UP,Liviana,A DESINCORPORAR,FUERA DE SERVICIO,DIVISIÓN LAGO,TRANSPORTE TERRESTRE,,,,
16298,31UAAU,8ZCEC14T61V309142,CHEVROLET,CHEYENNE,BLANCO,PICK-UP,Liviana,A DESINCORPORAR,FUERA DE SERVICIO,DIVISIÓN LAGO,TRANSPORTE TERRESTRE,,,,
16308,68S MAP,8ZCEC14T51V309147,CHEVROLET,CHEYENNE,BLANCO,PICK-UP,Liviana,A DESINCORPORAR,FUERA DE SERVICIO,DIVISIÓN LAGO,TRANSPORTE TERRESTRE,,,,
16314,49CAAW,8ZCEC14TX1V308589,CHEVROLET,CHEYENNE,BLANCO,PICK-UP,Liviana,A DESINCORPORAR,FUERA DE SERVICIO,DIVISIÓN LAGO,TRANSPORTE TERRESTRE,,,,
16363,SIN PLACAS,8ZCEC14TX1V313839,CHEVROLET,CHEYENNE,BLANCO,PICK-UP,Liviana,A DESINCORPORAR,FUERA DE SERVICIO,DIVISIÓN LAGO,TRANSPORTE TERRESTRE,,,,
16372,SIN PLACAS,8ZCEC14T31V315934,CHEVROLET,CHEYENNE,BLANCO,PICK-UP,Liviana,A DESINCORPORAR,FUERA DE SERVICIO,DIVISIÓN LAGO,TRANSPORTE TERRESTRE,,,,
16399,47MDAM,8ZCEC14T12V307994,CHEVROLET,CHEYENNE,BLANCO,PICK-UP,Liviana,A DESINCORPORAR,FUERA DE SERVICIO,DIVISIÓN LAGO,TRANSPORTE TERRESTRE,,,,
16402,52MDAM,8ZCEC14TX2V307962,CHEVROLET,CHEYENNE,BLANCO,PICK-UP,Liviana,A DESINCORPORAR,FUERA DE SERVICIO,DIVISIÓN LAGO,TRANSPORTE TERRESTRE,,,,
16426,94MDAM,8ZCEC14T22V308085,CHEVROLET,CHEYENNE,BLANCO,PICK-UP,Liviana,A DESINCORPORAR,FUERA DE SERVICIO,DIVISIÓN LAGO,TRANSPORTE TERRESTRE,,,,
16436,SIN PLACAS,8ZCEC14T02V308974,CHEVROLET,CHEYENNE,BLANCO,PICK-UP,Liviana,EN PROCESO DE DESINCORPORACION,FUERA DE SERVICIO,DIVISIÓN LAGO,TRANSPORTE TERRESTRE,,,,
16455,54KDAM,8ZCEC14T52V309005,CHEVROLET,CHEYENNE,BLANCO,PICK-UP,Liviana,EN PROCESO DE DESINCORPORACION,FUERA DE SERVICIO,DIVISIÓN LAGO,TRANSPORTE TERRESTRE,,,,
16456,19LDAM,8ZCEC14T32V306457,CHEVROLET,CHEYENNE,BLANCO,PICK-UP,Liviana,A DESINCORPORAR,FUERA DE SERVICIO,DIVISIÓN LAGO,TRANSPORTE TERRESTRE,,,,
16457,45KDAM,8ZCEC14T92V308486,CHEVROLET,CHEYENNE,BLANCO,PICK-UP,Liviana,EN PROCESO DE DESINCORPORACION,FUERA DE SERVICIO,DIVISIÓN LAGO,TRANSPORTE TERRESTRE,,,,
16459,51KDAM,8ZCEC14T92V308990,CHEVROLET,CHEYENNE,BLANCO,PICK-UP,Liviana,EN PROCESO DE DESINCORPORACION,FUERA DE SERVICIO,DIVISIÓN LAGO,TRANSPORTE TERRESTRE,,,,
16486,44KDAM,8ZCEC14T22V308278,CHEVROLET,CHEYENNE,BLANCO,PICK-UP,Liviana,A DESINCORPORAR,FUERA DE SERVICIO,DIVISIÓN LAGO,TRANSPORTE TERRESTRE,,,,
16511,62LDAM,8ZCEC14T32V309701,CHEVROLET,CHEYENNE,BLANCO,PICK-UP,Liviana,EN PROCESO DE DESINCORPORACION,FUERA DE SERVICIO,DIVISIÓN LAGO,TRANSPORTE TERRESTRE,,,,
16532,88UDAN,8ZCEC14T02V310143,CHEVROLET,CHEYENNE,BLANCO,PICK-UP,Liviana,A DESINCORPORAR,FUERA DE SERVICIO,DIVISIÓN LAGO,TRANSPORTE TERRESTRE,,,,
16578,21VDAN,8ZCEC14T52V310364,CHEVROLET,CHEYENNE,BLANCO,PICK-UP,Liviana,EN PROCESO DE DESINCORPORACION,FUERA DE SERVICIO,DIVISIÓN LAGO,TRANSPORTE TERRESTRE,,,,
16587,09VDAN,8ZCEC14T02V310282,CHEVROLET,CHEYENNE,BLANCO,PICK-UP,Liviana,A DESINCORPORAR,FUERA DE SERVICIO,DIVISIÓN LAGO,TRANSPORTE TERRESTRE,,,,
16589,26VDAN,8ZCEC14T32V310623,CHEVROLET,CHEYENNE,BLANCO,PICK-UP,Liviana,A DESINCORPORAR,FUERA DE SERVICIO,DIVISIÓN LAGO,TRANSPORTE TERRESTRE,,,,
16594,73XVAT,8ZCEC14TX5V307609,CHEVROLET,CHEYENNE,BLANCO,PICK-UP,Liviana,A DESINCORPORAR,FUERA DE SERVICIO,DIVISIÓN LAGO,TRANSPORTE TERRESTRE,,,,
16595,60KVAT,8ZCEC14T95V307469,CHEVROLET,CHEYENNE,BLANCO,PICK-UP,Liviana,EN PROCESO DE DESINCORPORACION,FUERA DE SERVICIO,DIVISIÓN LAGO,TRANSPORTE TERRESTRE,,,,
16661,21JABI,8ZCEC14T55V314712,CHEVROLET,CHEYENNE,BLANCO,PICK-UP,Liviana,A DESINCORPORAR,FUERA DE SERVICIO,DIVISIÓN LAGO,TRANSPORTE TERRESTRE,,,,
16672,55IABI,8ZCEC14T05V313211,CHEVROLET,CHEYENNE,BLANCO,PICK-UP,Liviana,A DESINCORPORAR,FUERA DE SERVICIO,DIVISIÓN LAGO,TRANSPORTE TERRESTRE,,,,
16707,01JABI,8ZCEC14T75V314369,CHEVROLET,CHEYENNE,BLANCO,PICK-UP,Liviana,SOLICITADO,ROBADA,DIVISIÓN LAGO,NO APLICA,,,,
16743,38KABI,8ZCEC14T85V318348,CHEVROLET,CHEYENNE,BLANCO,PICK-UP,Liviana,A DESINCORPORAR,FUERA DE SERVICIO,DIVISIÓN LAGO,TRANSPORTE TERRESTRE,,,,
16793,39HCAD,8ZCEC14T27V314461,CHEVROLET,CHEYENNE,BLANCO,PICK-UP,Liviana,A DESINCORPORAR,FUERA DE SERVICIO,DIVISIÓN LAGO,TRANSPORTE TERRESTRE,,,,
16809,71U ABN,8ZCEC14T47V329818,CHEVROLET,CHEYENNE,BLANCO,PICK-UP,Liviana,EN PROCESO DE DESINCORPORACION,FUERA DE SERVICIO,DIVISIÓN LAGO,TRANSPORTE TERRESTRE,,,,
16820,96ZVAV,1GCEC14J47Z626937,CHEVROLET,SILVERADO,BLANCO,PICK-UP,Liviana,A DESINCORPORAR,FUERA DE SERVICIO,DIVISIÓN LAGO,TRANSPORTE TERRESTRE,,,,
21075,7A05722,3FTRF17WX7MA05722,FORD,F-150,BLANCO,PICK-UP,Liviana,A DESINCORPORAR,FUERA DE SERVICIO,DIVISIÓN LAGO,TRANSPORTE TERRESTRE,,,,
21084,72EJAH,3FTRF17W97MA05789,FORD,F-150,BLANCO,PICK-UP,Liviana,A DESINCORPORAR,FUERA DE SERVICIO,DIVISIÓN LAGO,TRANSPORTE TERRESTRE,,,,
21103,12GKAR,3FTRF17W47MA17378,FORD,F-150,BLANCO,PICK-UP,Liviana,A DESINCORPORAR,FUERA DE SERVICIO,DIVISIÓN LAGO,TRANSPORTE TERRESTRE,,,,
21115,02GKAR,3FTRF17W67MA17351,FORD,F-150,BLANCO,PICK-UP,Liviana,INOPERATIVA,PARADA POR FALLA,DIVISIÓN LAGO,ALEXIS ARENAS,,,,
21166,18VNAH,3FTRF17W97MA25265,FORD,F-150,BLANCO,PICK-UP,Liviana,EN PROCESO DE DESINCORPORACION,FUERA DE SERVICIO,DIVISIÓN LAGO,TRANSPORTE TERRESTRE,,,,
21174,29TNAH,3FTRF17W07MA25347,FORD,F-150,BLANCO,PICK-UP,Liviana,A DESINCORPORAR,FUERA DE SERVICIO,DIVISIÓN LAGO,TRANSPORTE TERRESTRE,,,,
21200,75SNAH,3FTRF17W17MA25471,FORD,F-150,BLANCO,PICK-UP,Liviana,A DESINCORPORAR,FUERA DE SERVICIO,DIVISIÓN LAGO,TRANSPORTE TERRESTRE,,,,
21231,15XTAF,3FTRF17WX7MA29292,FORD,F-150,BLANCO,PICK-UP,Liviana,A DESINCORPORAR,FUERA DE SERVICIO,DIVISIÓN LAGO,TRANSPORTE TERRESTRE,,,,
21265,96FKAR,3FTRF17W07MA25526,FORD,F-150,BLANCO,PICK-UP,Liviana,A DESINCORPORAR,FUERA DE SERVICIO,DIVISIÓN LAGO,TRANSPORTE TERRESTRE,,,,
21734,55TVAT,JN1CNUD225A714269,NISSAN,DOBLE CABINA,BLANCO,PICK-UP,Liviana,A DESINCORPORAR,FUERA DE SERVICIO,DIVISIÓN LAGO,TRANSPORTE TERRESTRE,,,,
21807,09UVAT,JN1CNUD225X451277,NISSAN,FRONTIER,BLANCO,PICK-UP,Liviana,EN PROCESO DE DESINCORPORACION,FUERA DE SERVICIO,DIVISIÓN LAGO,TRANSPORTE TERRESTRE,,,,
21883,70UVAT,JN1CNUD225X451192,NISSAN,DOBLE CABINA,BLANCO,PICK-UP,Liviana,A DESINCORPORAR,FUERA DE SERVICIO,DIVISIÓN LAGO,TRANSPORTE TERRESTRE,,,,
21920,82ZAA0,JN1CNUD226A714619,NISSAN,DOBLE CABINA,BLANCO,PICK-UP,Liviana,A DESINCORPORAR,FUERA DE SERVICIO,DIVISIÓN LAGO,TRANSPORTE TERRESTRE,,,,
30010,76FLAH,9BD27806472525529,FIAT,STRADA AVENTURA,BLANCO,PICK-UP,Liviana,A DESINCORPORAR,FUERA DE SERVICIO,DIVISIÓN LAGO,TRANSPORTE TERRESTRE,,,,
509166,IAJ 010,8XAJ122G039509166,DAIHATSU,TERIOS,ROJO,PICK-UP,Liviana,A DESINCORPORAR,FUERA DE SERVICIO,DIVISIÓN LAGO,TRANSPORTE TERRESTRE,,,,
1913,SIN PLACAS,1FTMF1CM7CKDO1913,FORD,F-150,BLANCO,PICK-UP,Liviana,A DESINCORPORAR,FUERA DE SERVICIO,DIVISIÓN LAGO,TRANSPORTE TERRESTRE,,,,
21111,27GKAR,3FTRF17W17MA17399,FORD,F-150,BLANCO,PICK-UP,Liviana,DESINCORPORADO,FUERA DE SERVICIO,DIVISIÓN LAGO,TRANSPORTE TERRESTRE,,,,
16350,SIN PLACAS,8ZCEC14T61V315877,CHEVROLET,CHEYENNE,BLANCO,PICK-UP,Liviana,A DESINCORPORAR,FUERA DE SERVICIO,DIVISIÓN LAGO,TRANSPORTE TERRESTRE,,,,
2849,41H KAV,8AFR12A383130098,FORD,RANGER,BLANCO,PICK-UP,Liviana,EN PROCESO DE DESINCORPORACION,FUERA DE SERVICIO,DIVISIÓN LAGO,TRANSPORTE TERRESTRE,,,,
16165,27CAAW,8ZCEC14TX1V308253,CHEVROLET,CHEYENNE,BLANCO,PICK-UP,Liviana,A DESINCORPORAR,FUERA DE SERVICIO,DIVISIÓN LAGO,TRANSPORTE TERRESTRE,,,,
16735,55JABI,8ZCEC14T75V314646,CHEVROLET,CHEYENNE,BLANCO,PICK-UP,Liviana,A DESINCORPORAR,FUERA DE SERVICIO,DIVISIÓN LAGO,TRANSPORTE TERRESTRE,,,,
58FNAG,58FNAG,POR CERTIFICAR,CHEVROLET,MONTANA,BLANCO,PICK-UP,Liviana,A DESINCORPORAR,FUERA DE SERVICIO,DIVISIÓN LAGO,TRANSPORTE TERRESTRE,,,,
470767,A75AS5C,1N6ADOEVOCC470767,NISSAN,FRONTIER,BLANCO,PICK-UP,Liviana,EN PROCESO DE DESINCORPORACION,FUERA DE SERVICIO,DIVISIÓN SUR DEL LAGO TRUJILLO,TRANSPORTE TERRESTRE,,,,
16491,39KDAM,8ZCEC14TX2V308142,CHEVROLET,CHEYENNE,BLANCO,PICK-UP,Liviana,INOPERATIVA,PARADA POR FALLA,DIVISIÓN SUR DEL LAGO TRUJILLO,DELVIN BUITRIAGO,,,,
788,A12AI7A,8ZCNCRE02BV335791,CHEVROLET,SILVERADO,BLANCO,PICK-UP,Liviana,INOPERATIVA,PARADA POR FALLA,DIVISIÓN SUR DEL LAGO TRUJILLO,EDISON URBINA,,,,
789,A12AI8A,8ZCNCRE06BV335728,CHEVROLET,SILVERADO,BLANCO,PICK-UP,Liviana,A DESINCORPORAR,"DENUNCIADA ANTE EL MP, OFICIO FECHA:10-01-2018, N° GNB-CONAS-GAES-ZULIA-SECC-COL:0005",DIVISIÓN SUR DEL LAGO TRUJILLO,TRANSPORTE TERRESTRE,,,,
3154,SIN PLACAS,3154,TOYOTA,TACOMA,BLANCO,PICK-UP,Liviana,INOPERATIVA,PARADA POR FALLA,DIVISIÓN SUR DEL LAGO TRUJILLO,JOSE ROSENDO,,,,
9305,SIN PLACAS,9305,NISSAN,FRONTIER,BLANCO,PICK-UP,Liviana,INOPERATIVA,PARADA POR FALLA,DIVISIÓN SUR DEL LAGO TRUJILLO,DANIEL CHACIN,,,,
16434,59KDAM,8ZCEC14TX2V309033,CHEVROLET,CHEYENNE,BLANCO,PICK-UP,Liviana,A DESINCORPORAR,"DENUNCIADA ANTE EL MP, OFICIO FECHA:10-01-2018, N° GNB-CONAS-GAES-ZULIA-SECC-COL:0005",DIVISIÓN SUR DEL LAGO TRUJILLO,TRANSPORTE TERRESTRE,,,,
16725,SIN PLACAS,8ZCEC14T65V314105,CHEVROLET,CHEYENNE,BLANCO,PICK-UP,Liviana,A DESINCORPORAR,"DENUNCIADA ANTE EL MP, OFICIO FECHA:10-01-2018, N° GNB-CONAS-GAES-ZULIA-SECC-COL:0005",DIVISIÓN SUR DEL LAGO TRUJILLO,TRANSPORTE TERRESTRE,,,,
16803,SIN PLACAS,8ZCEC14T97V315784,CHEVROLET,CHEYENNE,BLANCO,PICK-UP,Liviana,A DESINCORPORAR,FUERA DE SERVICIO,DIVISIÓN SUR DEL LAGO TRUJILLO,TRANSPORTE TERRESTRE,,,,
16839,A25AB1G,8ZCEC14JX8V320248,CHEVROLET,SILVERADO,BLANCO,PICK-UP,Liviana,A DESINCORPORAR,FUERA DE SERVICIO,DIVISIÓN SUR DEL LAGO TRUJILLO,TRANSPORTE TERRESTRE,,,,
29799,SIN PLACAS,POR CERTIFICAR,FORD,F-150,BLANCO,PICK-UP,Liviana,INOPERATIVA,PARADA POR FALLA,DIVISIÓN SUR DEL LAGO TRUJILLO,NELSON DUARTE,,,,
72523,SIN PLACAS,POR CERTIFICAR,CHEVROLET,CHEYENNE,BLANCO,PICK-UP,Liviana,INOPERATIVA,PARADA POR FALLA,DIVISIÓN SUR DEL LAGO TRUJILLO,JORGE VELASQUEZ,,,,
792,A32AI0A,8ZCNCRE08BV335973,CHEVROLET,SILVERADO,BLANCO,PICK-UP,Liviana,A DESINCORPORAR,FUERA DE SERVICIO,"OCC, DIVISIÓN COSTA OCCIDENTAL",TRANSPORTE TERRESTRE,,,,
16548,65LDAM,8ZCEC14T22V309706,CHEVROLET,CHEYENNE,BLANCO,PICK-UP,Liviana,A DESINCORPORAR,"DENUNCIADA ANTE EL MP, OFICIO FECHA:10-01-2018, N° GNB-CONAS-GAES-ZULIA-SECC-COL:0005",DIVISIÓN SUR DEL LAGO TRUJILLO,TRANSPORTE TERRESTRE,,,,
16574,15BDAN,POR CERTIFICAR,CHEVROLET,CHEYENNE,BLANCO,PICK-UP,Liviana,A DESINCORPORAR,"DENUNCIADA ANTE EL MP, OFICIO FECHA:10-01-2018, N° GNB-CONAS-GAES-ZULIA-SECC-COL:0005",DIVISIÓN SUR DEL LAGO TRUJILLO,TRANSPORTE TERRESTRE,,,,
14856,33MDAM,8LBTFS25H20111705,CHEVROLET,LUV CREW CAB,BLANCO,PICK-UP,Liviana,EN PROCESO DE DESINCORPORACION,FUERA DE SERVICIO,GOIP,TRANSPORTE TERRESTRE,,,,
16514,00VDAN,8ZCEC14T72V310334,CHEVROLET,CHEYENNE,BLANCO,PICK-UP,Liviana,EN PROCESO DE DESINCORPORACION,FUERA DE SERVICIO,GOIP,TRANSPORTE TERRESTRE,,,,
16567,97JDAM,8ZCEC14T02V309817,CHEVROLET,CHEYENNE,BLANCO,PICK-UP,Liviana,EN PROCESO DE DESINCORPORACION,FUERA DE SERVICIO,GOIP,TRANSPORTE TERRESTRE,,,,
16631,60ZVAT,8ZCEC14T15V311922,CHEVROLET,CHEYENNE,BLANCO,PICK-UP,Liviana,EN PROCESO DE DESINCORPORACION,FUERA DE SERVICIO,GOIP,TRANSPORTE TERRESTRE,,,,
21185,97SNAH,3FTRF17W97MA25248,FORD,F-150,BLANCO,PICK-UP,Liviana,EN PROCESO DE DESINCORPORACION,FUERA DE SERVICIO,GOIP,TRANSPORTE TERRESTRE,,,,
770,A32AJ4V,8ZCNCRE09BV316185,CHEVROLET,SILVERADO,BLANCO,PICK-UP,Liviana,EN PROCESO DE DESINCORPORACION,FUERA DE SERVICIO,SERVICIOS ELECTRICOS,TRANSPORTE TERRESTRE,,,,
16224,27DAAW,8ZCEC14T41V308524,CHEVROLET,CHEYENNE,BLANCO,PICK-UP,Liviana,EN PROCESO DE DESINCORPORACION,FUERA DE SERVICIO,SEGURIDAD INTEGRAL (DSI),TRANSPORTE TERRESTRE,,,,
16509,82KDAM,8ZCEC14T72V309250,CHEVROLET,CHEYENNE,BLANCO,PICK-UP,Liviana,EN PROCESO DE DESINCORPORACION,FUERA DE SERVICIO,AMBIENTE,TRANSPORTE TERRESTRE,,,,
16767,45EGAX,8ZCEC14T15V318806,CHEVROLET,CHEYENNE,BLANCO,PICK-UP,Liviana,EN PROCESO DE DESINCORPORACION,FUERA DE SERVICIO,SEGURIDAD INTEGRAL (DSI),TRANSPORTE TERRESTRE,,,,
16788,68HCAD,8ZCEC14T47V315630,CHEVROLET,CHEYENNE,BLANCO,PICK-UP,Liviana,EN PROCESO DE DESINCORPORACION,FUERA DE SERVICIO,SEGURIDAD INTEGRAL (DSI),TRANSPORTE TERRESTRE,,,,
21000,59A-MBB,8YTRF172358A39917,FORD,F-150,BLANCO,PICK-UP,Liviana,EN PROCESO DE DESINCORPORACION,FUERA DE SERVICIO,SEGURIDAD INTEGRAL (DSI),TRANSPORTE TERRESTRE,,,,
21013,75AMBB,8YTRF172658A39930,FORD,F-150,BLANCO,PICK-UP,Liviana,EN PROCESO DE DESINCORPORACION,FUERA DE SERVICIO,SEGURIDAD INTEGRAL (DSI),TRANSPORTE TERRESTRE,,,,
21051,53AMBB,8YTRF172258A39911,FORD,F-150,BLANCO,PICK-UP,Liviana,EN PROCESO DE DESINCORPORACION,FUERA DE SERVICIO,SEGURIDAD INTEGRAL (DSI),TRANSPORTE TERRESTRE,,,,
21059,80NKAN,8YTRF172758A43324,FORD,F-150,BLANCO,PICK-UP,Liviana,EN PROCESO DE DESINCORPORACION,FUERA DE SERVICIO,SEGURIDAD INTEGRAL (DSI),TRANSPORTE TERRESTRE,,,,
21165,85SNAH,3FTRF17W37MA25262,FORD,F-150,BLANCO,PICK-UP,Liviana,EN PROCESO DE DESINCORPORACION,FUERA DE SERVICIO,SERVICIOS ELECTRICOS,TRANSPORTE TERRESTRE,,,,
16534,54L-DAM,8ZCEC14T82V309886,CHEVROLET,CHEYENNE,BLANCO,PICK-UP,Liviana,EN PROCESO DE DESINCORPORACION,FUERA DE SERVICIO,SERVICIOS LOGISTICOS,TRANSPORTE TERRESTRE,,,,
21916,84ZAAO,JN1CNUD226A714621,NISSAN,FRONTIER,BLANCO,PICK-UP,Liviana,EN PROCESO DE DESINCORPORACION,FUERA DE SERVICIO,GERENCIA REGIONAL DE VIVIENDA,TRANSPORTE TERRESTRE,,,,
49967,SIN PLACAS,1N6AD0EV2CC449967,FORD,F-150,BLANCO,PICK-UP,Liviana,EN PROCESO DE DESINCORPORACION,FUERA DE SERVICIO,SEGURIDAD INDUSTRIAL E HIGIENE OCUPACIONAL,TRANSPORTE TERRESTRE,,,,
16323,76DAAW,8ZCEC14T31V309843,CHEVROLET,CHEYENNE,BLANCO,PICK-UP,Liviana,EN PROCESO DE DESINCORPORACION,FUERA DE SERVICIO,"COL, DIVISIÓN COSTA ORIENTAL DEL LAGO",TRANSPORTE TERRESTRE,,,,
16181,66WMAO,8ZCEC14T41V308183,CHEVROLET,CHEYENNE,BLANCO,PICK-UP,Liviana,EN PROCESO DE DESINCORPORACION,FUERA DE SERVICIO,"COL, DIVISIÓN COSTA ORIENTAL DEL LAGO",TRANSPORTE TERRESTRE,,,,
16626,45ZVAT,8ZCEC14T85V311593,CHEVROLET,CHEYENNE,BLANCO,PICK-UP,Liviana,EN PROCESO DE DESINCORPORACION,FUERA DE SERVICIO,"COL, DIVISIÓN COSTA ORIENTAL DEL LAGO",TRANSPORTE TERRESTRE,,,,
21117,34FKAR,3FTRF17W97MA17358,FORD,F-150,BLANCO,PICK-UP,Liviana,EN PROCESO DE DESINCORPORACION,FUERA DE SERVICIO,DIVISIÓN LAGO,TRANSPORTE TERRESTRE,,,,
16176,75CAAW,8ZCEC14T91V308356,CHEVROLET,CHEYENNE,BLANCO,PICK-UP,Liviana,EN PROCESO DE DESINCORPORACION,FUERA DE SERVICIO,DIVISIÓN SUR DEL LAGO TRUJILLO,TRANSPORTE TERRESTRE,,,,
21079,73HKAP,3FTRF17W57MA05739,FORD,F-150,BLANCO,PICK-UP,Liviana,EN PROCESO DE DESINCORPORACION,FUERA DE SERVICIO,DIVISIÓN SUR DEL LAGO TRUJILLO,TRANSPORTE TERRESTRE,,,,
785,A14AL2V,8ZCNCRE01BV326158,CHEVROLET,SILVERADO,BLANCO,PICK-UP,Liviana,EN PROCESO DE DESINCORPORACION,FUERA DE SERVICIO,DIVISIÓN SUR DEL LAGO TRUJILLO,TRANSPORTE TERRESTRE,,,,
800,A84AI5A,8ZCNCRE0XBV339412,CHEVROLET,SILVERADO,BLANCO,PICK-UP,Liviana,EN PROCESO DE DESINCORPORACION,FUERA DE SERVICIO,DIVISIÓN SUR DEL LAGO TRUJILLO,TRANSPORTE TERRESTRE,,,,
803,A81AI8A,8ZCNCRE04BV339387,CHEVROLET,SILVERADO,BLANCO,PICK-UP,Liviana,EN PROCESO DE DESINCORPORACION,FUERA DE SERVICIO,DIVISIÓN SUR DEL LAGO TRUJILLO,TRANSPORTE TERRESTRE,,,,
2365,A72AM3I,1FTMF1CM3CFC82365,NISSAN,FRONTIER,PLATA,PICK-UP,Liviana,EN PROCESO DE DESINCORPORACION,FUERA DE SERVICIO,DIVISIÓN SUR DEL LAGO TRUJILLO,TRANSPORTE TERRESTRE,,,,
6263,SIN PLACAS,1N6AD0ER3CC466263,NISSAN,FRONTIER,GRIS,PICK-UP,Liviana,EN PROCESO DE DESINCORPORACION,FUERA DE SERVICIO,DIVISIÓN SUR DEL LAGO TRUJILLO,TRANSPORTE TERRESTRE,,,,
6998,SIN PLACAS,1N6ADOER6CC466998,NISSAN,FRONTIER,GRIS,PICK-UP,Liviana,EN PROCESO DE DESINCORPORACION,FUERA DE SERVICIO,DIVISIÓN SUR DEL LAGO TRUJILLO,TRANSPORTE TERRESTRE,,,,
11694,SIN PLACAS,1FTMF1CM3DFA11694,FORD,F-150,BLANCO,PICK-UP,Liviana,EN PROCESO DE DESINCORPORACION,FUERA DE SERVICIO,DIVISIÓN SUR DEL LAGO TRUJILLO,TRANSPORTE TERRESTRE,,,,
16452,60KDAM,8ZCEC14T72V309071,CHEVROLET,CHEYENNE,BLANCO,PICK-UP,Liviana,EN PROCESO DE DESINCORPORACION,FUERA DE SERVICIO,DIVISIÓN SUR DEL LAGO TRUJILLO,TRANSPORTE TERRESTRE,,,,
16579,SIN PLACAS,8ZCEC14T62V310339,CHEVROLET,CHEYENNE,BLANCO,PICK-UP,Liviana,EN PROCESO DE DESINCORPORACION,FUERA DE SERVICIO,DIVISIÓN SUR DEL LAGO TRUJILLO,TRANSPORTE TERRESTRE,,,,
16686,85IABI,8ZCEC14T45V313292,CHEVROLET,CHEYENNE,BLANCO,PICK-UP,Liviana,EN PROCESO DE DESINCORPORACION,FUERA DE SERVICIO,DIVISIÓN SUR DEL LAGO TRUJILLO,TRANSPORTE TERRESTRE,,,,
16702,00JABI,8ZCEC14T25V314358,CHEVROLET,CHEYENNE,BLANCO,PICK-UP,Liviana,EN PROCESO DE DESINCORPORACION,FUERA DE SERVICIO,DIVISIÓN SUR DEL LAGO TRUJILLO,TRANSPORTE TERRESTRE,,,,
16726,67IABI,8ZCEC14T05V314309,CHEVROLET,CHEYENNE,BLANCO,PICK-UP,Liviana,EN PROCESO DE DESINCORPORACION,FUERA DE SERVICIO,DIVISIÓN SUR DEL LAGO TRUJILLO,TRANSPORTE TERRESTRE,,,,
16760,37EGAX,8ZCEC14T35V318709,CHEVROLET,CHEYENNE,BLANCO,PICK-UP,Liviana,EN PROCESO DE DESINCORPORACION,FUERA DE SERVICIO,DIVISIÓN SUR DEL LAGO TRUJILLO,TRANSPORTE TERRESTRE,,,,
16824,SIN PLACAS,8ZCEC14T97V310192,CHEVROLET,CHEYENNE,BLANCO,PICK-UP,Liviana,EN PROCESO DE DESINCORPORACION,FUERA DE SERVICIO,DIVISIÓN SUR DEL LAGO TRUJILLO,TRANSPORTE TERRESTRE,,,,
16829,SIN PLACAS,1GCEC14J77Z639116,CHEVROLET,CHEYENNE,BLANCO,PICK-UP,Liviana,EN PROCESO DE DESINCORPORACION,FUERA DE SERVICIO,DIVISIÓN SUR DEL LAGO TRUJILLO,TRANSPORTE TERRESTRE,,,,
16865,SIN PLACAS,8ZCEC14J78V335158,CHEVROLET,CHEYENNE,BLANCO,PICK-UP,Liviana,EN PROCESO DE DESINCORPORACION,FUERA DE SERVICIO,DIVISIÓN SUR DEL LAGO TRUJILLO,TRANSPORTE TERRESTRE,,,,
21124,19GKAR,3FTRF17W77MA17391,FORD,F-150,BLANCO,PICK-UP,Liviana,EN PROCESO DE DESINCORPORACION,FUERA DE SERVICIO,DIVISIÓN SUR DEL LAGO TRUJILLO,TRANSPORTE TERRESTRE,,,,
21127,18DNAH,3FTRF1W57MA19611,FORD,F-150,BLANCO,PICK-UP,Liviana,EN PROCESO DE DESINCORPORACION,FUERA DE SERVICIO,DIVISIÓN SUR DEL LAGO TRUJILLO,TRANSPORTE TERRESTRE,,,,
21128,14DNAH,3FTRF17W07MA19614,FORD,F-150,BLANCO,PICK-UP,Liviana,EN PROCESO DE DESINCORPORACION,FUERA DE SERVICIO,DIVISIÓN SUR DEL LAGO TRUJILLO,TRANSPORTE TERRESTRE,,,,
21222,62FKAR,3FTRF17W37MA25634,FORD,F-150,BLANCO,PICK-UP,Liviana,EN PROCESO DE DESINCORPORACION,FUERA DE SERVICIO,DIVISIÓN SUR DEL LAGO TRUJILLO,TRANSPORTE TERRESTRE,,,,
21225,55FKAR,3FTRF17W87MA25676,FORD,F-150,BLANCO,PICK-UP,Liviana,EN PROCESO DE DESINCORPORACION,FUERA DE SERVICIO,DIVISIÓN SUR DEL LAGO TRUJILLO,TRANSPORTE TERRESTRE,,,,
4606,72ZAAO,JN1CNUD226A714606,NISSAN,DOBLE CABINA,BLANCO,PICK-UP,Liviana,EN PROCESO DE DESINCORPORACION,FUERA DE SERVICIO,DIVISIÓN SUR DEL LAGO TRUJILLO,TRANSPORTE TERRESTRE,,,,
34702,SIN PLACAS,1FTMF1CM3DKD34702,FORD,F-150,BLANCO,PICK-UP,Liviana,EN PROCESO DE DESINCORPORACION,FUERA DE SERVICIO,DIVISIÓN SUR DEL LAGO TRUJILLO,TRANSPORTE TERRESTRE,,,,
72433,A75AS6C,1N6AD0EV3CC472433,NISSAN,FRONTIER,BLANCO,PICK-UP,Liviana,EN PROCESO DE DESINCORPORACION,FUERA DE SERVICIO,DIVISIÓN SUR DEL LAGO TRUJILLO,TRANSPORTE TERRESTRE,,,,
75780,SIN PLACAS,1N6AD0EV6CC475780,NISSAN,FRONTIER,BLANCO,PICK-UP,Liviana,EN PROCESO DE DESINCORPORACION,FUERA DE SERVICIO,DIVISIÓN SUR DEL LAGO TRUJILLO,TRANSPORTE TERRESTRE,,,,
77469,A74AM6I,1N6AD0EV5CC477469,NISSAN,FRONTIER,BLANCO,PICK-UP,Liviana,EN PROCESO DE DESINCORPORACION,FUERA DE SERVICIO,DIVISIÓN SUR DEL LAGO TRUJILLO,TRANSPORTE TERRESTRE,,,,
16805,06ICAD,8ZCEC14T07V315821,CHEVROLET,CHEYENNE,BLANCO,PICK-UP,Liviana,EN PROCESO DE DESINCORPORACION,DENUNCIADA ANTE MP,DIVISIÓN SUR DEL LAGO TRUJILLO,TRANSPORTE TERRESTRE,,,,
841,SIN PLACAS,8L0TS73228E000841,PREGIO,PREGIO,S/I,PICK-UP,Liviana,EN PROCESO DE DESINCORPORACION,FUERA DE SERVICIO,DIVISIÓN SUR DEL LAGO TRUJILLO,TRANSPORTE TERRESTRE,,,,
16556,70LDAM,8ZCEC14T02V310045,CHEVROLET,CHEYENNE,BLANCO,PICK-UP,Liviana,EN PROCESO DE DESINCORPORACION,FUERA DE SERVICIO,GOIP,TRANSPORTE TERRESTRE,,,,
3372,SIN PLACAS,1N6AA0CH7CN323372,NISSAN,TITAN,GRIS,PICK-UP,Liviana,EN PROCESO DE DESINCORPORACION,FUERA DE SERVICIO,SERVICIOS LOGISTICOS,TRANSPORTE TERRESTRE,,,,
765,A32AJ7V,8ZCNCRE01BV316147,CHEVROLET,SILVERADO,BLANCO,PICK-UP,Liviana,EN PROCESO DE DESINCORPORACION,FUERA DE SERVICIO,TRANSPORTE TERRESTRE,TRANSPORTE TERRESTRE,,,,
21827,19UVAT,JN1CNUD225X451282,NISSAN,FRONTIER,BLANCO,PICK-UP,Liviana,EN PROCESO DE DESINCORPORACION,FUERA DE SERVICIO,COORDINACION OPERACIONAL,TRANSPORTE TERRESTRE,,,,
756,A32AJ1V,8ZCNCRE07BV316251,CHEVROLET,SILVERADO,BLANCO,PICK-UP,Liviana,EN PROCESO DE DESINCORPORACION,FUERA DE SERVICIO,TRANSPORTE TERRESTRE,TRANSPORTE TERRESTRE,,,,
21163,20TNAH,3FTRF17W97MA25444,FORD,F-150,BLANCO,PICK-UP,Liviana,EN PROCESO DE DESINCORPORACION,FUERA DE SERVICIO,SEGURIDAD INTEGRAL (DSI),TRANSPORTE TERRESTRE,,,,
21266,30VNAH,3FTRF17WX7MA25680,FORD,F-150,BLANCO,PICK-UP,Liviana,EN PROCESO DE DESINCORPORACION,FUERA DE SERVICIO,SERVICIOS LOGISTICOS,TRANSPORTE TERRESTRE,,,,
16360,21NAAW,8ZCEC14T21V315892,CHEVROLET,CHEYENNE,BLANCO,PICK-UP,Liviana,EN PROCESO DE DESINCORPORACION,FUERA DE SERVICIO,SERVICIOS ELECTRICOS,TRANSPORTE TERRESTRE,,,,
16814,23WVAY,1GCEC14J27Z628122,CHEVROLET,SILVERADO,BLANCO,PICK-UP,Liviana,EN PROCESO DE DESINCORPORACION,FUERA DE SERVICIO,TRANSPORTE TERRESTRE,TRANSPORTE TERRESTRE,,,,
21093,78HKAP,3FTRF17W37MA05738,FORD,F-150,BLANCO,PICK-UP,Liviana,EN PROCESO DE DESINCORPORACION,FUERA DE SERVICIO,TRANSPORTE TERRESTRE,TRANSPORTE TERRESTRE,,,,
21619,41UVAV,JN1CNUD227X461412,NISSAN,FRONTIER,BLANCO,PICK-UP,Liviana,EN PROCESO DE DESINCORPORACION,FUERA DE SERVICIO,SEGURIDAD INTEGRAL (DSI),TRANSPORTE TERRESTRE,,,,
21622,37SVAV,JN1CNUD227X461402,NISSAN,FRONTIER,BLANCO,PICK-UP,Liviana,EN PROCESO DE DESINCORPORACION,FUERA DE SERVICIO,SEGURIDAD INTEGRAL (DSI),TRANSPORTE TERRESTRE,,,,
21874,13UVAT,JN1CNUD225X451279,NISSAN,DOBLE CABINA,BLANCO,PICK-UP,Liviana,EN PROCESO DE DESINCORPORACION,FUERA DE SERVICIO,SERVICIOS LOGISTICOS,TRANSPORTE TERRESTRE,,,,
21892,46UVAT,JN1CNUD225X451394,NISSAN,FRONTIER,BLANCO,PICK-UP,Liviana,EN PROCESO DE DESINCORPORACION,FUERA DE SERVICIO,DIRECCION EJECUTIVA DE EXPLORACION Y EEII DE YACIMIENTOS(DEXEIY),TRANSPORTE TERRESTRE,,,,
13651,SIN PLACAS,POR CERTIFICAR,FORD,F-150,BLANCO,PICK-UP,Liviana,EN PROCESO DE DESINCORPORACION,FUERA DE SERVICIO,GERENCIA REGIONAL DE VIVIENDA,TRANSPORTE TERRESTRE,,,,
14480,AA8660J,8XDEU7584B8A14480,FORD,EXPLORER,GRIS PLOMO,PICK-UP,Liviana,EN PROCESO DE DESINCORPORACION,FUERA DE SERVICIO,TRANSPORTE TERRESTRE,TRANSPORTE TERRESTRE,,,,
16187,85EMAS,8ZCEC14TX1V307863,CHEVROLET,CHEYENNE,BLANCO,PICK-UP,Liviana,EN PROCESO DE DESINCORPORACION,FUERA DE SERVICIO,SERVICIOS ELECTRICOS,TRANSPORTE TERRESTRE,,,,
16218,41EAAW,8ZCEC14TX1V308379,CHEVROLET,CHEYENNE,BLANCO,PICK-UP,Liviana,EN PROCESO DE DESINCORPORACION,FUERA DE SERVICIO,COORDINACION OPERACIONAL,TRANSPORTE TERRESTRE,,,,
16551,66LDAM,8ZCEC14TX2V309842,CHEVROLET,CHEYENNE,BLANCO,PICK-UP,Liviana,EN PROCESO DE DESINCORPORACION,FUERA DE SERVICIO,COORDINACION OPERACIONAL,TRANSPORTE TERRESTRE,,,,
16652,63IABI,8ZCEC14T25V314179,CHEVROLET,CHEYENNE,BLANCO,PICK-UP,Liviana,EN PROCESO DE DESINCORPORACION,FUERA DE SERVICIO,COORDINACION OPERACIONAL,TRANSPORTE TERRESTRE,,,,
21113,03GKAR,3FTRF17W37MA17369,FORD,F-150,BLANCO,PICK-UP,Liviana,EN PROCESO DE DESINCORPORACION,FUERA DE SERVICIO,SERVICIOS LOGISTICOS,TRANSPORTE TERRESTRE,,,,
21150,28WLAH,3FTRF17W07MA25378,FORD,F-150,BLANCO,PICK-UP,Liviana,EN PROCESO DE DESINCORPORACION,FUERA DE SERVICIO,GERENCIA REGIONAL DE VIVIENDA,TRANSPORTE TERRESTRE,,,,
21153,23WLAH,3FTRF17W57MA25389,FORD,F-150,BLANCO,PICK-UP,Liviana,EN PROCESO DE DESINCORPORACION,FUERA DE SERVICIO,SEGURIDAD INTEGRAL (DSI),TRANSPORTE TERRESTRE,,,,
21179,81SNAH,3FTRF17W17MA25244,FORD,F-150,BLANCO,PICK-UP,Liviana,EN PROCESO DE DESINCORPORACION,FUERA DE SERVICIO,GOIP,TRANSPORTE TERRESTRE,,,,
21234,79FKAR,3FTRF17W47MA25755,FORD,F-150,BLANCO,PICK-UP,Liviana,EN PROCESO DE DESINCORPORACION,FUERA DE SERVICIO,AIT,TRANSPORTE TERRESTRE,,,,
21243,91FKAR,3FTRF17W07MA25607,FORD,F-150,BLANCO,PICK-UP,Liviana,EN PROCESO DE DESINCORPORACION,FUERA DE SERVICIO,GERENCIA REGIONAL DE VIVIENDA,TRANSPORTE TERRESTRE,,,,
21260,95FKAR,3FTRF17W07MA25591,FORD,F-150,BLANCO,PICK-UP,Liviana,EN PROCESO DE DESINCORPORACION,FUERA DE SERVICIO,GERENCIA REGIONAL DE VIVIENDA,TRANSPORTE TERRESTRE,,,,
21611,29SVAV,JU1CNUD227X461381,NISSAN,FRONTIER,BLANCO,PICK-UP,Liviana,EN PROCESO DE DESINCORPORACION,FUERA DE SERVICIO,SEGURIDAD INTEGRAL (DSI),TRANSPORTE TERRESTRE,,,,
21724,97TVAT,JN1CNUD225X451270,NISSAN,FRONTIER,BLANCO,PICK-UP,Liviana,EN PROCESO DE DESINCORPORACION,FUERA DE SERVICIO,SEGURIDAD INTEGRAL (DSI),TRANSPORTE TERRESTRE,,,,
21730,83IVAU,JN1CNUD225A714317,NISSAN,FRONTIER,BLANCO,PICK-UP,Liviana,EN PROCESO DE DESINCORPORACION,FUERA DE SERVICIO,SERVICIOS LOGISTICOS,TRANSPORTE TERRESTRE,,,,
21753,22UVAT,JN1CNUD225X451382,NISSAN,FRONTIER,BLANCO,PICK-UP,Liviana,EN PROCESO DE DESINCORPORACION,FUERA DE SERVICIO,GERENCIA REGIONAL DE VIVIENDA,TRANSPORTE TERRESTRE,,,,
21764,59TVAT,JN1CNUD225A714200,NISSAN,FRONTIER,BLANCO,PICK-UP,Liviana,EN PROCESO DE DESINCORPORACION,FUERA DE SERVICIO,COORDINACION OPERACIONAL,TRANSPORTE TERRESTRE,,,,
21774,80IVAU,JN1CNUD225X451291,NISSAN,FRONTIER,BLANCO,PICK-UP,Liviana,EN PROCESO DE DESINCORPORACION,FUERA DE SERVICIO,DIRECCION EJECUTIVA DE EXPLORACION Y EEII DE YACIMIENTOS(DEXEIY),TRANSPORTE TERRESTRE,,,,
21783,48UVAT,JN1CNUD225X451395,NISSAN,FRONTIER,BLANCO,PICK-UP,Liviana,EN PROCESO DE DESINCORPORACION,FUERA DE SERVICIO,AIT,TRANSPORTE TERRESTRE,,,,
21789,11UVAT,JN1CNUD225X451375,NISSAN,FRONTIER,BLANCO,PICK-UP,Liviana,EN PROCESO DE DESINCORPORACION,FUERA DE SERVICIO,SERVICIOS LOGISTICOS,TRANSPORTE TERRESTRE,,,,
21815,94UVAT,JN1CNUD225A714353,NISSAN,FRONTIER,BLANCO,PICK-UP,Liviana,EN PROCESO DE DESINCORPORACION,FUERA DE SERVICIO,SERVICIOS LOGISTICOS,TRANSPORTE TERRESTRE,,,,
21834,41UVAT,JN1CNUD225X451350,NISSAN,FRONTIER,BLANCO,PICK-UP,Liviana,EN PROCESO DE DESINCORPORACION,FUERA DE SERVICIO,AIT,TRANSPORTE TERRESTRE,,,,
21924,86ZAAO,JN1CNUD226A714623,NISSAN,FRONTIER,BLANCO,PICK-UP,Liviana,EN PROCESO DE DESINCORPORACION,FUERA DE SERVICIO,AIT,TRANSPORTE TERRESTRE,,,,
21931,88ZAAO,ZN1CNUD226A714626,NISSAN,FRONTIER,BLANCO,PICK-UP,Liviana,EN PROCESO DE DESINCORPORACION,FUERA DE SERVICIO,SEGURIDAD INTEGRAL (DSI),TRANSPORTE TERRESTRE,,,,
16529,88LDAM,8ZCEC14T32V309651,CHEVROLET,CHEYENNE,BLANCO,PICK-UP,Liviana,A DESINCORPORAR,HURTO DE CHAPA VIN,SEGURIDAD INTEGRAL (DSI),TRANSPORTE TERRESTRE,,,,
5364,SIN PLACAS,1N6AAOEJ7CN325364,NISSAN,TITAN,GRIS OSCURO,PICK-UP,Liviana,EN PROCESO DE DESINCORPORACION,FUERA DE SERVICIO,"COL, DIVISIÓN COSTA ORIENTAL DEL LAGO",TRANSPORTE TERRESTRE,,,,
8377,A70AM9I,1N6ADOEVXCC468377,NISSAN,FRONTIER,BLANCO,PICK-UP,Liviana,EN PROCESO DE DESINCORPORACION,FUERA DE SERVICIO,DIVISIÓN LAGO,TRANSPORTE TERRESTRE,,,,
7198,608XKV,RN855145501,TOYOTA,HILUX,BLANCO,PICK-UP,Liviana,EN PROCESO DE DESINCORPORACION,FUERA DE SERVICIO,DIVISIÓN LAGO,TRANSPORTE TERRESTRE,,,,
16368,SIN PLACAS,8ZCEC14T01V315924,CHEVROLET,CHEYENNE,BLANCO,PICK-UP,Liviana,EN PROCESO DE DESINCORPORACION,FUERA DE SERVICIO,"COL, DIVISIÓN COSTA ORIENTAL DEL LAGO",TRANSPORTE TERRESTRE,,,,
21805,24UVAT,JN1CNUD225X451383,NISSAN,DOBLE CABINA,BLANCO,PICK-UP,Liviana,EN PROCESO DE DESINCORPORACION,FUERA DE SERVICIO,"OCC, DIVISIÓN COSTA OCCIDENTAL",TRANSPORTE TERRESTRE,,,,
16591,01PIAC,8ZCEC14T52V312034,CHEVROLET,CHEYENNE,BLANCO,PICK-UP,Liviana,EN PROCESO DE DESINCORPORACION,FUERA DE SERVICIO,"OCC, DIVISIÓN COSTA OCCIDENTAL",TRANSPORTE TERRESTRE,,,,
16780,53JABI,8ZCEC14TX5V314625,CHEVROLET,CHEYENNE,BLANCO,PICK-UP,Liviana,EN PROCESO DE DESINCORPORACION,FUERA DE SERVICIO,"OCC, DIVISIÓN COSTA OCCIDENTAL",TRANSPORTE TERRESTRE,,,,
16853,A56AB9G,8ZCEC14J58V321999,CHEVROLET,SILVERADO,BLANCO,PICK-UP,Liviana,EN PROCESO DE DESINCORPORACION,FUERA DE SERVICIO,"OCC, DIVISIÓN COSTA OCCIDENTAL",TRANSPORTE TERRESTRE,,,,
16854,A66AB1G,8ZCEC14J48V322044,CHEVROLET,SILVERADO,BLANCO,PICK-UP,Liviana,EN PROCESO DE DESINCORPORACION,FUERA DE SERVICIO,"OCC, DIVISIÓN COSTA OCCIDENTAL",TRANSPORTE TERRESTRE,,,,
16855,A65AB6G,8ZCEC14J78V314777,CHEVROLET,SILVERADO,BLANCO,PICK-UP,Liviana,EN PROCESO DE DESINCORPORACION,FUERA DE SERVICIO,"OCC, DIVISIÓN COSTA OCCIDENTAL",TRANSPORTE TERRESTRE,,,,
16857,A56AB8G,8ZCEC14J18V31848,CHEVROLET,SILVERADO,BLANCO,PICK-UP,Liviana,EN PROCESO DE DESINCORPORACION,FUERA DE SERVICIO,"OCC, DIVISIÓN COSTA OCCIDENTAL",TRANSPORTE TERRESTRE,,,,
21031,64MKAM,8YTRF172758A39936,FORD,F-150,BLANCO,PICK-UP,Liviana,EN PROCESO DE DESINCORPORACION,FUERA DE SERVICIO,"OCC, DIVISIÓN COSTA OCCIDENTAL",TRANSPORTE TERRESTRE,,,,
783,A87AK9V,8ZCNCRE05BV323599,CHEVROLET,SILVERADO,BLANCO,PICK-UP,Liviana,EN PROCESO DE DESINCORPORACION,FUERA DE SERVICIO,"OCC, DIVISIÓN COSTA OCCIDENTAL",TRANSPORTE TERRESTRE,,,,
16737,42JABI,8ZCEC14T05V314424,CHEVROLET,CHEYENNE,BLANCO,PICK-UP,Liviana,EN PROCESO DE DESINCORPORACION,FUERA DE SERVICIO,"OCC, DIVISIÓN COSTA OCCIDENTAL",TRANSPORTE TERRESTRE,,,,
16260,05PAAV,8ZCEC14TX1V308463,CHEVROLET,CHEYENNE,BLANCO,PICK-UP,Liviana,EN PROCESO DE DESINCORPORACION,FUERA DE SERVICIO,"OCC, DIVISIÓN COSTA OCCIDENTAL",TRANSPORTE TERRESTRE,,,,
16499,20LDAM,8ZCEC14T62V306582,CHEVROLET,CHEYENNE,BLANCO,PICK-UP,Liviana,EN PROCESO DE DESINCORPORACION,FUERA DE SERVICIO,"OCC, DIVISIÓN COSTA OCCIDENTAL",TRANSPORTE TERRESTRE,,,,
16728,59JABI,8ZCEC14TX5V314706,CHEVROLET,CHEYENNE,BLANCO,PICK-UP,Liviana,EN PROCESO DE DESINCORPORACION,FUERA DE SERVICIO,GOIP,TRANSPORTE TERRESTRE,,,,
16346,SIN PLACAS,8ZCEC14T81V313936,CHEVROLET,CHEYENNE,BLANCO,PICK-UP,Liviana,EN PROCESO DE DESINCORPORACION,FUERA DE SERVICIO,SEGURIDAD INTEGRAL (DSI),TRANSPORTE TERRESTRE,,,,
16759,35EGAX,8ZCEC14T55V318565,CHEVROLET,CHEYENNE,BLANCO,PICK-UP,Liviana,A DESINCORPORAR,FUERA DE SERVICIO,COORDINACION OPERACIONAL,TRANSPORTE TERRESTRE,,,,
21202,47TNAH,3FTRF17W97MA25282,FORD,F-150,BLANCO,PICK-UP,Liviana,EN PROCESO DE DESINCORPORACION,FUERA DE SERVICIO,BARIVEN,TRANSPORTE TERRESTRE,,,,
21620,33UVAV,JN1CNUD227X461389,NISSAN,FRONTIER,BLANCO,PICK-UP,Liviana,EN PROCESO DE DESINCORPORACION,FUERA DE SERVICIO,SEGURIDAD INTEGRAL (DSI),TRANSPORTE TERRESTRE,,,,
21904,64UVAT,JN1CNUD225A714226,NISSAN,DOBLE CABINA,BLANCO,PICK-UP,Liviana,EN PROCESO DE DESINCORPORACION,FUERA DE SERVICIO,SERVICIOS LOGISTICOS,TRANSPORTE TERRESTRE,,,,
16381,SIN PLACAS,8ZCEC14T31V308594,CHEVROLET,CHEYENNE,BLANCO,PICK-UP,Liviana,EN PROCESO DE DESINCORPORACION,FUERA DE SERVICIO,DIVISIÓN LAGO,TRANSPORTE TERRESTRE,,,,
16420,63MDAM,8XCEC14TX2V308108,CHEVROLET,CHEYENNE,BLANCO,PICK-UP,Liviana,EN PROCESO DE DESINCORPORACION,FUERA DE SERVICIO,DIVISIÓN LAGO,TRANSPORTE TERRESTRE,,,,
16736,41JABI,8ZCEC14T15V314416,CHEVROLET,CHEYENNE,BLANCO,PICK-UP,Liviana,A DESINCORPORAR,FUERA DE SERVICIO,DIVISIÓN LAGO,TRANSPORTE TERRESTRE,,,,
16549,87UDAN,8ZCEC14T62V310101,CHEVROLET,CHEYENNE,BLANCO,PICK-UP,Liviana,A DESINCORPORAR,FUERA DE SERVICIO,GOIP,TRANSPORTE TERRESTRE,,,,
16708,16JABI,8ZCEC14T25V314635,CHEVROLET,CHEYENNE,BLANCO,PICK-UP,Liviana,EN PROCESO DE DESINCORPORACION,FUERA DE SERVICIO,SEGURIDAD INTEGRAL (DSI),TRANSPORTE TERRESTRE,,,,
4752,SIN PLACAS,1N6AD0FV1CC464752,NISSAN,FRONTIER,BLANCO,PICK-UP,Liviana,EN PROCESO DE DESINCORPORACION,FUERA DE SERVICIO,DIRECCION EJECUTIVA DE EXPLORACION Y EEII DE YACIMIENTOS(DEXEIY),TRANSPORTE TERRESTRE,,,,
16601,67XVAT,8ZCEC14T65V307574,CHEVROLET,CHEYENNE,BLANCO,PICK-UP,Liviana,A DESINCORPORAR,FUERA DE SERVICIO,COORDINACION OPERACIONAL,TRANSPORTE TERRESTRE,,,,
16614,50ZVAT,8ZCEC14T65V311656,CHEVROLET,CHEYENNE,BLANCO,PICK-UP,Liviana,EN PROCESO DE DESINCORPORACION,FUERA DE SERVICIO,SEGURIDAD INTEGRAL (DSI),TRANSPORTE TERRESTRE,,,,
16638,61CGAX,8ZCEC14T95V311988,CHEVROLET,SILVERADO,BLANCO,PICK-UP,Liviana,EN PROCESO DE DESINCORPORACION,FUERA DE SERVICIO,SERVICIOS ELECTRICOS,TRANSPORTE TERRESTRE,,,,
16823,19VUAB,1GCEC14J87Z627007,CHEVROLET,SILVERADO,BLANCO,PICK-UP,Liviana,EN PROCESO DE DESINCORPORACION,FUERA DE SERVICIO,SERVICIOS LOGISTICOS,TRANSPORTE TERRESTRE,,,,
16846,A25AB3G,8ZCEC14J78V321096,CHEVROLET,SILVERADO,BLANCO,PICK-UP,Liviana,EN PROCESO DE DESINCORPORACION,FUERA DE SERVICIO,SEGURIDAD INTEGRAL (DSI),TRANSPORTE TERRESTRE,,,,
21610,36SVAV,JU1CNUD227X461399,NISSAN,DOBLE CABINA,BLANCO,PICK-UP,Liviana,EN PROCESO DE DESINCORPORACION,FUERA DE SERVICIO,"COL, DIVISIÓN COSTA ORIENTAL DEL LAGO",TRANSPORTE TERRESTRE,,,,
9862,84RABM,3GCEC14T87G199862,CHEVROLET,CHEYENNE,GRIS,PICK-UP,Liviana,EN PROCESO DE DESINCORPORACION,FUERA DE SERVICIO,DIVISIÓN LAGO,TRANSPORTE TERRESTRE,,,,
16266,10YAAV,8ZCEC14T51V308578,CHEVROLET,CHEYENNE,BLANCO,PICK-UP,Liviana,EN PROCESO DE DESINCORPORACION,FUERA DE SERVICIO,DIVISIÓN LAGO,TRANSPORTE TERRESTRE,,,,
16400,49MDAM,8ZCEC14T32V307849,CHEVROLET,CHEYENNE,BLANCO,PICK-UP,Liviana,EN PROCESO DE DESINCORPORACION,FUERA DE SERVICIO,DIVISIÓN LAGO,TRANSPORTE TERRESTRE,,,,
16416,55MDAM,8ZCEC14T52V307982,CHEVROLET,CHEYENNE,BLANCO,PICK-UP,Liviana,A DESINCORPORAR,FUERA DE SERVICIO,DIVISIÓN LAGO,TRANSPORTE TERRESTRE,,,,
16650,71CGAX,8ZCEC14T45V312224,CHEVROLET,CHEYENNE,BLANCO,PICK-UP,Liviana,EN PROCESO DE DESINCORPORACION,FUERA DE SERVICIO,DIVISIÓN LAGO,TRANSPORTE TERRESTRE,,,,
16712,71IABI,8ZCEC14T85V312923,CHEVROLET,CHEYENNE,BLANCO,PICK-UP,Liviana,EN PROCESO DE DESINCORPORACION,FUERA DE SERVICIO,DIVISIÓN LAGO,TRANSPORTE TERRESTRE,,,,
16156,93EMAS,8ZCEC14T01V308178,CHEVROLET,CHEYENNE,BLANCO,PICK-UP,Liviana,EN PROCESO DE DESINCORPORACION,FUERA DE SERVICIO,DIVISIÓN LAGO,TRANSPORTE TERRESTRE,,,,
16353,SIN PLACAS,8ZCEC14T61V314003,CHEVROLET,CHEYENNE,BLANCO,PICK-UP,Liviana,EN PROCESO DE DESINCORPORACION,FUERA DE SERVICIO,GOIP,TRANSPORTE TERRESTRE,,,,
758,A32AJ5V,8ZCNCRE03BV316179,CHEVROLET,SILVERADO,BLANCO,PICK-UP,Liviana,EN PROCESO DE DESINCORPORACION,FUERA DE SERVICIO,GERENCIA REGIONAL DE VIVIENDA,TRANSPORTE TERRESTRE,,,,
16850,93ZVAV,1GCEC14JX7Z628126,CHEVROLET,SILVERADO,BLANCO,PICK-UP,Liviana,A DESINCORPORAR,FUERA DE SERVICIO,TRANSPORTE TERRESTRE,TRANSPORTE TERRESTRE,,,,
838,71ITAA,8ZCER14R6YV310238,CHEVROLET,CHEYENNE,BLANCO,PICK-UP,Liviana,EN PROCESO DE DESINCORPORACION,FUERA DE SERVICIO,DIVISIÓN LAGO,TRANSPORTE TERRESTRE,,,,
1916,A89AS7C,1N6ADOEVOCC441916,NISSAN,FRONTIER,BLANCO,PICK-UP,Liviana,EN PROCESO DE DESINCORPORACION,FUERA DE SERVICIO,DIVISIÓN LAGO,TRANSPORTE TERRESTRE,,,,
210,SIN PLACAS,1FTMF1CM3CFC90210,FORD,F-150,BLANCO,PICK-UP,Liviana,DESINCORPORADO,FUERA DE SERVICIO,COORDINACION OPERACIONAL,TRANSPORTE TERRESTRE,,,,
759,A32AJ6V,8ZCNCRE09BV316171,CHEVROLET,SILVERADO,BLANCO,PICK-UP,Liviana,DESINCORPORADO,FUERA DE SERVICIO,COORDINACION OPERACIONAL,TRANSPORTE TERRESTRE,,,,
767,A33AJ3V,8ZCNCRE02BV316206,CHEVROLET,SILVERADO,BLANCO,PICK-UP,Liviana,DESINCORPORADO,FUERA DE SERVICIO,SERVICIOS ELECTRICOS,TRANSPORTE TERRESTRE,,,,
768,A33AJ4V,8ZCNCRE03BV316201,CHEVROLET,SILVERADO,BLANCO,PICK-UP,Liviana,DESINCORPORADO,FUERA DE SERVICIO,SERVICIOS ELECTRICOS,TRANSPORTE TERRESTRE,,,,
781,A31AL7V,8ZCNCRE04BV319513,CHEVROLET,SILVERADO,BLANCO,PICK-UP,Liviana,DESINCORPORADO,FUERA DE SERVICIO,SERVICIOS LOGISTICOS,TRANSPORTE TERRESTRE,,,,
782,A80AK7V,8ZCNCRE08BV324911,CHEVROLET,SILVERADO,BLANCO,PICK-UP,Liviana,DESINCORPORADO,FUERA DE SERVICIO,SERVICIOS LOGISTICOS,TRANSPORTE TERRESTRE,,,,
784,A10AL4V,8ZCNCRE07BV326052,CHEVROLET,SILVERADO,BLANCO,PICK-UP,Liviana,DESINCORPORADO,FUERA DE SERVICIO,SERVICIOS ELECTRICOS,TRANSPORTE TERRESTRE,,,,
794,A29AI4A,8ZCNCRE03BV336366,CHEVROLET,SILVERADO,BLANCO,PICK-UP,Liviana,DESINCORPORADO,FUERA DE SERVICIO,SEGURIDAD INTEGRAL (DSI),TRANSPORTE TERRESTRE,,,,
817,A71AM5I,1GC0CVCG4DF140746,CHEVROLET,SILVERADO,BLANCO,PICK-UP,Liviana,DESINCORPORADO,FUERA DE SERVICIO,SEGURIDAD INTEGRAL (DSI),TRANSPORTE TERRESTRE,,,,
1017,A85AS9C,1GC0CVCG7DF141017,CHEVROLET,SILVERADO,BLANCO,PICK-UP,Liviana,DESINCORPORADO,FUERA DE SERVICIO,SEGURIDAD INTEGRAL (DSI),TRANSPORTE TERRESTRE,,,,
2354,SIN PLACAS,1N6AD0EV7CC472354,NISSAN,FRONTIER,BLANCO,PICK-UP,Liviana,DESINCORPORADO,FUERA DE SERVICIO,ASUNTOS PUBLICOS,TRANSPORTE TERRESTRE,,,,
3114,SIN PLACAS,1N6AA0CC1CN323114,TOYOTA,TACOMA,GRIS,PICK-UP,Liviana,DESINCORPORADO,FUERA DE SERVICIO,GOIP,TRANSPORTE TERRESTRE,,,,
7655,SIN PLACAS,1N6AD0ER2CC447655,NISSAN,FRONTIER,GRIS,PICK-UP,Liviana,DESINCORPORADO,FUERA DE SERVICIO,SERVICIOS LOGISTICOS,TRANSPORTE TERRESTRE,,,,
8983,SIN PLACAS,1N6AD0EV7CC468983,NISSAN,FRONTIER,GRIS,PICK-UP,Liviana,DESINCORPORADO,FUERA DE SERVICIO,DIVISIÓN SUR DEL LAGO TRUJILLO,TRANSPORTE TERRESTRE,,,,
9287,A79BU7K,1FTMF1CM3CFB69287,FORD,F-150,GRIS,PICK-UP,Liviana,DESINCORPORADO,FUERA DE SERVICIO,COORDINACION OPERACIONAL,TRANSPORTE TERRESTRE,,,,
9467,SIN PLACAS,1N6BA0EC1CN319467,NISSAN,TITAN,BLANCO,PICK-UP,Liviana,DESINCORPORADO,ROBO RECUPERADO,AMBIENTE,TRANSPORTE TERRESTRE,,,,
9492,A72AM8I,1N6AD0EV9CC459492,NISSAN,FRONTIER,GRIS,PICK-UP,Liviana,DESINCORPORADO,FUERA DE SERVICIO,SERVICIOS ELECTRICOS,TRANSPORTE TERRESTRE,,,,
9791,SIN PLACAS,1N6AD0ER4CC459791,TOYOTA,TACOMA,BLANCO,PICK-UP,Liviana,DESINCORPORADO,FUERA DE SERVICIO,GOIP,TRANSPORTE TERRESTRE,,,,
14862,28MDAM,8LBTFS25H20111689,CHEVROLET,CHEYENNE,BLANCO,PICK-UP,Liviana,DESINCORPORADO,FUERA DE SERVICIO,SEGURIDAD INTEGRAL (DSI),TRANSPORTE TERRESTRE,,,,
16163,06FMAS,8ZCEC14T81V308221,CHEVROLET,CHEYENNE,BLANCO,PICK-UP,Liviana,DESINCORPORADO,FUERA DE SERVICIO,GOIP,TRANSPORTE TERRESTRE,,,,
16164,69KAAW,8ZCEC14T71V308209,CHEVROLET,CHEYENNE,BLANCO,PICK-UP,Liviana,DESINCORPORADO,FUERA DE SERVICIO,AMBIENTE,TRANSPORTE TERRESTRE,,,,
16202,17KABA,8ZCEC14T51V308242,CHEVROLET,CHEYENNE,BLANCO,PICK-UP,Liviana,DESINCORPORADO,FUERA DE SERVICIO,SERVICIOS ELECTRICOS,TRANSPORTE TERRESTRE,,,,
16207,77KAAW,8ZCEC14T91V308213,CHEVROLET,CHEYENNE,BLANCO,PICK-UP,Liviana,DESINCORPORADO,FUERA DE SERVICIO,GOIP,TRANSPORTE TERRESTRE,,,,
16225,93XAAV,8ZCEC14T61V308587,CHEVROLET,CHEYENNE,BLANCO,PICK-UP,Liviana,DESINCORPORADO,FUERA DE SERVICIO,SEGURIDAD INTEGRAL (DSI),TRANSPORTE TERRESTRE,,,,
16259,94XAAV,8ZCEC14T91V308342,CHEVROLET,CHEYENNE,BLANCO,PICK-UP,Liviana,DESINCORPORADO,FUERA DE SERVICIO,SERVICIOS ELECTRICOS,TRANSPORTE TERRESTRE,,,,
16262,20PAAV,8ZCEC14T51V308449,CHEVROLET,CHEYENNE,BLANCO,PICK-UP,Liviana,DESINCORPORADO,FUERA DE SERVICIO,SERVICIOS LOGISTICOS,TRANSPORTE TERRESTRE,,,,
16270,51PAAV,8ZCEC14T91V308891,CHEVROLET,CHEYENNE,BLANCO,PICK-UP,Liviana,DESINCORPORADO,FUERA DE SERVICIO,SEGURIDAD INTEGRAL (DSI),TRANSPORTE TERRESTRE,,,,
16295,87DAAW,8ZCEC14T01V309119,CHEVROLET,CHEYENNE,BLANCO,PICK-UP,Liviana,DESINCORPORADO,FUERA DE SERVICIO,DIVISIÓN LAGO,TRANSPORTE TERRESTRE,,,,
16336,SIN PLACAS,8ZCEC14T11V313910,CHEVROLET,CHEYENNE,BLANCO,PICK-UP,Liviana,DESINCORPORADO,FUERA DE SERVICIO,RELACIONES GUBERNAMENTALES PROPIEDADES Y CATASTRO,TRANSPORTE TERRESTRE,,,,
16337,SIN PLACAS,8ZCEC14TX1V313873,CHEVROLET,CHEYENNE,BLANCO,PICK-UP,Liviana,DESINCORPORADO,FUERA DE SERVICIO,SERVICIOS LOGISTICOS,TRANSPORTE TERRESTRE,,,,
16359,27NAAW,8ZCEC14T01V315955,CHEVROLET,CHEYENNE,BLANCO,PICK-UP,Liviana,DESINCORPORADO,FUERA DE SERVICIO,PDVSA SERVICIOS PETROLEROS,TRANSPORTE TERRESTRE,,,,
16379,SIN PLACAS,8ZCEC14T01V316250,CHEVROLET,CHEYENNE,BLANCO,PICK-UP,Liviana,DESINCORPORADO,FUERA DE SERVICIO,GOIP,TRANSPORTE TERRESTRE,,,,
16392,SIN PLACAS,8ZCEC14T21V316993,CHEVROLET,CHEYENNE,BLANCO,PICK-UP,Liviana,DESINCORPORADO,FUERA DE SERVICIO,SEGURIDAD INTEGRAL (DSI),TRANSPORTE TERRESTRE,,,,
16407,67MDAM,8ZCEC14T42V308184,CHEVROLET,CHEYENNE,BLANCO,PICK-UP,Liviana,DESINCORPORADO,FUERA DE SERVICIO,"COL, DIVISIÓN COSTA ORIENTAL DEL LAGO",TRANSPORTE TERRESTRE,,,,
16472,64KDAM,8ZCEC14TX2V309047,CHEVROLET,CHEYENNE,BLANCO,PICK-UP,Liviana,DESINCORPORADO,FUERA DE SERVICIO,GOIP,TRANSPORTE TERRESTRE,,,,
16481,56KDAM,8ZCEC14T62V309031,CHEVROLET,CHEYENNE,BLANCO,PICK-UP,Liviana,DESINCORPORADO,FUERA DE SERVICIO,BARIVEN,TRANSPORTE TERRESTRE,,,,
16496,77KDAM,8ZCEC14T02V309199,CHEVROLET,CHEYENNE,BLANCO,PICK-UP,Liviana,DESINCORPORADO,FUERA DE SERVICIO,RELACIONES GUBERNAMENTALES PROPIEDADES Y CATASTRO,TRANSPORTE TERRESTRE,,,,
16512,64LDAM,8ZCEC14T12V309681,CHEVROLET,CHEYENNE,BLANCO,PICK-UP,Liviana,DESINCORPORADO,FUERA DE SERVICIO,SERVICIOS LOGISTICOS,TRANSPORTE TERRESTRE,,,,
16516,96UDAN,8ZCEC14T92V310304,CHEVROLET,CHEYENNE,BLANCO,PICK-UP,Liviana,DESINCORPORADO,FUERA DE SERVICIO,GOIP,TRANSPORTE TERRESTRE,,,,
16518,92LDAM,8ZCEC14T12V310068,CHEVROLET,CHEYENNE,BLANCO,PICK-UP,Liviana,DESINCORPORADO,FUERA DE SERVICIO,SERVICIOS ELECTRICOS,TRANSPORTE TERRESTRE,,,,
16540,97UDAN,8ZCEC14T92V310318,CHEVROLET,CHEYENNE,BLANCO,PICK-UP,Liviana,DESINCORPORADO,FUERA DE SERVICIO,"COL, DIVISIÓN COSTA ORIENTAL DEL LAGO",TRANSPORTE TERRESTRE,,,,
16545,72LDAM,8ZCEC14TX2V310036,CHEVROLET,CHEYENNE,BLANCO,PICK-UP,Liviana,DESINCORPORADO,FUERA DE SERVICIO,TRANSPORTE TERRESTRE,TRANSPORTE TERRESTRE,,,,
16554,95LDAM,8ZCEC14T12V310099,CHEVROLET,CHEYENNE,BLANCO,PICK-UP,Liviana,DESINCORPORADO,FUERA DE SERVICIO,"COL, DIVISIÓN COSTA ORIENTAL DEL LAGO",TRANSPORTE TERRESTRE,,,,
16568,19VDAN,8ZCEC14T02V310501,CHEVROLET,CHEYENNE,BLANCO,PICK-UP,Liviana,DESINCORPORADO,FUERA DE SERVICIO,AIT,TRANSPORTE TERRESTRE,,,,
16592,65KVAT,8ZCEC14T65V307557,CHEVROLET,CHEYENNE,BLANCO,PICK-UP,Liviana,DESINCORPORADO,FUERA DE SERVICIO,AIT,TRANSPORTE TERRESTRE,,,,
16596,65XVAT,8ZCEC14T05V307571,CHEVROLET,CHEYENNE,BLANCO,PICK-UP,Liviana,DESINCORPORADO,FUERA DE SERVICIO,GOIP,TRANSPORTE TERRESTRE,,,,
16605,64KVAT,8ZCEC14TX5V307545,CHEVROLET,CHEYENNE,BLANCO,PICK-UP,Liviana,DESINCORPORADO,FUERA DE SERVICIO,SERVICIOS ELECTRICOS,TRANSPORTE TERRESTRE,,,,
16629,40CGAX,8ZCEC14T05V310759,CHEVROLET,CHEYENNE,BLANCO,PICK-UP,Liviana,DESINCORPORADO,FUERA DE SERVICIO,COORDINACION OPERACIONAL,TRANSPORTE TERRESTRE,,,,
16647,65CGAX,8ZCEC14T65V312080,CHEVROLET,CHEYENNE,BLANCO,PICK-UP,Liviana,DESINCORPORADO,FUERA DE SERVICIO,SERVICIOS ELECTRICOS,TRANSPORTE TERRESTRE,,,,
16667,73IABI,8ZCEC14TX5V313023,CHEVROLET,CHEYENNE,BLANCO,PICK-UP,Liviana,DESINCORPORADO,FUERA DE SERVICIO,TRANSPORTE TERRESTRE,TRANSPORTE TERRESTRE,,,,
16681,08JABI,8ZCEC14T25V314537,CHEVROLET,CHEYENNE,BLANCO,PICK-UP,Liviana,DESINCORPORADO,FUERA DE SERVICIO,SERVICIOS LOGISTICOS,TRANSPORTE TERRESTRE,,,,
16684,75IABI,8ZCEC14T15V313086,CHEVROLET,CHEYENNE,BLANCO,PICK-UP,Liviana,DESINCORPORADO,FUERA DE SERVICIO,AMBIENTE,TRANSPORTE TERRESTRE,,,,
16688,05JABI,8ZCEC14T35V314448,CHEVROLET,CHEYENNE,BLANCO,PICK-UP,Liviana,DESINCORPORADO,FUERA DE SERVICIO,SEGURIDAD INTEGRAL (DSI),TRANSPORTE TERRESTRE,,,,
16690,77IABI,8ZCEC14T75V313092,CHEVROLET,CHEYENNE,BLANCO,PICK-UP,Liviana,DESINCORPORADO,FUERA DE SERVICIO,COORDINACION OPERACIONAL,TRANSPORTE TERRESTRE,,,,
16693,47IABI,8ZCEC14T35V313025,CHEVROLET,CHEYENNE,BLANCO,PICK-UP,Liviana,DESINCORPORADO,FUERA DE SERVICIO,"COL, DIVISIÓN COSTA ORIENTAL DEL LAGO",TRANSPORTE TERRESTRE,,,,
16701,84IABI,8ZCEC14T35V313249,CHEVROLET,CHEYENNE,BLANCO,PICK-UP,Liviana,DESINCORPORADO,FUERA DE SERVICIO,AIT,TRANSPORTE TERRESTRE,,,,
16710,96IABI,8ZCEC14T75V314291,CHEVROLET,CHEYENNE,BLANCO,PICK-UP,Liviana,DESINCORPORADO,FUERA DE SERVICIO,TRANSPORTE TERRESTRE,TRANSPORTE TERRESTRE,,,,
16727,69IABI,8ZCEC14T35V314384,CHEVROLET,CHEYENNE,BLANCO,PICK-UP,Liviana,DESINCORPORADO,FUERA DE SERVICIO,SERVICIOS LOGISTICOS,TRANSPORTE TERRESTRE,,,,
16730,34EGAX,8ZCEC14T65V318560,CHEVROLET,CHEYENNE,BLANCO,PICK-UP,Liviana,DESINCORPORADO,FUERA DE SERVICIO,PROYECTOS MAYORES,TRANSPORTE TERRESTRE,,,,
16740,43JABI,8ZCEC14T95V314454,CHEVROLET,CHEYENNE,BLANCO,PICK-UP,Liviana,DESINCORPORADO,FUERA DE SERVICIO,SERVICIOS ELECTRICOS,TRANSPORTE TERRESTRE,,,,
16766,40EGAX,8ZCEC14T75V318759,CHEVROLET,CHEYENNE,BLANCO,PICK-UP,Liviana,DESINCORPORADO,FUERA DE SERVICIO,AMBIENTE,TRANSPORTE TERRESTRE,,,,
16782,12ICAD,8ZCEC14TX7V315924,CHEVROLET,CHEYENNE,BLANCO,PICK-UP,Liviana,DESINCORPORADO,FUERA DE SERVICIO,SERVICIOS LOGISTICOS,TRANSPORTE TERRESTRE,,,,
16784,11ICAD,8ZCEC14T07V315883,CHEVROLET,CHEYENNE,BLANCO,PICK-UP,Liviana,DESINCORPORADO,FUERA DE SERVICIO,SEGURIDAD INTEGRAL (DSI),TRANSPORTE TERRESTRE,,,,
16786,10ICAD,8ZCEC14TX7V315860,CHEVROLET,CHEYENNE,BLANCO,PICK-UP,Liviana,DESINCORPORADO,FUERA DE SERVICIO,"COL, DIVISIÓN COSTA ORIENTAL DEL LAGO",TRANSPORTE TERRESTRE,,,,
16802,37HCAD,8ZCEC14T27V314296,CHEVROLET,CHEYENNE,BLANCO,PICK-UP,Liviana,DESINCORPORADO,FUERA DE SERVICIO,GOIP,TRANSPORTE TERRESTRE,,,,
16807,81AABN,8ZCEC14T67V322465,CHEVROLET,CHEYENNE,BLANCO,PICK-UP,Liviana,DESINCORPORADO,FUERA DE SERVICIO,AIT,TRANSPORTE TERRESTRE,,,,
16818,35GXAC,1GCEC14JX7Z625078,CHEVROLET,SILVERADO,BLANCO,PICK-UP,Liviana,DESINCORPORADO,FUERA DE SERVICIO,TRANSPORTE TERRESTRE,TRANSPORTE TERRESTRE,,,,
16819,56VVAY,1GCEC14J57Z638546,CHEVROLET,SILVERADO,BLANCO,PICK-UP,Liviana,DESINCORPORADO,FUERA DE SERVICIO,"COL, DIVISIÓN COSTA ORIENTAL DEL LAGO",TRANSPORTE TERRESTRE,,,,
16821,00WVAY,1GCEC14J47Z628834,CHEVROLET,SILVERADO,BLANCO,PICK-UP,Liviana,DESINCORPORADO,FUERA DE SERVICIO,COORDINACION OPERACIONAL,TRANSPORTE TERRESTRE,,,,
16825,41GXAC,1GCEC14J57Z628132,CHEVROLET,SILVERADO,BLANCO,PICK-UP,Liviana,DESINCORPORADO,FUERA DE SERVICIO,TRANSPORTE TERRESTRE,TRANSPORTE TERRESTRE,,,,
16833,A24AB8G,8ZCEC14J78V318599,CHEVROLET,SILVERADO,BLANCO,PICK-UP,Liviana,DESINCORPORADO,FUERA DE SERVICIO,COORDINACION OPERACIONAL,TRANSPORTE TERRESTRE,,,,
16843,A98AA4G,8ZCEC14J38V318728,CHEVROLET,SILVERADO,BLANCO,PICK-UP,Liviana,DESINCORPORADO,FUERA DE SERVICIO,SEGURIDAD INTEGRAL (DSI),TRANSPORTE TERRESTRE,,,,
16864,A05AK0G,8ZCEC14J48V335702,CHEVROLET,SILVERADO,BLANCO,PICK-UP,Liviana,DESINCORPORADO,FUERA DE SERVICIO,TRANSPORTE TERRESTRE,TRANSPORTE TERRESTRE,,,,
21038,65AMBB,8YTRF172858A39931,FORD,F-150,BLANCO,PICK-UP,Liviana,DESINCORPORADO,FUERA DE SERVICIO,SEGURIDAD INTEGRAL (DSI),TRANSPORTE TERRESTRE,,,,
21076,59HKAP,3FTRF17W87MA05749,FORD,F-150,BLANCO,PICK-UP,Liviana,DESINCORPORADO,FUERA DE SERVICIO,GOIP,TRANSPORTE TERRESTRE,,,,
21082,60HKAP,3FTRF17W27MA05746,FORD,F-150,BLANCO,PICK-UP,Liviana,DESINCORPORADO,FUERA DE SERVICIO,SERVICIOS ELECTRICOS,TRANSPORTE TERRESTRE,,,,
21089,63HKAP,3FTRF17W07MA05745,FORD,F-150,BLANCO,PICK-UP,Liviana,DESINCORPORADO,FUERA DE SERVICIO,COORDINACION OPERACIONAL,TRANSPORTE TERRESTRE,,,,
21105,10GKAR,3FTRF17W07MA17376,FORD,F-150,BLANCO,PICK-UP,Liviana,DESINCORPORADO,FUERA DE SERVICIO,SEGURIDAD INDUSTRIAL E HIGIENE OCUPACIONAL,TRANSPORTE TERRESTRE,,,,
21107,43FKAR,3FTRF17W37MA17341,FORD,F-150,BLANCO,PICK-UP,Liviana,DESINCORPORADO,FUERA DE SERVICIO,SERVICIOS LOGISTICOS,TRANSPORTE TERRESTRE,,,,
21125,04GKAR,3FTRF17WX7MA17370,FORD,F-150,BLANCO,PICK-UP,Liviana,DESINCORPORADO,FUERA DE SERVICIO,SERVICIOS ELECTRICOS,TRANSPORTE TERRESTRE,,,,
21138,96SNAH,3FTRF17W67MA25286,FORD,F-150,BLANCO,PICK-UP,Liviana,DESINCORPORADO,FUERA DE SERVICIO,DIVISIÓN LAGO,TRANSPORTE TERRESTRE,,,,
21157,11TNAH,3FTRF17W37MA25276,FORD,F-150,BLANCO,PICK-UP,Liviana,DESINCORPORADO,FUERA DE SERVICIO,SEGURIDAD INTEGRAL (DSI),TRANSPORTE TERRESTRE,,,,
21170,39ZLAH,3FTRF17W87MA25466,FORD,F-150,BLANCO,PICK-UP,Liviana,DESINCORPORADO,FUERA DE SERVICIO,AIT,TRANSPORTE TERRESTRE,,,,
21171,77SNAH,3FTRF17W67MA25269,FORD,F-150,BLANCO,PICK-UP,Liviana,DESINCORPORADO,FUERA DE SERVICIO,GERENCIA REGIONAL DE VIVIENDA,TRANSPORTE TERRESTRE,,,,
21186,16VNAH,3FTRF17W67MA25272,FORD,FORTALEZA,BLANCO,PICK-UP,Liviana,DESINCORPORADO,FUERA DE SERVICIO,TRANSPORTE TERRESTRE,TRANSPORTE TERRESTRE,,,,
21190,41TNAH,3FTRF17W67MA25319,FORD,F-150,BLANCO,PICK-UP,Liviana,DESINCORPORADO,FUERA DE SERVICIO,GERENCIA REGIONAL DE VIVIENDA,TRANSPORTE TERRESTRE,,,,
21195,34ZLAH,3FTRF17W47MA25433,FORD,F-150,BLANCO,PICK-UP,Liviana,DESINCORPORADO,FUERA DE SERVICIO,TRANSPORTE TERRESTRE,TRANSPORTE TERRESTRE,,,,
21196,22FDBA,3FTRF17W37MA25245,FORD,F-150,BLANCO,PICK-UP,Liviana,DESINCORPORADO,FUERA DE SERVICIO,TRANSPORTE TERRESTRE,TRANSPORTE TERRESTRE,,,,
21201,84FKAR,3FTRF17W17MA25678,FORD,F-150,BLANCO,PICK-UP,Liviana,DESINCORPORADO,FUERA DE SERVICIO,"COL, DIVISIÓN COSTA ORIENTAL DEL LAGO",TRANSPORTE TERRESTRE,,,,
21204,78FKAR,3FTRF17W07MA25655,FORD,F-150,BLANCO,PICK-UP,Liviana,DESINCORPORADO,FUERA DE SERVICIO,AIT,TRANSPORTE TERRESTRE,,,,
21213,17VNAH,3FTRF17W47MA25268,FORD,F-150,BLANCO,PICK-UP,Liviana,DESINCORPORADO,FUERA DE SERVICIO,GOIP,TRANSPORTE TERRESTRE,,,,
21239,93FKAR,3FTRF17W37MA25598,FORD,F-150,BLANCO,PICK-UP,Liviana,DESINCORPORADO,FUERA DE SERVICIO,GERENCIA REGIONAL DE VIVIENDA,TRANSPORTE TERRESTRE,,,,
21247,99FKAR,3FTRF17W67MA25577,FORD,F-150,BLANCO,PICK-UP,Liviana,DESINCORPORADO,FUERA DE SERVICIO,RELACIONES GUBERNAMENTALES PROPIEDADES Y CATASTRO,TRANSPORTE TERRESTRE,,,,
21249,89FKAR,3FTRF17W37MA25648,FORD,F-150,BLANCO,PICK-UP,Liviana,DESINCORPORADO,FUERA DE SERVICIO,"COL, DIVISIÓN COSTA ORIENTAL DEL LAGO",TRANSPORTE TERRESTRE,,,,
21252,14EMBH,3FTRF17W87MA25497,FORD,F-150,BLANCO,PICK-UP,Liviana,DESINCORPORADO,FUERA DE SERVICIO,COORDINACION OPERACIONAL,TRANSPORTE TERRESTRE,,,,
21253,28VNAH,3FTRF17W27MA25480,FORD,F-150,BLANCO,PICK-UP,Liviana,DESINCORPORADO,FUERA DE SERVICIO,GOIP,TRANSPORTE TERRESTRE,,,,
21615,39SVAV,JN1CNUD227X461406,NISSAN,DOBLE CABINA,BLANCO,PICK-UP,Liviana,DESINCORPORADO,FUERA DE SERVICIO,AIT,TRANSPORTE TERRESTRE,,,,
21616,33SVAV,JN1CNUD227X461388,NISSAN,DOBLE CABINA,BLANCO,PICK-UP,Liviana,DESINCORPORADO,FUERA DE SERVICIO,TRANSPORTE TERRESTRE,TRANSPORTE TERRESTRE,,,,
21618,31SVAV,JN1CNUD227X461384,NISSAN,DOBLE CABINA,BLANCO,PICK-UP,Liviana,DESINCORPORADO,FUERA DE SERVICIO,SEGURIDAD INTEGRAL (DSI),TRANSPORTE TERRESTRE,,,,
21624,30UVAV,JN1CNUD227X461383,NISSAN,FRONTIER,BLANCO,PICK-UP,Liviana,DESINCORPORADO,FUERA DE SERVICIO,TRANSPORTE TERRESTRE,TRANSPORTE TERRESTRE,,,,
21629,35SVAV,JN1CNUD227X461392,NISSAN,DOBLE CABINA,BLANCO,PICK-UP,Liviana,DESINCORPORADO,FUERA DE SERVICIO,"COL, DIVISIÓN COSTA ORIENTAL DEL LAGO",TRANSPORTE TERRESTRE,,,,
21722,91UVAT,JN1CNUD225A714346,NISSAN,DOBLE CABINA,BLANCO,PICK-UP,Liviana,DESINCORPORADO,FUERA DE SERVICIO,"COL, DIVISIÓN COSTA ORIENTAL DEL LAGO",TRANSPORTE TERRESTRE,,,,
21728,83UVAT,JN1CNUD225A714324,NISSAN,FRONTIER,BLANCO,PICK-UP,Liviana,DESINCORPORADO,FUERA DE SERVICIO,COORDINACION OPERACIONAL,TRANSPORTE TERRESTRE,,,,
21746,81UVAT,JN1CNUD225A714245,NISSAN,DOBLE CABINA,BLANCO,PICK-UP,Liviana,DESINCORPORADO,FUERA DE SERVICIO,SEGURIDAD INTEGRAL (DSI),TRANSPORTE TERRESTRE,,,,
21775,04UVAT,JN1CNUD225X451371,NISSAN,DOBLE CABINA,BLANCO,PICK-UP,Liviana,DESINCORPORADO,FUERA DE SERVICIO,TRANSPORTE TERRESTRE,TRANSPORTE TERRESTRE,,,,
21776,88JVAU,JN1CNUD225X451278,NISSAN,DOBLE CABINA,BLANCO,PICK-UP,Liviana,DESINCORPORADO,FUERA DE SERVICIO,COORDINACION OPERACIONAL,TRANSPORTE TERRESTRE,,,,
21784,95JVAU,JN1CNUD225X451257,NISSAN,FRONTIER,BLANCO,PICK-UP,Liviana,DESINCORPORADO,FUERA DE SERVICIO,SERVICIOS LOGISTICOS,TRANSPORTE TERRESTRE,,,,
21801,79IVAU,JN1CNUD225X451290,NISSAN,FRONTIER,BLANCO,PICK-UP,Liviana,DESINCORPORADO,FUERA DE SERVICIO,SERVICIOS LOGISTICOS,TRANSPORTE TERRESTRE,,,,
21824,75TVAT,JN1CNUD225A714214,NISSAN,DOBLE CABINA,BLANCO,PICK-UP,Liviana,DESINCORPORADO,FUERA DE SERVICIO,GOIP,TRANSPORTE TERRESTRE,,,,
21826,06UVAT,JN1CNUD225X451260,NISSAN,DOBLE CABINA,BLANCO,PICK-UP,Liviana,DESINCORPORADO,FUERA DE SERVICIO,SERVICIOS LOGISTICOS,TRANSPORTE TERRESTRE,,,,
21841,82TVAT,JN1CNUD225A714283,NISSAN,DOBLE CABINA,BLANCO,PICK-UP,Liviana,DESINCORPORADO,FUERA DE SERVICIO,GOIP,TRANSPORTE TERRESTRE,,,,
21870,82JVAU,JN1CNUD225X451316,NISSAN,DOBLE CABINA,BLANCO,PICK-UP,Liviana,DESINCORPORADO,FUERA DE SERVICIO,TRANSPORTE TERRESTRE,TRANSPORTE TERRESTRE,,,,
21899,53UVAT,JN1CNUD225X451362,NISSAN,DOBLE CABINA,BLANCO,PICK-UP,Liviana,DESINCORPORADO,FUERA DE SERVICIO,"COL, DIVISIÓN COSTA ORIENTAL DEL LAGO",TRANSPORTE TERRESTRE,,,,
21903,54TVAT,JN1CNUD225A714197,NISSAN,DOBLE CABINA,BLANCO,PICK-UP,Liviana,DESINCORPORADO,FUERA DE SERVICIO,"COL, DIVISIÓN COSTA ORIENTAL DEL LAGO",TRANSPORTE TERRESTRE,,,,
21915,69ZAAO,JN1CNUD226A714594,NISSAN,DOBLE CABINA,BLANCO,PICK-UP,Liviana,DESINCORPORADO,FUERA DE SERVICIO,RELACIONES GUBERNAMENTALES PROPIEDADES Y CATASTRO,TRANSPORTE TERRESTRE,,,,
21928,70ZAAO,JN1CNUD226A714596,NISSAN,FRONTIER,BLANCO,PICK-UP,Liviana,DESINCORPORADO,FUERA DE SERVICIO,SERVICIOS ELECTRICOS,TRANSPORTE TERRESTRE,,,,
179,A85AS6C,1GC0CVCG6DF140179,CHEVROLET,SILVERADO,BLANCO,PICK-UP,Liviana,EN PROCESO DE DESINCORPORACION,FUERA DE SERVICIO,SEGURIDAD INTEGRAL (DSI),TRANSPORTE TERRESTRE,,,,
539,SIN PLACAS,1FTMF1CM3DKD20539,FORD,F-150,BLANCO,PICK-UP,Liviana,EN PROCESO DE DESINCORPORACION,FUERA DE SERVICIO,TRANSPORTE TERRESTRE,TRANSPORTE TERRESTRE,,,,
695,CAH38I,8ZNDT18557V370695,CHEVROLET,TRAIL BLAZER,GRIS,PICK-UP,Liviana,EN PROCESO DE DESINCORPORACION,LOTE DE DENUNCIADAS DESINCORPORACION LAGUNILLAS,TRANSPORTE TERRESTRE,TRANSPORTE TERRESTRE,,,,
762,A33AJ0V,8ZCNCRE02BV316237,CHEVROLET,SILVERADO,BLANCO,PICK-UP,Liviana,EN PROCESO DE DESINCORPORACION,FUERA DE SERVICIO,TRANSPORTE TERRESTRE,TRANSPORTE TERRESTRE,,,,
798,A85AI5A,8ZCNCRE01BV339363,CHEVROLET,SILVERADO,BLANCO,PICK-UP,Liviana,EN PROCESO DE DESINCORPORACION,RECUPERADA DE PATIO TANQUES ULE,SEGURIDAD INTEGRAL (DSI),TRANSPORTE TERRESTRE,,,,
1122,A73AM6I,1N6ADOEV9CC481122,NISSAN,FRONTIER,BLANCO,PICK-UP,Liviana,EN PROCESO DE DESINCORPORACION,FUERA DE SERVICIO,DIVISIÓN LAGO,TRANSPORTE TERRESTRE,,,,
1761,A00A00A,8ZCNCRE01BG351761,CHEVROLET,SILVERADO,BLANCO,PICK-UP,Liviana,EN PROCESO DE DESINCORPORACION,FUERA DE SERVICIO,DIVISIÓN LAGO,TRANSPORTE TERRESTRE,,,,
2204,27XNAF,8XA33NV366322204,TOYOTA,HILUX,GRIS,PICK-UP,Liviana,EN PROCESO DE DESINCORPORACION,LOTE DE DENUNCIADAS DESINCORPORACION LAGUNILLAS,TRANSPORTE TERRESTRE,TRANSPORTE TERRESTRE,,,,
2358,SIN PLACAS,1N6AA0CC2CN322358,NISSAN,TITAN,BLANCO,PICK-UP,Liviana,EN PROCESO DE DESINCORPORACION,FUERA DE SERVICIO,GERENCIA REGIONAL DE VIVIENDA,TRANSPORTE TERRESTRE,,,,
3033,SIN PLACAS,1N6ADOEV3CC473033,NISSAN,FRONTIER,GRIS,PICK-UP,Liviana,EN PROCESO DE DESINCORPORACION,FUERA DE SERVICIO,TRANSPORTE TERRESTRE,TRANSPORTE TERRESTRE,,,,
3459,SIN PLACAS,L1C4K5V333459,CHEVROLET,CHEYENNE,BLANCO,PICK-UP,Liviana,EN PROCESO DE DESINCORPORACION,LOTE DE DENUNCIADAS DESINCORPORACION LAGUNILLAS,TRANSPORTE TERRESTRE,TRANSPORTE TERRESTRE,,,,
4627,SIN PLACAS,JN1CNUD226A714627,NISSAN,FRONTIER,GRIS,PICK-UP,Liviana,EN PROCESO DE DESINCORPORACION,FUERA DE SERVICIO,TRANSPORTE TERRESTRE,TRANSPORTE TERRESTRE,,,,
6906,SIN PLACAS,1N6AD0ER8CC466906,NISSAN,FRONTIER,BLANCO,PICK-UP,Liviana,EN PROCESO DE DESINCORPORACION,FUERA DE SERVICIO,TRANSPORTE TERRESTRE,TRANSPORTE TERRESTRE,,,,
9860,SIN PLACAS,1N6BA0CH5CN319860,NISSAN,TITAN,GRIS,PICK-UP,Liviana,EN PROCESO DE DESINCORPORACION,FUERA DE SERVICIO,ASUNTOS PUBLICOS,TRANSPORTE TERRESTRE,,,,
14816,SIN PLACAS,8YTER22X918-A11158,FORD,RANGER 4x4,BLANCO,PICK-UP,Liviana,EN PROCESO DE DESINCORPORACION,FUERA DE SERVICIO,AIT,TRANSPORTE TERRESTRE,,,,
16110,17YMAP,8ZCEC14T41V307812,CHEVROLET,CHEYENNE,BLANCO,PICK-UP,Liviana,EN PROCESO DE DESINCORPORACION,FUERA DE SERVICIO,SEGURIDAD INTEGRAL (DSI),TRANSPORTE TERRESTRE,,,,
16199,98IMAR,8ZCEC14T11V308514,CHEVROLET,CHEYENNE,BLANCO,PICK-UP,Liviana,EN PROCESO DE DESINCORPORACION,FUERA DE SERVICIO,SERVICIOS ELECTRICOS,TRANSPORTE TERRESTRE,,,,
16341,SIN PLACAS,8ZCEC14T01V313879,CHEVROLET,CHEYENNE,BLANCO,PICK-UP,Liviana,EN PROCESO DE DESINCORPORACION,FUERA DE SERVICIO,SALUD,TRANSPORTE TERRESTRE,,,,
16525,94UDAM,8ZCEC14T02V310319,CHEVROLET,CHEYENNE,BLANCO,PICK-UP,Liviana,EN PROCESO DE DESINCORPORACION,FUERA DE SERVICIO,"COL, DIVISIÓN COSTA ORIENTAL DEL LAGO",TRANSPORTE TERRESTRE,,,,
16553,94LDAM,8ZCEC14T32V310069,CHEVROLET,CHEYENNE,BLANCO,PICK-UP,Liviana,EN PROCESO DE DESINCORPORACION,FUERA DE SERVICIO,TRANSPORTE TERRESTRE,TRANSPORTE TERRESTRE,,,,
16603,66XVAT,8ZCEC14T25V307572,CHEVROLET,CHEYENNE,BLANCO,PICK-UP,Liviana,EN PROCESO DE DESINCORPORACION,FUERA DE SERVICIO,SERVICIOS ELECTRICOS,TRANSPORTE TERRESTRE,,,,
16643,70CGAX,8ZCEC14T55V312085,CHEVROLET,CHEYENNE,BLANCO,PICK-UP,Liviana,EN PROCESO DE DESINCORPORACION,FUERA DE SERVICIO,SERVICIOS ELECTRICOS,TRANSPORTE TERRESTRE,,,,
16662,23JABI,8ZCEC14T35V314840,CHEVROLET,CHEYENNE,BLANCO,PICK-UP,Liviana,EN PROCESO DE DESINCORPORACION,FUERA DE SERVICIO,SERVICIOS LOGISTICOS,TRANSPORTE TERRESTRE,,,,
16665,SIN PLACAS,8ZCEC14T25V313033,CHEVROLET,CHEYENNE,BLANCO,PICK-UP,Liviana,EN PROCESO DE DESINCORPORACION,FUERA DE SERVICIO,COORDINACION OPERACIONAL,TRANSPORTE TERRESTRE,,,,
16692,59IABI,8ZCEC14T25V313291,CHEVROLET,CHEYENNE,BLANCO,PICK-UP,Liviana,EN PROCESO DE DESINCORPORACION,FUERA DE SERVICIO,"COL, DIVISIÓN COSTA ORIENTAL DEL LAGO",TRANSPORTE TERRESTRE,,,,
16697,74IABI,8ZCEC14T75V313030,CHEVROLET,CHEYENNE,BLANCO,PICK-UP,Liviana,EN PROCESO DE DESINCORPORACION,FUERA DE SERVICIO,GERENCIA REGIONAL DE VIVIENDA,TRANSPORTE TERRESTRE,,,,
16714,11JABI,8ZCEC14TX5V314463,CHEVROLET,CHEYENNE,BLANCO,PICK-UP,Liviana,EN PROCESO DE DESINCORPORACION,FUERA DE SERVICIO,GOIP,TRANSPORTE TERRESTRE,,,,
16742,40KABI,8ZCEC14TX5V318383,CHEVROLET,CHEYENNE,BLANCO,PICK-UP,Liviana,EN PROCESO DE DESINCORPORACION,FUERA DE SERVICIO,SERVICIOS ELECTRICOS,TRANSPORTE TERRESTRE,,,,
16744,33EGAX,8ZCEC14TX5V318559,CHEVROLET,CHEYENNE,BLANCO,PICK-UP,Liviana,EN PROCESO DE DESINCORPORACION,FUERA DE SERVICIO,SERVICIOS ELECTRICOS,TRANSPORTE TERRESTRE,,,,
16754,38JABI,8ZCEC14T55V312894,CHEVROLET,CHEYENNE,BLANCO,PICK-UP,Liviana,EN PROCESO DE DESINCORPORACION,FUERA DE SERVICIO,"COL, DIVISIÓN COSTA ORIENTAL DEL LAGO",TRANSPORTE TERRESTRE,,,,
16790,08ICAD,8ZCEC14T87V315842,CHEVROLET,CHEYENNE,BLANCO,PICK-UP,Liviana,EN PROCESO DE DESINCORPORACION,FUERA DE SERVICIO,RECURSOS HUMANOS,TRANSPORTE TERRESTRE,,,,
16815,25WVAY,1GCEC14J27Z628976,CHEVROLET,SILVERADO,BLANCO,PICK-UP,Liviana,EN PROCESO DE DESINCORPORACION,FUERA DE SERVICIO,TRANSPORTE TERRESTRE,TRANSPORTE TERRESTRE,,,,
16816,33WVAY,1GCEC14JX7Z628398,CHEVROLET,SILVERADO,BLANCO,PICK-UP,Liviana,EN PROCESO DE DESINCORPORACION,FUERA DE SERVICIO,"COL, DIVISIÓN COSTA ORIENTAL DEL LAGO",TRANSPORTE TERRESTRE,,,,
16835,A99AA3G,8ZCEC14J08V320744,CHEVROLET,SILVERADO,BLANCO,PICK-UP,Liviana,EN PROCESO DE DESINCORPORACION,FUERA DE SERVICIO,GERENCIA REGIONAL DE VIVIENDA,TRANSPORTE TERRESTRE,,,,
16842,A38AB1G,8ZCEC14J08V322090,CHEVROLET,SILVERADO,BLANCO,PICK-UP,Liviana,EN PROCESO DE DESINCORPORACION,FUERA DE SERVICIO,SERVICIOS LOGISTICOS,TRANSPORTE TERRESTRE,,,,
16858,A97AJ5G,8ZCEC14J58V335126,CHEVROLET,SILVERADO,BLANCO,PICK-UP,Liviana,EN PROCESO DE DESINCORPORACION,FUERA DE SERVICIO,TRANSPORTE TERRESTRE,TRANSPORTE TERRESTRE,,,,
21096,58HKAP,3FTRF17W77MA05743,FORD,F-150,BLANCO,PICK-UP,Liviana,EN PROCESO DE DESINCORPORACION,FUERA DE SERVICIO,TRANSPORTE TERRESTRE,TRANSPORTE TERRESTRE,,,,
21108,20GKAR,3FTRF17W97MA17392,FORD,F-150,BLANCO,PICK-UP,Liviana,EN PROCESO DE DESINCORPORACION,FUERA DE SERVICIO,MPETROLEO,TRANSPORTE TERRESTRE,,,,
21116,16GKAR,3FTRF17W87MA17352,FORD,F-150,BLANCO,PICK-UP,Liviana,EN PROCESO DE DESINCORPORACION,FUERA DE SERVICIO,MPETROLEO,TRANSPORTE TERRESTRE,,,,
21118,08GKAR,3FTRF17W77MA17374,FORD,F-150,BLANCO,PICK-UP,Liviana,EN PROCESO DE DESINCORPORACION,FUERA DE SERVICIO,MPETROLEO,TRANSPORTE TERRESTRE,,,,
21237,69FKAR,3FTRF17W67MA25627,FORD,F-150,BLANCO,PICK-UP,Liviana,EN PROCESO DE DESINCORPORACION,FUERA DE SERVICIO,SEGURIDAD INTEGRAL (DSI),TRANSPORTE TERRESTRE,,,,
21831,47UVAT,JN1CNUD225X451359,NISSAN,DOBLE CABINA,BLANCO,PICK-UP,Liviana,EN PROCESO DE DESINCORPORACION,RECUPERADA DE PATIO TANQUES ULE,COORDINACION OPERACIONAL,TRANSPORTE TERRESTRE,,,,
21918,67ZAAO,JN1CNUD226A714585,NISSAN,DOBLE CABINA,BLANCO,PICK-UP,Liviana,EN PROCESO DE DESINCORPORACION,FUERA DE SERVICIO,SERVICIOS ELECTRICOS,TRANSPORTE TERRESTRE,,,,
469611,SIN PLACAS,1N6AD0CU5CC469611,NISSAN,FRONTIER,BLANCO,PICK-UP,Liviana,EN PROCESO DE DESINCORPORACION,FUERA DE SERVICIO,SERVICIOS ELECTRICOS,TRANSPORTE TERRESTRE,,,,
L8752,23MVAC,AJF1VP39291,FORD,F-150,BLANCO,PICK-UP,Liviana,EN PROCESO DE DESINCORPORACION,FUERA DE SERVICIO,TRANSPORTE TERRESTRE,TRANSPORTE TERRESTRE,,,,
813,A71AM0I,1GC0CVCG6DF139940,CHEVROLET,SILVERADO,BLANCO,PICK-UP,Liviana,EN PROCESO DE DESINCORPORACION,FUERA DE SERVICIO,"COL, DIVISIÓN COSTA ORIENTAL DEL LAGO",TRANSPORTE TERRESTRE,,,,
816,SIN PLACAS,1GC0CVCG1DF140462,CHEVROLET,SILVERADO,BLANCO,PICK-UP,Liviana,EN PROCESO DE DESINCORPORACION,FUERA DE SERVICIO,"COL, DIVISIÓN COSTA ORIENTAL DEL LAGO",TRANSPORTE TERRESTRE,,,,
945,A86AS0C,1GC0CVGCXDF140945,CHEVROLET,SILVERADO,BLANCO,PICK-UP,Liviana,EN PROCESO DE DESINCORPORACION,FUERA DE SERVICIO,"COL, DIVISIÓN COSTA ORIENTAL DEL LAGO",TRANSPORTE TERRESTRE,,,,
1097,A85AS0C,1GC0CVCG9DF141097,CHEVROLET,SILVERADO,BLANCO,PICK-UP,Liviana,EN PROCESO DE DESINCORPORACION,FUERA DE SERVICIO,"COL, DIVISIÓN COSTA ORIENTAL DEL LAGO",TRANSPORTE TERRESTRE,,,,
16834,A99AA2G,8ZCEC14J08V320615,CHEVROLET,SILVERADO,BLANCO,PICK-UP,Liviana,EN PROCESO DE DESINCORPORACION,FUERA DE SERVICIO,"COL, DIVISIÓN COSTA ORIENTAL DEL LAGO",TRANSPORTE TERRESTRE,,,,
16715,97IABI,8ZCEC14T95V314292,CHEVROLET,CHEYENNE,BLANCO,PICK-UP,Liviana,EN PROCESO DE DESINCORPORACION,FUERA DE SERVICIO,"COL, DIVISIÓN COSTA ORIENTAL DEL LAGO",TRANSPORTE TERRESTRE,,,,
790,A16AI8A,8ZCNCRE03BV335959,CHEVROLET,SILVERADO,BLANCO,PICK-UP,Liviana,EN PROCESO DE DESINCORPORACION,FUERA DE SERVICIO,"COL, DIVISIÓN COSTA ORIENTAL DEL LAGO",TRANSPORTE TERRESTRE,,,,
793,A16AI7A,8ZCNCRE07BV335933,CHEVROLET,SILVERADO,BLANCO,PICK-UP,Liviana,EN PROCESO DE DESINCORPORACION,FUERA DE SERVICIO,SERVICIOS ELECTRICOS,TRANSPORTE TERRESTRE,,,,
1102,SIN PLACAS,1FTMF1CM4CFC71102,FORD,F-150,BLANCO,PICK-UP,Liviana,EN PROCESO DE DESINCORPORACION,FUERA DE SERVICIO,"COL, DIVISIÓN COSTA ORIENTAL DEL LAGO",TRANSPORTE TERRESTRE,,,,
13673,92WVAA,AJF1VP20822,FORD,F-150,BLANCO,PICK-UP,Liviana,EN PROCESO DE DESINCORPORACION,FUERA DE SERVICIO,"COL, DIVISIÓN COSTA ORIENTAL DEL LAGO",TRANSPORTE TERRESTRE,,,,
13767,25WVAA,AJF1VP21718,FORD,F-150,BLANCO,PICK-UP,Liviana,EN PROCESO DE DESINCORPORACION,FUERA DE SERVICIO,"COL, DIVISIÓN COSTA ORIENTAL DEL LAGO",TRANSPORTE TERRESTRE,,,,
14867,40MDAM,8LBTFS25H20111856,CHEVROLET,LUV,BLANCO,PICK-UP,Liviana,EN PROCESO DE DESINCORPORACION,FUERA DE SERVICIO,"COL, DIVISIÓN COSTA ORIENTAL DEL LAGO",TRANSPORTE TERRESTRE,,,,
16118,18YMAP,8ZCEC14TX1V308012,CHEVROLET,CHEYENNE,BLANCO,PICK-UP,Liviana,EN PROCESO DE DESINCORPORACION,FUERA DE SERVICIO,"COL, DIVISIÓN COSTA ORIENTAL DEL LAGO",TRANSPORTE TERRESTRE,,,,
16179,SIN PLACAS,8ZCEC14TX1V308396,CHEVROLET,CHEYENNE,BLANCO,PICK-UP,Liviana,EN PROCESO DE DESINCORPORACION,FUERA DE SERVICIO,"COL, DIVISIÓN COSTA ORIENTAL DEL LAGO",TRANSPORTE TERRESTRE,,,,
16190,80PMAS,8ZCEC14T01V308326,CHEVROLET,CHEYENNE,BLANCO,PICK-UP,Liviana,EN PROCESO DE DESINCORPORACION,FUERA DE SERVICIO,SERVICIOS ELECTRICOS,TRANSPORTE TERRESTRE,,,,
16194,99YAAV,8ZCEC14T01V308388,CHEVROLET,CHEYENNE,BLANCO,PICK-UP,Liviana,EN PROCESO DE DESINCORPORACION,FUERA DE SERVICIO,"COL, DIVISIÓN COSTA ORIENTAL DEL LAGO",TRANSPORTE TERRESTRE,,,,
16203,64VJAE,8ZCEC14T31V308322,CHEVROLET,CHEYENNE,BLANCO,PICK-UP,Liviana,EN PROCESO DE DESINCORPORACION,FUERA DE SERVICIO,"COL, DIVISIÓN COSTA ORIENTAL DEL LAGO",TRANSPORTE TERRESTRE,,,,
16213,20SMAP,8ZCEC14T61V308461,CHEVROLET,CHEYENNE,BLANCO,PICK-UP,Liviana,EN PROCESO DE DESINCORPORACION,FUERA DE SERVICIO,"COL, DIVISIÓN COSTA ORIENTAL DEL LAGO",TRANSPORTE TERRESTRE,,,,
16232,50ZAAU,8ZCEC14T51V308905,CHEVROLET,CHEYENNE,BLANCO,PICK-UP,Liviana,EN PROCESO DE DESINCORPORACION,FUERA DE SERVICIO,"COL, DIVISIÓN COSTA ORIENTAL DEL LAGO",TRANSPORTE TERRESTRE,,,,
16263,SIN PLACAS,8ZCEC14T71V308422,CHEVROLET,CHEYENNE,BLANCO,PICK-UP,Liviana,EN PROCESO DE DESINCORPORACION,FUERA DE SERVICIO,SERVICIOS LOGISTICOS,TRANSPORTE TERRESTRE,,,,
16330,22KAAW,8ZCEC14T51V312579,CHEVROLET,CHEYENNE,BLANCO,PICK-UP,Liviana,EN PROCESO DE DESINCORPORACION,FUERA DE SERVICIO,DIVISIÓN LAGO,TRANSPORTE TERRESTRE,,,,
16333,SIN PLACAS,8ZCEC14T11V310232,CHEVROLET,CHEYENNE,BLANCO,PICK-UP,Liviana,EN PROCESO DE DESINCORPORACION,FUERA DE SERVICIO,DIVISIÓN LAGO,TRANSPORTE TERRESTRE,,,,
16377,SIN PLACAS,8ZCEC14TX1V316269,CHEVROLET,CHEYENNE,BLANCO,PICK-UP,Liviana,EN PROCESO DE DESINCORPORACION,FUERA DE SERVICIO,DIVISIÓN LAGO,TRANSPORTE TERRESTRE,,,,
16478,49KDAM,8ZCEC14T12V307977,CHEVROLET,CHEYENNE,BLANCO,PICK-UP,Liviana,EN PROCESO DE DESINCORPORACION,FUERA DE SERVICIO,"COL, DIVISIÓN COSTA ORIENTAL DEL LAGO",TRANSPORTE TERRESTRE,,,,
16508,24KDAM,8ZCEC14T82V309029,CHEVROLET,CHEYENNE,BLANCO,PICK-UP,Liviana,EN PROCESO DE DESINCORPORACION,FUERA DE SERVICIO,"COL, DIVISIÓN COSTA ORIENTAL DEL LAGO",TRANSPORTE TERRESTRE,,,,
16541,83UDAM,8ZCEC14T32V310041,CHEVROLET,CHEYENNE,BLANCO,PICK-UP,Liviana,EN PROCESO DE DESINCORPORACION,FUERA DE SERVICIO,"COL, DIVISIÓN COSTA ORIENTAL DEL LAGO",TRANSPORTE TERRESTRE,,,,
16668,15JABI,8ZCEC14T35V314630,CHEVROLET,CHEYENNE,BLANCO,PICK-UP,Liviana,EN PROCESO DE DESINCORPORACION,FUERA DE SERVICIO,"COL, DIVISIÓN COSTA ORIENTAL DEL LAGO",TRANSPORTE TERRESTRE,,,,
16675,58IABI,8ZCEC14T35V313283,CHEVROLET,CHEYENNE,BLANCO,PICK-UP,Liviana,EN PROCESO DE DESINCORPORACION,FUERA DE SERVICIO,"COL, DIVISIÓN COSTA ORIENTAL DEL LAGO",TRANSPORTE TERRESTRE,,,,
16796,48ICAD,8ZCEC14T27V315965,CHEVROLET,CHEYENNE,BLANCO,PICK-UP,Liviana,EN PROCESO DE DESINCORPORACION,FUERA DE SERVICIO,"COL, DIVISIÓN COSTA ORIENTAL DEL LAGO",TRANSPORTE TERRESTRE,,,,
16848,A36AB0G,8ZCEC14J18V322275,CHEVROLET,SILVERADO,BLANCO,PICK-UP,Liviana,EN PROCESO DE DESINCORPORACION,FUERA DE SERVICIO,"COL, DIVISIÓN COSTA ORIENTAL DEL LAGO",TRANSPORTE TERRESTRE,,,,
21133,29WLAH,3FTRF17W77MA25376,FORD,F-150,BLANCO,PICK-UP,Liviana,EN PROCESO DE DESINCORPORACION,FUERA DE SERVICIO,SEGURIDAD INTEGRAL (DSI),TRANSPORTE TERRESTRE,,,,
21135,84SNAH,3FTRF17W77MA25264,FORD,FORTALEZA,BLANCO,PICK-UP,Liviana,EN PROCESO DE DESINCORPORACION,FUERA DE SERVICIO,"COL, DIVISIÓN COSTA ORIENTAL DEL LAGO",TRANSPORTE TERRESTRE,,,,
21144,15VNAH,3FTRF17W27MA25270,FORD,F-150,BLANCO,PICK-UP,Liviana,EN PROCESO DE DESINCORPORACION,FUERA DE SERVICIO,"COL, DIVISIÓN COSTA ORIENTAL DEL LAGO",TRANSPORTE TERRESTRE,,,,
21145,00WLAH,3FTRF17W27MA25348,FORD,F-150,BLANCO,PICK-UP,Liviana,EN PROCESO DE DESINCORPORACION,FUERA DE SERVICIO,"COL, DIVISIÓN COSTA ORIENTAL DEL LAGO",TRANSPORTE TERRESTRE,,,,
21149,10WLAH,3FTRF117W77MA25334,FORD,F-150,BLANCO,PICK-UP,Liviana,EN PROCESO DE DESINCORPORACION,FUERA DE SERVICIO,"COL, DIVISIÓN COSTA ORIENTAL DEL LAGO",TRANSPORTE TERRESTRE,,,,
21160,12TNAH,3FTRF17W87MA25273,FORD,F-150,BLANCO,PICK-UP,Liviana,EN PROCESO DE DESINCORPORACION,FUERA DE SERVICIO,SERVICIOS ELECTRICOS,TRANSPORTE TERRESTRE,,,,
21161,92SNAH,3FTRF17W1MA252889,FORD,F-150,BLANCO,PICK-UP,Liviana,EN PROCESO DE DESINCORPORACION,FUERA DE SERVICIO,"COL, DIVISIÓN COSTA ORIENTAL DEL LAGO",TRANSPORTE TERRESTRE,,,,
21176,65FKAR,3FTRF17W77MA25670,FORD,F-150,BLANCO,PICK-UP,Liviana,EN PROCESO DE DESINCORPORACION,FUERA DE SERVICIO,"COL, DIVISIÓN COSTA ORIENTAL DEL LAGO",TRANSPORTE TERRESTRE,,,,
21183,35TNAH,3FTRF17W87MA25323,FORD,F-150,BLANCO,PICK-UP,Liviana,EN PROCESO DE DESINCORPORACION,FUERA DE SERVICIO,"COL, DIVISIÓN COSTA ORIENTAL DEL LAGO",TRANSPORTE TERRESTRE,,,,
21194,70FKAR,3FTRF17W27MA25625,CHEVROLET,FORTALEZA,BLANCO,PICK-UP,Liviana,EN PROCESO DE DESINCORPORACION,FUERA DE SERVICIO,"COL, DIVISIÓN COSTA ORIENTAL DEL LAGO",TRANSPORTE TERRESTRE,,,,
21236,15EMBH,3FTRF17W27MA25513,CHEVROLET,FORTALEZA,BLANCO,PICK-UP,Liviana,EN PROCESO DE DESINCORPORACION,FUERA DE SERVICIO,"COL, DIVISIÓN COSTA ORIENTAL DEL LAGO",TRANSPORTE TERRESTRE,,,,
21261,86FKAR,3FTRF17W27MA25706,FORD,F-150,BLANCO,PICK-UP,Liviana,EN PROCESO DE DESINCORPORACION,FUERA DE SERVICIO,"COL, DIVISIÓN COSTA ORIENTAL DEL LAGO",TRANSPORTE TERRESTRE,,,,
21612,42UVAV,JU1CNUD227X461414,NISSAN,DOBLE CABINA,BLANCO,PICK-UP,Liviana,EN PROCESO DE DESINCORPORACION,FUERA DE SERVICIO,SEGURIDAD INTEGRAL (DSI),TRANSPORTE TERRESTRE,,,,
21788,88UVAT,JN1CNUD225A714334,NISSAN,DOBLE CABINA,BLANCO,PICK-UP,Liviana,EN PROCESO DE DESINCORPORACION,FUERA DE SERVICIO,"COL, DIVISIÓN COSTA ORIENTAL DEL LAGO",TRANSPORTE TERRESTRE,,,,
21795,01UVAT,JN1CNUD225X451366,NISSAN,DOBLE CABINA,BLANCO,PICK-UP,Liviana,EN PROCESO DE DESINCORPORACION,FUERA DE SERVICIO,"COL, DIVISIÓN COSTA ORIENTAL DEL LAGO",TRANSPORTE TERRESTRE,,,,
21814,83TVAT,JN1CNUD225A714223,NISSAN,FRONTIER,BLANCO,PICK-UP,Liviana,EN PROCESO DE DESINCORPORACION,FUERA DE SERVICIO,"COL, DIVISIÓN COSTA ORIENTAL DEL LAGO",TRANSPORTE TERRESTRE,,,,
21925,51AAAP,ZN1CNUD226A714629,NISSAN,DOBLE CABINA,BLANCO,PICK-UP,Liviana,EN PROCESO DE DESINCORPORACION,FUERA DE SERVICIO,DIVISIÓN LAGO,TRANSPORTE TERRESTRE,,,,
22003,SIN PLACAS,JTEFU71J9A4005170,TOYOTA,LAND CRUISER,BLANCO,PICK-UP,Liviana,EN PROCESO DE DESINCORPORACION,FUERA DE SERVICIO,SEGURIDAD INTEGRAL (DSI),TRANSPORTE TERRESTRE,,,,
7381,A02AL2O,LSCBBZ2T0MG697381,CHANGAN,KAICENE F70 4X4,BLANCO,PICK-UP,Liviana,A DESINCORPORAR,"UNIDAD CON SINIESTRO EN LAGUNILLAS CERCA A ANTENA EL DIA 26-6-2023 CON LESIONADOS 14 PERSONAS QUEDO RESGUARADAD EN COMANDO BARRIO LIBERTAD, CHOFER: JORGE MORILLO MEM",SERVICIOS LOGISTICOS,TRANSPORTE TERRESTRE,,,,
16691,46IABI,8ZCEC14T15V313024,CHEVROLET,CHEYENNE,BLANCO,PICK-UP,Liviana,A DESINCORPORAR,FUERA DE SERVICIO,"COL, DIVISIÓN COSTA ORIENTAL DEL LAGO",TRANSPORTE TERRESTRE,,,,
21197,67FKAR,3FTRF17W17MA24633,FORD,F-150,BLANCO,PICK-UP,Liviana,A DESINCORPORAR,FUERA DE SERVICIO,"COL, DIVISIÓN COSTA ORIENTAL DEL LAGO",TRANSPORTE TERRESTRE,,,,
21215,90SNAH,3FTRF17W37MA25293,FORD,F-150,BLANCO,PICK-UP,Liviana,A DESINCORPORAR,FUERA DE SERVICIO,"COL, DIVISIÓN COSTA ORIENTAL DEL LAGO",TRANSPORTE TERRESTRE,,,,
3680,31P MBL,3FTRF17W38MA13680,FORD,F-150,BLANCO,PICK-UP,Liviana,EN PROCESO DE DESINCORPORACION,FUERA DE SERVICIO,DIVISIÓN LAGO,TRANSPORTE TERRESTRE,,,,
4810,A85AS7C,5TFRM5F15CX044810,TOYOTA,TUNDRA,BLANCO,PICK-UP,Liviana,OPERATIVA,OPERATIVA,DIVISIÓN LAGO,JAIME VANDER BRIEST,,,,
9691,A05AK0A,8ZCNCRE07BV339691,CHEVROLET,SILVERADO,BLANCO,PICK-UP,Liviana,INOPERATIVA,PARADA POR FALLA,DIVISIÓN LAGO,ALDENIS LUGO,,,,
9734,A05AK1A,8ZCNCRE0XBV339734,CHEVROLET,SILVERADO,BLANCO,PICK-UP,Liviana,INOPERATIVA,PARADA POR FALLA,DIVISIÓN LAGO,JOSÉ DIAZ,,,,
9945,A08AK9A,8ZCNCRE0XBV339945,CHEVROLET,SILVERADO,BLANCO,PICK-UP,Liviana,INOPERATIVA,PARADA POR FALLA,DIVISIÓN LAGO,EDUARDO MEDINA,,,,
16204,00ZAAV,8ZCEC14T51V308337,CHEVROLET,CHEYENNE,BLANCO,PICK-UP,Liviana,DESINCORPORADO,FUERA DE SERVICIO,DIVISIÓN LAGO,TRANSPORTE TERRESTRE,,,,
16418,58MDAM,8ZCEC14T82V308091,CHEVROLET,CHEYENNE,BLANCO,PICK-UP,Liviana,INOPERATIVA,PARADA POR FALLA,DIVISIÓN LAGO,OSMAN NUÑEZ,,,,
16437,91K DAM,8ZCEC14TX2V308707,CHEVROLET,CHEYENNE,BLANCO,PICK-UP,Liviana,INOPERATIVA,PARADA POR FALLA,DIVISIÓN LAGO,CAYAURIMA GUARIGIATA,,,,
14861,27MDAM,8LBTFS25H20111684,CHEVROLET,LUV CREW CAB,BLANCO,PICK-UP,Liviana,A DESINCORPORAR,FUERA DE SERVICIO,DIVISIÓN LAGO,TRANSPORTE TERRESTRE,,,,
16102,91LDAM,8ZCEC14T51V317527,CHEVROLET,CHEYENNE,BLANCO,PICK-UP,Liviana,EN PROCESO DE DESINCORPORACION,FUERA DE SERVICIO,DIVISIÓN LAGO,TRANSPORTE TERRESTRE,,,,
16251,75PAAV,8ZCEC14T01V308763,CHEVROLET,CHEYENNE,BLANCO,PICK-UP,Liviana,A DESINCORPORAR,FUERA DE SERVICIO,DIVISIÓN LAGO,TRANSPORTE TERRESTRE,,,,
21212,91SNAH,3FTRF17W17MA25292,FORD,F-150,BLANCO,PICK-UP,Liviana,EN PROCESO DE DESINCORPORACION,FUERA DE SERVICIO,DIVISIÓN SUR DEL LAGO TRUJILLO,TRANSPORTE TERRESTRE,,,,
2648,AE535JK,JTERU71J3A4002648,TOYOTA,LAND CRUISER,BLANCO,RUSTICO,Liviana,EN ESPERA POR REMOLQUE,PARADA POR FALLA,SEGURIDAD INTEGRAL (DSI),ENDER PEÑA,,,,
2507,SIN PLACAS,JTERU71J7A4002507,TOYOTA,LAND CRUISER,BLANCO,RUSTICO,Liviana,EN ESPERA POR REMOLQUE,POR CERTIFICAR FALLA,GOIP,ALEJANDRO LEAL,,,,
2827,AE516JK,JTERU71J3A4002827,TOYOTA,LAND CRUISER,BLANCO,RUSTICO,Liviana,A DESINCORPORAR,RECUPERADO DE DSI AL LADO DE BATALLON BELUCHE LAGUNILLAS EL 8-3-24,SEGURIDAD INTEGRAL (DSI),JESUS CHACIN,,,,
5570,SIN PLACAS,JTEFU71J3A4006570,TOYOTA,LAND CRUISER,BLANCO,RUSTICO,Liviana,EN ESPERA POR REMOLQUE,POR CERTIFICAR FALLA,SEGURIDAD INTEGRAL (DSI),RAFAEL SALAS,,,,
2836,SIN PLACAS,JTERU71J4A4002836,TOYOTA,LAND CRUISER,BLANCO,RUSTICO,Liviana,A DESINCORPORAR,LOTE DE DENUNCIADAS DESINCORPORACION LAGUNILLAS,SERVICIOS ELECTRICOS,TRANSPORTE TERRESTRE,,,,
22013,AI870NG,JTEFU71J5A4005280,TOYOTA,LAND CRUISER,BLANCO,RUSTICO,Liviana,OPERATIVA,OPERATIVA,SEGURIDAD INTEGRAL (DSI),RAFAEL PARADA,,,,
22034,SIN PLACAS,JTEFU71J3A4005486,TOYOTA,LAND CRUISER,BLANCO,RUSTICO,Liviana,EN PROCESO DE DESINCORPORACION,FUERA DE SERVICIO,SEGURIDAD INTEGRAL (DSI),TRANSPORTE TERRESTRE,,,,
22042,SIN PLACAS,JTEFU71J5A4005456,TOYOTA,LAND CRUISER,BLANCO,RUSTICO,Liviana,EN PROCESO DE DESINCORPORACION,FUERA DE SERVICIO,COORDINACION OPERACIONAL,TRANSPORTE TERRESTRE,,,,
22174,AI854NG,JTEFU71J9A4005699,TOYOTA,LAND CRUISER,BLANCO,RUSTICO,Liviana,DESINCORPORADO,FUERA DE SERVICIO,TRANSPORTE TERRESTRE,TRANSPORTE TERRESTRE,,,,
22305,SIN PLACAS,JTERU71J8A4002287,TOYOTA,LAND CRUISER,BLANCO,RUSTICO,Liviana,EN PROCESO DE DESINCORPORACION,FUERA DE SERVICIO,COORDINACION OPERACIONAL,TRANSPORTE TERRESTRE,,,,
OCC70-057,AH173GA,JTERU71J2C4004572,TOYOTA,LAND CRUISER,BLANCO,RUSTICO,Liviana,EN PROCESO DE DESINCORPORACION,FUERA DE SERVICIO,AMBIENTE,TRANSPORTE TERRESTRE,,,,
OCC70-087,AH337GA,JTERU71JXC4004545,TOYOTA,LAND CRUISER,BLANCO,RUSTICO,Liviana,EN PROCESO DE DESINCORPORACION,FUERA DE SERVICIO,COORDINACION OPERACIONAL,TRANSPORTE TERRESTRE,,,,
22324,SIN PLACAS,JTERU71J7A4002359,TOYOTA,LAND CRUISER,BLANCO,RUSTICO,Liviana,A DESINCORPORAR,FUERA DE SERVICIO,SERVICIOS LOGISTICOS,PEDRO MANCILLA,,,,
22373,AL090DA,JTERU71J6A4002708,TOYOTA,LAND CRUISER,BLANCO,RUSTICO,Liviana,OPERATIVA,OPERATIVA,DIVISIÓN LAGO,MICHAEL VEGA,,,,
OCC70-064,SIN PLACAS,JTERU71J7C4004616,TOYOTA,LAND CRUISER,BLANCO,RUSTICO,Liviana,A DESINCORPORAR,LOTE DE DENUNCIADAS DESINCORPORACION LAGUNILLAS,SERVICIOS LOGISTICOS,TRANSPORTE TERRESTRE,,,,
2484,SIN PLACAS,JTERU71JXA4002484,TOYOTA,LAND CRUISER,BLANCO,RUSTICO,Liviana,A DESINCORPORAR,FUERA DE SERVICIO,GOIP,TRANSPORTE TERRESTRE,,,,
4640,AH400GA,JTERU71J4C4004640,TOYOTA,LAND CRUISER,BLANCO,RUSTICO,Liviana,COMODATO,POR CERTIFICAR,GOBERNACION DE TRUJILLO,NO APLICA,,,,
4691,SIN PLACAS,JTERU71JXC4004691,TOYOTA,LAND CRUISER,BLANCO,RUSTICO,Liviana,COMODATO,POR CERTIFICAR,GOBERNACION DE TRUJILLO,NO APLICA,,,,
5110,SIN PLACAS,JTERU71J2C4005110,TOYOTA,LAND CRUISER,BLANCO,RUSTICO,Liviana,COMODATO,POR CERTIFICAR,GOBERNACION DE TRUJILLO,NO APLICA,,,,
5170,SIN PLACAS,JTERU71J2C4005170,TOYOTA,LAND CRUISER,BLANCO,RUSTICO,Liviana,COMODATO,POR CERTIFICAR,GOBERNACION DE TRUJILLO,NO APLICA,,,,
5199,SIN PLACAS,JTERU71J0C4005199,TOYOTA,LAND CRUISER,BLANCO,RUSTICO,Liviana,COMODATO,POR CERTIFICAR,GOBERNACION DE TRUJILLO,NO APLICA,,,,
5200,SIN PLACAS,JTERU71J3C4005200,TOYOTA,LAND CRUISER,BLANCO,RUSTICO,Liviana,COMODATO,POR CERTIFICAR,GOBERNACION DE TRUJILLO,NO APLICA,,,,
5270,SIN PLACAS,JTERU71J2C4005270,TOYOTA,LAND CRUISER,BLANCO,RUSTICO,Liviana,COMODATO,POR CERTIFICAR,GOBERNACION DE TRUJILLO,NO APLICA,,,,
5273,SIN PLACAS,JTERU71J8C4005273,TOYOTA,LAND CRUISER,BLANCO,RUSTICO,Liviana,COMODATO,POR CERTIFICAR,GOBERNACION DE TRUJILLO,NO APLICA,,,,
5319,SIN PLACAS,JTERU71J6C4005319,TOYOTA,LAND CRUISER,BLANCO,RUSTICO,Liviana,COMODATO,POR CERTIFICAR,GOBERNACION DE TRUJILLO,NO APLICA,,,,
5320,SIN PLACAS,JTERU71J2C4005320,TOYOTA,LAND CRUISER,BLANCO,RUSTICO,Liviana,COMODATO,POR CERTIFICAR,GOBERNACION DE TRUJILLO,NO APLICA,,,,
5331,SIN PLACAS,JTERU71J2C4005331,TOYOTA,LAND CRUISER,BLANCO,RUSTICO,Liviana,COMODATO,POR CERTIFICAR,GOBERNACION DE TRUJILLO,NO APLICA,,,,
21506,TAL26F,8XA21UJ7258001469,TOYOTA,LAND CRUISER,BLANCO,RUSTICO,Liviana,A DESINCORPORAR,DESMANTELADA,SEGURIDAD INTEGRAL (DSI),TRANSPORTE TERRESTRE,,,,
21525,TAL59F,8XA21UJ7258001478,TOYOTA,LAND CRUISER,BLANCO,RUSTICO,Liviana,EN ESPERA POR REMOLQUE,POR CERTIFICAR FALLA,SEGURIDAD INTEGRAL (DSI),FREDDY MOLINA,,,,
22001,SIN PLACAS,JTEFU71J1A4005096,TOYOTA,LAND CRUISER,BLANCO,RUSTICO,Liviana,A DESINCORPORAR,FUERA DE SERVICIO,SEGURIDAD INTEGRAL (DSI),TRANSPORTE TERRESTRE,,,,
22007,SIN PLACAS,JTEFU71J1A4005227,TOYOTA,LAND CRUISER,BLANCO,RUSTICO,Liviana,A DESINCORPORAR,FUERA DE SERVICIO,SEGURIDAD INTEGRAL (DSI),TRANSPORTE TERRESTRE,,,,
22011,AE541JK,JTEFU71J1A4005275,TOYOTA,LAND CRUISER,BLANCO,RUSTICO,Liviana,A DESINCORPORAR,FUERA DE SERVICIO,SEGURIDAD INTEGRAL (DSI),FRANKLIN BENTO,,,,
22017,SIN PLACAS,JTEFU71J9A4005346,TOYOTA,LAND CRUISER,BLANCO,RUSTICO,Liviana,INOPERATIVA,RECUPERADA,SEGURIDAD INTEGRAL (DSI),EGIDIO MONTILLA,,,,
22019,AE653JKI,JTEFU71J9A4005377,TOYOTA,LAND CRUISER,BLANCO,RUSTICO,Liviana,A DESINCORPORAR,RECUPERADA DE TALLER AYACUCHO 23-3-24,SEGURIDAD INTEGRAL (DSI),NO APLICA,,,,
22023,SIN PLACAS,JTEFU71JOA4005413,TOYOTA,LAND CRUISER,BLANCO,RUSTICO,Liviana,A DESINCORPORAR,FUERA DE SERVICIO,SEGURIDAD INTEGRAL (DSI),TRANSPORTE TERRESTRE,,,,
22025,SIN PLACAS,JTEFU71J2A4005446,TOYOTA,LAND CRUISER,BLANCO,RUSTICO,Liviana,EN ESPERA POR REMOLQUE,POR CERTIFICAR FALLA,SEGURIDAD INTEGRAL (DSI),MIRCO MORON,,,,
22027,AE666JK,JTEFU71JOA4005512,TOYOTA,LAND CRUISER,BLANCO,RUSTICO,Liviana,EN ESPERA POR REMOLQUE,POR CERTIFICAR FALLA,SEGURIDAD INTEGRAL (DSI),DANGELO ALVAREZ,,,,
22030,SIN PLACAS,JTEFU71J4A4005464,TOYOTA,LAND CRUISER,BLANCO,RUSTICO,Liviana,A DESINCORPORAR,FUERA DE SERVICIO,SEGURIDAD INTEGRAL (DSI),TRANSPORTE TERRESTRE,,,,
22043,AI863NG,JTEFU71JXA4005534,TOYOTA,LAND CRUISER,BLANCO,RUSTICO,Liviana,EN ESPERA POR REMOLQUE,POR CERTIFICAR FALLA,SEGURIDAD INTEGRAL (DSI),RUBEN MUJICA,,,,
22044,AE504JK,JTEFU71JXA4005551,TOYOTA,LAND CRUISER,BLANCO,RUSTICO,Liviana,A DESINCORPORAR,FUERA DE SERVICIO,SEGURIDAD INTEGRAL (DSI),TRANSPORTE TERRESTRE,,,,
22048,SIN PLACAS,JTEFU71J8A4005578,TOYOTA,LAND CRUISER,BLANCO,RUSTICO,Liviana,A DESINCORPORAR,LOTE DE DENUNCIADAS DESINCORPORACION LAGUNILLAS,SEGURIDAD INTEGRAL (DSI),TRANSPORTE TERRESTRE,,,,
22076,SIN PLACAS,JTEFU71J5A4005330,TOYOTA,LAND CRUISER,BLANCO,RUSTICO,Liviana,A DESINCORPORAR,LOTE DE DENUNCIADAS DESINCORPORACION LAGUNILLAS,TRANSPORTE TERRESTRE,TRANSPORTE TERRESTRE,,,,
22083,AE662JK,JTEFU71J6A4005515,TOYOTA,LAND CRUISER,BLANCO,RUSTICO,Liviana,DESINCORPORADO,FUERA DE SERVICIO,SEGURIDAD INTEGRAL (DSI),TRANSPORTE TERRESTRE,,,,
3389,SIN PLACAS,POR CERTIFICAR,TOYOTA,LAND CRUISER,BLANCO,RUSTICO,Liviana,A DESINCORPORAR,FUERA DE SERVICIO,SEGURIDAD INTEGRAL (DSI),TRANSPORTE TERRESTRE,,,,
22104,AL980CA,JTEFU71J1A4005387,TOYOTA,LAND CRUISER,BLANCO,RUSTICO,Liviana,A DESINCORPORAR,FUERA DE SERVICIO,TRANSPORTE TERRESTRE,TRANSPORTE TERRESTRE,,,,
22144,SIN PLACAS,JTEFU71J0A4005414,TOYOTA,LAND CRUISER,BLANCO,RUSTICO,Liviana,A DESINCORPORAR,DESMANTELADA,PETROCUMAREBO,PETROCUMAREBO,,,,
22153,SIN PLACAS,JTEFU71J6A4005823,TOYOTA,LAND CRUISER,BLANCO,RUSTICO,Liviana,EN ESPERA POR REMOLQUE,POR CERTIFICAR FALLA,SEGURIDAD INTEGRAL (DSI),MIRCO MORON,,,,
22156,AE538JK,JTEFU71J3A4005570,TOYOTA,LAND CRUISER,BLANCO,RUSTICO,Liviana,INOPERATIVA,PARADA POR FALLA,SEGURIDAD INTEGRAL (DSI),RAFAEL SALAS,,,,
22191,SIN PLACAS,JTEFU71J9A4005217,TOYOTA,LAND CRUISER,BLANCO,RUSTICO,Liviana,A DESINCORPORAR,LOTE DE DENUNCIADAS DESINCORPORACION LAGUNILLAS,TRANSPORTE TERRESTRE,TRANSPORTE TERRESTRE,,,,
22207,SIN PLACAS,JTEFU71J1A4005289,TOYOTA,LAND CRUISER,BLANCO,RUSTICO,Liviana,A DESINCORPORAR,DESMANTELADA,PETROCUMAREBO,PETROCUMAREBO,,,,
22221,SIN PLACAS,JTEFU71J1A4005356,TOYOTA,LAND CRUISER,BLANCO,RUSTICO,Liviana,A DESINCORPORAR,A DESINCORPORAR,SEGURIDAD INTEGRAL (DSI),TRANSPORTE TERRESTRE,,,,
22222,SIN PLACAS,JTEFU71J5A4005912,TOYOTA,LAND CRUISER,BLANCO,RUSTICO,Liviana,EN PROCESO DE DESINCORPORACION,FUERA DE SERVICIO,SEGURIDAD INTEGRAL (DSI),TRANSPORTE TERRESTRE,,,,
22226,AL990CA,JTEFU71J1A4005891,TOYOTA,LAND CRUISER,BLANCO,RUSTICO,Liviana,INOPERATIVA,RECUPERADA DE TALLER AYACUCHO 23-3-24,SEGURIDAD INTEGRAL (DSI),ENDER PEÑA,,,,
22241,AI852NG,JTERU71J3A4001550,TOYOTA,LAND CRUISER,BLANCO,RUSTICO,Liviana,A DESINCORPORAR,ROBO RECUPERADO DESMANTELADAS,SEGURIDAD INTEGRAL (DSI),TRANSPORTE TERRESTRE,,,,
22249,SIN PLACAS,JTERU71JXA4001531,TOYOTA,LAND CRUISER,BLANCO,RUSTICO,Liviana,A DESINCORPORAR,ROBO RECUPERADO DESMANTELADAS,SEGURIDAD INTEGRAL (DSI),TRANSPORTE TERRESTRE,,,,
22259,AL059DA,JTERU71J9A4001567,TOYOTA,LAND CRUISER,BLANCO,RUSTICO,Liviana,DESCONOCIDO,DESCONOCIDO,SEGURIDAD INTEGRAL (DSI),POR CERTIFICAR,,,,
22263,AL994CA,JTERU71J1A4001594,TOYOTA,LAND CRUISER,BLANCO,RUSTICO,Liviana,EN ESPERA POR REMOLQUE,POR CERTIFICAR FALLA,SEGURIDAD INTEGRAL (DSI),RUBEN MUJICA,,,,
22316,SIN PLACAS,JTERU71J4A4002335,TOYOTA,LAND CRUISER,BLANCO,RUSTICO,Liviana,A DESINCORPORAR,LOTE DE DENUNCIADAS DESINCORPORACION LAGUNILLAS,SERVICIOS LOGISTICOS,TRANSPORTE TERRESTRE,,,,
22318,SIN PLACAS,JTERU71J1A4002342,TOYOTA,LAND CRUISER,BLANCO,RUSTICO,Liviana,A DESINCORPORAR,LOTE DE DENUNCIADAS DESINCORPORACION LAGUNILLAS,COORDINACION OPERACIONAL,TRANSPORTE TERRESTRE,,,,
22320,AL099DA,JTERU71J6A4002353,TOYOTA,LAND CRUISER,BLANCO,RUSTICO,Liviana,A DESINCORPORAR,DESMANTELADA,PETROCUMAREBO,PETROCUMAREBO,,,,
22345,SIN PLACAS,JTERU71J2A4002463,TOYOTA,LAND CRUISER,BLANCO,RUSTICO,Liviana,A DESINCORPORAR,FUERA DE SERVICIO,SERVICIOS ELECTRICOS,TRANSPORTE TERRESTRE,,,,
22311,SIN PLACAS,JTERU71J7A4002314,TOYOTA,LAND CRUISER,BLANCO,RUSTICO,Liviana,A DESINCORPORAR,FUERA DE SERVICIO,"COL, DIVISIÓN COSTA ORIENTAL DEL LAGO",POR CERTIFICAR,,,,
22354,AE650JK,JTERU71J4A4002576,TOYOTA,LAND CRUISER,BLANCO,RUSTICO,Liviana,INOPERATIVA,PARADA POR FALLA,SERVICIOS ELECTRICOS,HECTOR SOLORZANO,,,,
22367,SIN PLACAS,JTERU71J6A4002630,TOYOTA,LAND CRUISER,BLANCO,RUSTICO,Liviana,OPERATIVA,OPERATIVA,SERVICIOS LOGISTICOS,JUAN REYES,,,,
22394,SIN PLACAS,JTERU71J7A4001745,TOYOTA,LAND CRUISER,BLANCO,RUSTICO,Liviana,INOPERATIVA,PARADA POR FALLA,MPETROLEO,MERVIN ROJAS,,,,
22406,AL062DA,JTERU71J2A4002138,TOYOTA,LAND CRUISER,BLANCO,RUSTICO,Liviana,INOPERATIVA,PARADA POR FALLA,MPETROLEO,GIANCARLO MORÁN,,,,
22407,SIN PLACAS,JTERU71J7A4002202,TOYOTA,LAND CRUISER,BLANCO,RUSTICO,Liviana,INOPERATIVA,PARADA POR FALLA,MPETROLEO,GIANCARLO MORÁN,,,,
22414,SIN PLACAS,JTERU71JXA4002503,TOYOTA,LAND CRUISER,BLANCO,RUSTICO,Liviana,A DESINCORPORAR,LOTE DE DENUNCIADAS DESINCORPORACION LAGUNILLAS,COORDINACION OPERACIONAL,TRANSPORTE TERRESTRE,,,,
22522,SIN PLACAS,JTERU71J2A4002740,TOYOTA,LAND CRUISER,BLANCO,RUSTICO,Liviana,EN ESPERA POR REMOLQUE,POR CERTIFICAR FALLA,ASUNTOS PUBLICOS,DAVID REYES,,,,
OCC70-0100,AA014PH,JTERU71J8C4004608,TOYOTA,LAND CRUISER,BLANCO,RUSTICO,Liviana,COMODATO,POR CERTIFICAR,GOBERNACION DE TRUJILLO,NO APLICA,,,,
OCC70-025,AF557AM,JTERU71J9C4004679,TOYOTA,LAND CRUISER,BLANCO,RUSTICO,Liviana,COMODATO,POR CERTIFICAR,GOBERNACION DE TRUJILLO,NO APLICA,,,,
OCC70-053,AH172GA,JTERU71J5C4004548,TOYOTA,LAND CRUISER,BLANCO,RUSTICO,Liviana,INOPERATIVA,RECUPERADA DE AYACUCHO,SEGURIDAD INTEGRAL (DSI),JESUS CHACIN,,,,
OCC70-081,AF588AM,JTERU71J4C4004461,TOYOTA,LAND CRUISER,BLANCO,RUSTICO,Liviana,COMODATO,POR CERTIFICAR,GOBERNACION DE TRUJILLO,NO APLICA,,,,
OCC70-086,AG290BG,JTERU71J3C4005407,TOYOTA,LAND CRUISER,BLANCO,RUSTICO,Liviana,A DESINCORPORAR,LOTE DE DENUNCIADAS DESINCORPORACION LAGUNILLAS,COORDINACION OPERACIONAL,TRANSPORTE TERRESTRE,,,,
2814,SIN PLACAS,JTERU71J5A4002814,TOYOTA,LAND CRUISER,BLANCO,RUSTICO,Liviana,COMODATO,COMODATO,ALCALDIA DEL MUNICIPIO MARA,NO APLICA,,,,
OCC70-099,AH421WA,JTERU71JXC4004593,TOYOTA,LAND CRUISER,BLANCO,RUSTICO,Liviana,EN ESPERA POR REMOLQUE,POR CERTIFICAR FALLA,SEGUIMIENTO A PROYECTOS ESTRATEGICOS,ELIUMAR OCHOA,,,,
4002233,SIN PLACAS,JTERU71J7A4002233,TOYOTA,LAND CRUISER,BLANCO,RUSTICO,Liviana,COMODATO,COMODATO,ALCALDIA DEL MUNICIPIO MARA,NO APLICA,,,,
3909,SIN PLACAS,JTERU71J7B4003609,TOYOTA,LAND CRUISER,BLANCO,RUSTICO,Liviana,COMODATO,COMODATO,ALCALDIA DEL MUNICIPIO MARA,NO APLICA,,,,
3637,SIN PLACAS,JTERU71J1B4003637,TOYOTA,LAND CRUISER,BLANCO,RUSTICO,Liviana,COMODATO,COMODATO,ALCALDIA DEL MUNICIPIO MARA,NO APLICA,,,,
2347,SIN PLACAS,JTERU71J0A4002347,TOYOTA,LAND CRUISER,BLANCO,RUSTICO,Liviana,COMODATO,COMODATO,ALCALDIA DEL MUNICIPIO MARA,NO APLICA,,,,
2585,SIN PLACAS,JTERU71J5A4002585,TOYOTA,LAND CRUISER,BLANCO,RUSTICO,Liviana,COMODATO,COMODATO,ALCALDIA DEL MUNICIPIO MARA,NO APLICA,,,,
2725,SIN PLACAS,JTERU71J6A4002725,TOYOTA,LAND CRUISER,BLANCO,RUSTICO,Liviana,COMODATO,COMODATO,ALCALDIA DEL MUNICIPIO MARA,NO APLICA,,,,
2437,SIN PLACAS,JTERU71J1A4002437,TOYOTA,LAND CRUISER,BLANCO,RUSTICO,Liviana,COMODATO,COMODATO,ALCALDIA DEL MUNICIPIO MARA,NO APLICA,,,,
2629,SIN PLACAS,JTERU71JXA4002629,TOYOTA,LAND CRUISER,BLANCO,RUSTICO,Liviana,COMODATO,COMODATO,ALCALDIA DEL MUNICIPIO MARA,NO APLICA,,,,
PB-VL31628,SIN PLACAS,JTERU71J6A4003034,TOYOTA,LAND CRUISER,BLANCO,RUSTICO,Liviana,A DESINCORPORAR,LOTE DE DENUNCIADAS DESINCORPORACION LAGUNILLAS,SEGURIDAD INTEGRAL (DSI),TRANSPORTE TERRESTRE,,,,
22245,SIN PLACAS,JTERU71J7A4001650,TOYOTA,LAND CRUISER,BLANCO,RUSTICO,Liviana,INOPERATIVA,PARADA POR FALLA,"COL, DIVISIÓN COSTA ORIENTAL DEL LAGO",JOSE MOSQUERA,,,,
22114,SIN PLACAS,JTEFU71J0A4005770,TOYOTA,LAND CRUISER,BLANCO,RUSTICO,Liviana,A DESINCORPORAR,FUERA DE SERVICIO,"COL, DIVISIÓN COSTA ORIENTAL DEL LAGO",TRANSPORTE TERRESTRE,,,,
5461,AF303EM,JTERU71J9C4005461,TOYOTA,LAND CRUISER,BLANCO,RUSTICO,Liviana,EN PROCESO DE DESINCORPORACION,FUERA DE SERVICIO,"COL, DIVISIÓN COSTA ORIENTAL DEL LAGO",TRANSPORTE TERRESTRE,,,,
5154,AF117EM,JTERU71JOC4005154,TOYOTA,LAND CRUISER,BLANCO,RUSTICO,Liviana,INOPERATIVA,PARADA POR FALLA,"COL, DIVISIÓN COSTA ORIENTAL DEL LAGO",RUSBET VILLASMIL,,,,
22310,AL067DA,JTERU71J3A4002309,TOYOTA,LAND CRUISER,BLANCO,RUSTICO,Liviana,OPERATIVA,OPERATIVA,"COL, DIVISIÓN COSTA ORIENTAL DEL LAGO",ALEXIS MAVAREZ,,,,
5346,AB197DL,JTERU71J9C4005346,TOYOTA,LAND CRUISER,BLANCO,RUSTICO,Liviana,INOPERATIVA,PARADA POR FALLA,"COL, DIVISIÓN COSTA ORIENTAL DEL LAGO",ENDRI FERNANDEZ,,,,
22300,SIN PLACAS,JTERU71J7A4002005,TOYOTA,LAND CRUISER,BLANCO,RUSTICO,Liviana,EN ESPERA POR REMOLQUE,POR CERTIFICAR FALLA,"COL, DIVISIÓN COSTA ORIENTAL DEL LAGO",CESAR PEÑA,,,,
22303,AL098DA,JTERU71J9A4002198,TOYOTA,LAND CRUISER,BLANCO,RUSTICO,Liviana,A DESINCORPORAR,LOTE DE DENUNCIADAS DESINCORPORACION LAGUNILLAS,"COL, DIVISIÓN COSTA ORIENTAL DEL LAGO",TRANSPORTE TERRESTRE,,,,
OCC70-074,AH416GA,JTERU71J5C4004582,TOYOTA,LAND CRUISER,BLANCO,RUSTICO,Liviana,EN PROCESO DE DESINCORPORACION,FUERA DE SERVICIO,"COL, DIVISIÓN COSTA ORIENTAL DEL LAGO",TRANSPORTE TERRESTRE,,,,
2508,SIN PLACAS,JTERU71J9A4002508,TOYOTA,LAND CRUISER,BLANCO,RUSTICO,Liviana,DESCONOCIDO,DESCONOCIDO,DIVISIÓN LAGO,EDICSON ANDARA,,,,
2684,AE529JK,JTERU71J7A4002684,TOYOTA,LAND CRUISER,BLANCO,RUSTICO,Liviana,OPERATIVA,OPERATIVA,DIVISIÓN LAGO,JORGE LOPEZ,,,,
3072,SIN PLACAS,JTERU71J3A4003072,TOYOTA,LAND CRUISER,BLANCO,RUSTICO,Liviana,A DESINCORPORAR,RECUPERADA,DIVISIÓN LAGO,MIGUEL MOSQUERA,,,,
22405,SIN PLACAS,JTERU71J1A4002096,TOYOTA,LAND CRUISER,BLANCO,RUSTICO,Liviana,INOPERATIVA,RECUPERADA DE TALLER AYACUCHO 23-3-24,DIVISIÓN LAGO,YDELMO ANTONI PEÑA,,,,
OCC70-039,AF699TK,JTERU71J0C4004702,TOYOTA,LAND CRUISER,BLANCO,RUSTICO,Liviana,DESCONOCIDO,DESCONOCIDO,DIVISIÓN LAGO,WIBER MONTIEL,,,,
2014,SIN PLACAS,JTERU71J6A4002014,TOYOTA,LAND CRUISER,BLANCO,RUSTICO,Liviana,INOPERATIVA,POR CERTIFICAR FALLA,DIVISIÓN LAGO,RAFAEL LONGA,,,,
2385,SIN PLACAS,JTERU7158A4002385,TOYOTA,LAND CRUISER,BLANCO,RUSTICO,Liviana,A DESINCORPORAR,FUERA DE SERVICIO,DIVISIÓN LAGO,TRANSPORTE TERRESTRE,,,,
2590,SIN PLACAS,JTERU71J9A4002590,TOYOTA,LAND CRUISER,BLANCO,RUSTICO,Liviana,A DESINCORPORAR,FUERA DE SERVICIO,DIVISIÓN LAGO,TRANSPORTE TERRESTRE,,,,
2862,SIN PLACAS,JTERU71J5A4002862,TOYOTA,LAND CRUISER,BLANCO,RUSTICO,Liviana,A DESINCORPORAR,FUERA DE SERVICIO,DIVISIÓN LAGO,TRANSPORTE TERRESTRE,,,,
2883,SIN PLACAS,JTERU71J2A4002883,TOYOTA,LAND CRUISER,BLANCO,RUSTICO,Liviana,A DESINCORPORAR,FUERA DE SERVICIO,DIVISIÓN LAGO,TRANSPORTE TERRESTRE,,,,
2979,AE536JK,JTERU71J4A4002979,TOYOTA,LAND CRUISER,BLANCO,RUSTICO,Liviana,EN PROCESO DE DESINCORPORACION,FUERA DE SERVICIO,DIVISIÓN LAGO,TRANSPORTE TERRESTRE,,,,
3110,SIN PLACAS,JTERU71J7A4003110,TOYOTA,LAND CRUISER,BLANCO,RUSTICO,Liviana,INOPERATIVA,POR CERTIFICAR FALLA,DIVISIÓN LAGO,HERNAN RUIZ,,,,
OCC70-031,AF512AM,JTERU71J8C4004690,TOYOTA,LAND CRUISER,BLANCO,RUSTICO,Liviana,INOPERATIVA,PARADA POR FALLA,DIVISIÓN SUR DEL LAGO TRUJILLO,ARGENIS MARQUEZ,,,,
OCC70-054,AA018PO,JTERU71JXC4004626,TOYOTA,LAND CRUISER,BLANCO,RUSTICO,Liviana,A DESINCORPORAR,FUERA DE SERVICIO,DIVISIÓN SUR DEL LAGO TRUJILLO,TRANSPORTE TERRESTRE,,,,
22152,SIN PLACAS,JTEFU71J7A4005453,TOYOTA,LAND CRUISER,BLANCO,RUSTICO,Liviana,INOPERATIVA,PARADA POR FALLA,COORDINACION OPERACIONAL,ARMANDO MORILLO,,,,
22159,SIN PLACAS,JTEFU71J7A4005281,TOYOTA,LAND CRUISER,BLANCO,RUSTICO,Liviana,EN ESPERA POR REMOLQUE,POR CERTIFICAR FALLA,"OCC, DIVISIÓN COSTA OCCIDENTAL",EDUARDO CHAVEZ,,,,
22283,AL995CA,JTERU71J4A4001587,TOYOTA,LAND CRUISER,BLANCO,RUSTICO,Liviana,EN ESPERA POR REMOLQUE,POR CERTIFICAR FALLA,"OCC, DIVISIÓN COSTA OCCIDENTAL",NELSON BENCOMO,,,,
22064,SIN PLACAS,JTEFU71J4A4005285,TOYOTA,LAND CRUISER,BLANCO,RUSTICO,Liviana,A DESINCORPORAR,FUERA DE SERVICIO,"OCC, DIVISIÓN COSTA OCCIDENTAL",TRANSPORTE TERRESTRE,,,,
2321,SIN PLACAS,JTERU71J4A4002321,TOYOTA,LAND CRUISER,BLANCO,RUSTICO,Liviana,EN PROCESO DE DESINCORPORACION,FUERA DE SERVICIO,GOIP,TRANSPORTE TERRESTRE,,,,
21501,TAL07F,8XA21UJ7258001454,TOYOTA,LAND CRUISER,BLANCO,RUSTICO,Liviana,EN PROCESO DE DESINCORPORACION,FUERA DE SERVICIO,GNB,TRANSPORTE TERRESTRE,,,,
21502,TAL06F,8XA21UJ7258001453,TOYOTA,LAND CRUISER,BLANCO,RUSTICO,Liviana,EN PROCESO DE DESINCORPORACION,FUERA DE SERVICIO,SEGURIDAD INTEGRAL (DSI),TRANSPORTE TERRESTRE,,,,
22033,SIN PLACAS,JTEFU71J1A4005468,TOYOTA,LAND CRUISER,BLANCO,RUSTICO,Liviana,EN PROCESO DE DESINCORPORACION,FUERA DE SERVICIO,SEGURIDAD INTEGRAL (DSI),TRANSPORTE TERRESTRE,,,,
22070,AI864NG,JTEFU71J0A4005641,TOYOTA,LAND CRUISER,BLANCO,RUSTICO,Liviana,EN PROCESO DE DESINCORPORACION,FUERA DE SERVICIO,SEGURIDAD INTEGRAL (DSI),TRANSPORTE TERRESTRE,,,,
22122,SIN PLACAS,JTEFU71J5A4005876,TOYOTA,LAND CRUISER,BLANCO,RUSTICO,Liviana,EN PROCESO DE DESINCORPORACION,FUERA DE SERVICIO,SERVICIOS ELECTRICOS,TRANSPORTE TERRESTRE,,,,
22127,AL983CA,JTEFU71J6A4005904,TOYOTA,LAND CRUISER,BLANCO,RUSTICO,Liviana,EN PROCESO DE DESINCORPORACION,FUERA DE SERVICIO,SERVICIOS ELECTRICOS,TRANSPORTE TERRESTRE,,,,
22148,AE539JK,JTEFU71JXA4005727,TOYOTA,LAND CRUISER,BLANCO,RUSTICO,Liviana,EN PROCESO DE DESINCORPORACION,FUERA DE SERVICIO,SEGURIDAD INTEGRAL (DSI),TRANSPORTE TERRESTRE,,,,
22202,SIN PLACAS,JTEFU71J7A4005376,TOYOTA,LAND CRUISER,BLANCO,RUSTICO,Liviana,EN PROCESO DE DESINCORPORACION,FUERA DE SERVICIO,SEGURIDAD INTEGRAL (DSI),TRANSPORTE TERRESTRE,,,,
22237,SIN PLACAS,JTEFU71J9A4005637,TOYOTA,LAND CRUISER,BLANCO,RUSTICO,Liviana,EN PROCESO DE DESINCORPORACION,FUERA DE SERVICIO,SEGURIDAD INTEGRAL (DSI),TRANSPORTE TERRESTRE,,,,
22239,AI857NG,JTEFU71J0A4005946,TOYOTA,LAND CRUISER,BLANCO,RUSTICO,Liviana,EN PROCESO DE DESINCORPORACION,FUERA DE SERVICIO,SEGURIDAD INTEGRAL (DSI),TRANSPORTE TERRESTRE,,,,
22248,AI856NG,JTERU71J5A4001677,TOYOTA,LAND CRUISER,BLANCO,RUSTICO,Liviana,EN PROCESO DE DESINCORPORACION,FUERA DE SERVICIO,SEGURIDAD INTEGRAL (DSI),TRANSPORTE TERRESTRE,,,,
22269,AE540JK,JTERU71J7A4001633,TOYOTA,LAND CRUISER,BLANCO,RUSTICO,Liviana,EN PROCESO DE DESINCORPORACION,FUERA DE SERVICIO,SEGURIDAD INTEGRAL (DSI),TRANSPORTE TERRESTRE,,,,
22319,SIN PLACAS,JTERU71J2A4002351,TOYOTA,LAND CRUISER,BLANCO,RUSTICO,Liviana,EN PROCESO DE DESINCORPORACION,FUERA DE SERVICIO,SEGURIDAD INTEGRAL (DSI),TRANSPORTE TERRESTRE,,,,
22322,AL076DA,JTERU71J1A4002356,TOYOTA,LAND CRUISER,BLANCO,RUSTICO,Liviana,EN PROCESO DE DESINCORPORACION,FUERA DE SERVICIO,SEGURIDAD INTEGRAL (DSI),TRANSPORTE TERRESTRE,,,,
22377,AE546JK,JTERU71J8A4002726,TOYOTA,LAND CRUISER,BLANCO,RUSTICO,Liviana,EN PROCESO DE DESINCORPORACION,FUERA DE SERVICIO,RELACIONES GUBERNAMENTALES PROPIEDADES Y CATASTRO,TRANSPORTE TERRESTRE,,,,
22413,SIN PLACAS,JTERU71J1A4002499,TOYOTA,LAND CRUISER,BLANCO,RUSTICO,Liviana,EN PROCESO DE DESINCORPORACION,FUERA DE SERVICIO,SEGURIDAD INTEGRAL (DSI),TRANSPORTE TERRESTRE,,,,
OCC70-004,AH316GA,JTERU71J7C4004681,TOYOTA,LAND CRUISER,BLANCO,RUSTICO,Liviana,EN PROCESO DE DESINCORPORACION,FUERA DE SERVICIO,SEGURIDAD INTEGRAL (DSI),TRANSPORTE TERRESTRE,,,,
OCC70-089,AG364BG,JTERU71J2C4005382,TOYOTA,LAND CRUISER,BLANCO,RUSTICO,Liviana,EN PROCESO DE DESINCORPORACION,FUERA DE SERVICIO,SERVICIOS ELECTRICOS,TRANSPORTE TERRESTRE,,,,
22072,AL060DA,JTEFU71JXA4005632,TOYOTA,LAND CRUISER,BLANCO,RUSTICO,Liviana,EN PROCESO DE DESINCORPORACION,FUERA DE SERVICIO,DIVISIÓN SUR DEL LAGO TRUJILLO,TRANSPORTE TERRESTRE,,,,
22079,SIN PLACAS,JTEFU71J9A4005380,TOYOTA,LAND CRUISER,BLANCO,RUSTICO,Liviana,EN PROCESO DE DESINCORPORACION,FUERA DE SERVICIO,DIVISIÓN SUR DEL LAGO TRUJILLO,TRANSPORTE TERRESTRE,,,,
22084,SIN PLACAS,JTEFU71J0A4005820,TOYOTA,LAND CRUISER,BLANCO,RUSTICO,Liviana,EN PROCESO DE DESINCORPORACION,FUERA DE SERVICIO,DIVISIÓN SUR DEL LAGO TRUJILLO,TRANSPORTE TERRESTRE,,,,
22105,SIN PLACAS,JTEFU71J5A4005411,TOYOTA,LAND CRUISER,BLANCO,RUSTICO,Liviana,EN PROCESO DE DESINCORPORACION,FUERA DE SERVICIO,DIVISIÓN SUR DEL LAGO TRUJILLO,TRANSPORTE TERRESTRE,,,,
22119,AI848NG,JTEFU71J2A4005818,TOYOTA,LAND CRUISER,BLANCO,RUSTICO,Liviana,EN PROCESO DE DESINCORPORACION,FUERA DE SERVICIO,DIVISIÓN SUR DEL LAGO TRUJILLO,TRANSPORTE TERRESTRE,,,,
22125,AL982CA,JTEFU71J1A4005888,TOYOTA,LAND CRUISER,BLANCO,RUSTICO,Liviana,EN PROCESO DE DESINCORPORACION,FUERA DE SERVICIO,DIVISIÓN SUR DEL LAGO TRUJILLO,TRANSPORTE TERRESTRE,,,,
22136,SIN PLACAS,JTEFU71J3A4005312,TOYOTA,LAND CRUISER,BLANCO,RUSTICO,Liviana,EN PROCESO DE DESINCORPORACION,FUERA DE SERVICIO,DIVISIÓN SUR DEL LAGO TRUJILLO,TRANSPORTE TERRESTRE,,,,
22199,SIN PLACAS,JTEFU71J6A4005790,TOYOTA,LAND CRUISER,BLANCO,RUSTICO,Liviana,EN PROCESO DE DESINCORPORACION,FUERA DE SERVICIO,DIVISIÓN SUR DEL LAGO TRUJILLO,TRANSPORTE TERRESTRE,,,,
22205,SIN PLACAS,JTEFU71J0A4005896,TOYOTA,LAND CRUISER,BLANCO,RUSTICO,Liviana,EN PROCESO DE DESINCORPORACION,FUERA DE SERVICIO,DIVISIÓN SUR DEL LAGO TRUJILLO,TRANSPORTE TERRESTRE,,,,
22339,SIN PLACAS,JTERU71J6A4002448,TOYOTA,LAND CRUISER,BLANCO,RUSTICO,Liviana,EN PROCESO DE DESINCORPORACION,FUERA DE SERVICIO,DIVISIÓN SUR DEL LAGO TRUJILLO,TRANSPORTE TERRESTRE,,,,
22410,AL071DA,JTERU71J1A4002230,TOYOTA,LAND CRUISER,BLANCO,RUSTICO,Liviana,EN PROCESO DE DESINCORPORACION,FUERA DE SERVICIO,DIVISIÓN SUR DEL LAGO TRUJILLO,TRANSPORTE TERRESTRE,,,,
22411,AL070DA,JTERU71J5A4002425,TOYOTA,LAND CRUISER,BLANCO,RUSTICO,Liviana,EN PROCESO DE DESINCORPORACION,FUERA DE SERVICIO,DIVISIÓN SUR DEL LAGO TRUJILLO,TRANSPORTE TERRESTRE,,,,
OCC70-030,AO175GA,JTERU71J8C4004575,TOYOTA,LAND CRUISER,BLANCO,RUSTICO,Liviana,EN PROCESO DE DESINCORPORACION,FUERA DE SERVICIO,DIVISIÓN SUR DEL LAGO TRUJILLO,TRANSPORTE TERRESTRE,,,,
OCC70-032,AF538AM,JTERU71J4C4004623,TOYOTA,LAND CRUISER,BLANCO,RUSTICO,Liviana,EN PROCESO DE DESINCORPORACION,FUERA DE SERVICIO,DIVISIÓN SUR DEL LAGO TRUJILLO,TRANSPORTE TERRESTRE,,,,
OCC70-048,AO843NA,JTERU71JXC4004710,TOYOTA,LAND CRUISER,BLANCO,RUSTICO,Liviana,EN PROCESO DE DESINCORPORACION,FUERA DE SERVICIO,DIVISIÓN SUR DEL LAGO TRUJILLO,TRANSPORTE TERRESTRE,,,,
OCC70-049,AF589AM,JTERU71J6C4004459,TOYOTA,LAND CRUISER,BLANCO,RUSTICO,Liviana,EN PROCESO DE DESINCORPORACION,FUERA DE SERVICIO,DIVISIÓN SUR DEL LAGO TRUJILLO,TRANSPORTE TERRESTRE,,,,
OCC70-050,AA017PO,JTERU71J9C4004665,TOYOTA,LAND CRUISER,BLANCO,RUSTICO,Liviana,EN PROCESO DE DESINCORPORACION,FUERA DE SERVICIO,DIVISIÓN SUR DEL LAGO TRUJILLO,TRANSPORTE TERRESTRE,,,,
OCC70-082,AG394BG,JTERU71JXC4005288,TOYOTA,LAND CRUISER,BLANCO,RUSTICO,Liviana,EN PROCESO DE DESINCORPORACION,FUERA DE SERVICIO,DIVISIÓN SUR DEL LAGO TRUJILLO,TRANSPORTE TERRESTRE,,,,
OCC70-094,AB211DL,JTERU71J3C4005259,TOYOTA,LAND CRUISER,BLANCO,RUSTICO,Liviana,EN PROCESO DE DESINCORPORACION,FUERA DE SERVICIO,DIVISIÓN SUR DEL LAGO TRUJILLO,TRANSPORTE TERRESTRE,,,,
OCC70-095,AH181GA,JTERU71J0C4004604,TOYOTA,LAND CRUISER,BLANCO,RUSTICO,Liviana,EN PROCESO DE DESINCORPORACION,FUERA DE SERVICIO,DIVISIÓN SUR DEL LAGO TRUJILLO,TRANSPORTE TERRESTRE,,,,
22260,SIN PLACAS,JTERU71J6A4001638,TOYOTA,LAND CRUISER,BLANCO,RUSTICO,Liviana,EN PROCESO DE DESINCORPORACION,FUERA DE SERVICIO,DIVISIÓN SUR DEL LAGO TRUJILLO,TRANSPORTE TERRESTRE,,,,
2844,SIN PLACAS,JTERU71J3A4002844,TOYOTA,LAND CRUISER,BLANCO,RUSTICO,Liviana,EN PROCESO DE DESINCORPORACION,FUERA DE SERVICIO,DIVISIÓN SUR DEL LAGO TRUJILLO,TRANSPORTE TERRESTRE,,,,
3087,SIN PLACAS,JTERU71J5A4003087,TOYOTA,LAND CRUISER,BLANCO,RUSTICO,Liviana,EN PROCESO DE DESINCORPORACION,FUERA DE SERVICIO,DIVISIÓN SUR DEL LAGO TRUJILLO,TRANSPORTE TERRESTRE,,,,
22094,SIN PLACAS,JTEFU71J7A4005135,TOYOTA,LAND CRUISER,BLANCO,RUSTICO,Liviana,EN PROCESO DE DESINCORPORACION,FUERA DE SERVICIO,DIVISIÓN SUR DEL LAGO TRUJILLO,TRANSPORTE TERRESTRE,,,,
5155,SIN PLACAS,JTERU71J2C4005155,TOYOTA,LAND CRUISER,BLANCO,RUSTICO,Liviana,EN PROCESO DE DESINCORPORACION,FUERA DE SERVICIO,DIVISIÓN SUR DEL LAGO TRUJILLO,TRANSPORTE TERRESTRE,,,,
22217,AI850NG,JTEFU71J6A4005482,TOYOTA,LAND CRUISER,BLANCO,RUSTICO,Liviana,EN PROCESO DE DESINCORPORACION,FUERA DE SERVICIO,SEGURIDAD INTEGRAL (DSI),TRANSPORTE TERRESTRE,,,,
22366,SIN PLACAS,JTERU71J6A4002627,TOYOTA,LAND CRUISER,BLANCO,RUSTICO,Liviana,EN PROCESO DE DESINCORPORACION,FUERA DE SERVICIO,COORDINACION OPERACIONAL,TRANSPORTE TERRESTRE,,,,
22231,SIN PLACAS,JTEFU71J4A4005805,TOYOTA,LAND CRUISER,BLANCO,RUSTICO,Liviana,EN PROCESO DE DESINCORPORACION,FUERA DE SERVICIO,SEGURIDAD INTEGRAL (DSI),TRANSPORTE TERRESTRE,,,,
22302,AL053DA,JTERU71J9A4002184,TOYOTA,LAND CRUISER,BLANCO,RUSTICO,Liviana,EN PROCESO DE DESINCORPORACION,FUERA DE SERVICIO,RELACIONES GUBERNAMENTALES PROPIEDADES Y CATASTRO,TRANSPORTE TERRESTRE,,,,
22063,SIN PLACAS,JTEFU71J6A4005708,TOYOTA,LAND CRUISER,BLANCO,RUSTICO,Liviana,EN PROCESO DE DESINCORPORACION,FUERA DE SERVICIO,TRANSPORTE TERRESTRE,TRANSPORTE TERRESTRE,,,,
22139,SIN PLACAS,JTEFU71J7A4005152,TOYOTA,LAND CRUISER,BLANCO,RUSTICO,Liviana,EN PROCESO DE DESINCORPORACION,FUERA DE SERVICIO,SEGURIDAD INTEGRAL (DSI),TRANSPORTE TERRESTRE,,,,
22021,SIN PLACAS,JTEFU71JXA4005405,TOYOTA,LAND CRUISER,BLANCO,RUSTICO,Liviana,EN PROCESO DE DESINCORPORACION,FUERA DE SERVICIO,SEGURIDAD INTEGRAL (DSI),TRANSPORTE TERRESTRE,,,,
22082,AE503JK,JTEFU71J1A4005552,TOYOTA,LAND CRUISER,BLANCO,RUSTICO,Liviana,EN PROCESO DE DESINCORPORACION,FUERA DE SERVICIO,GERENCIA REGIONAL DE VIVIENDA,TRANSPORTE TERRESTRE,,,,
22150,SIN PLACAS,JTEFU71J9A4005332,TOYOTA,LAND CRUISER,BLANCO,RUSTICO,Liviana,EN PROCESO DE DESINCORPORACION,FUERA DE SERVICIO,TRANSPORTE TERRESTRE,TRANSPORTE TERRESTRE,,,,
22196,SIN PLACAS,JTEFU71J1A4005678,TOYOTA,LAND CRUISER,BLANCO,RUSTICO,Liviana,EN PROCESO DE DESINCORPORACION,FUERA DE SERVICIO,SEGURIDAD INTEGRAL (DSI),TRANSPORTE TERRESTRE,,,,
22285,AL996CA,JTERU71J2A4001636,TOYOTA,LAND CRUISER,BLANCO,RUSTICO,Liviana,EN PROCESO DE DESINCORPORACION,FUERA DE SERVICIO,SEGURIDAD INTEGRAL (DSI),TRANSPORTE TERRESTRE,,,,
22062,AE545JK,JTEFU71JXA4005663,TOYOTA,LAND CRUISER,BLANCO,RUSTICO,Liviana,EN PROCESO DE DESINCORPORACION,FUERA DE SERVICIO,"COL, DIVISIÓN COSTA ORIENTAL DEL LAGO",TRANSPORTE TERRESTRE,,,,
22200,AE522JK,JTEFU71J0A4005106,TOYOTA,LAND CRUISER,BLANCO,RUSTICO,Liviana,EN PROCESO DE DESINCORPORACION,FUERA DE SERVICIO,TRANSPORTE TERRESTRE,TRANSPORTE TERRESTRE,,,,
22046,SIN PLACAS,JTEFU71JXA4005369,TOYOTA,LAND CRUISER,BLANCO,RUSTICO,Liviana,EN PROCESO DE DESINCORPORACION,FUERA DE SERVICIO,"OCC, DIVISIÓN COSTA OCCIDENTAL",TRANSPORTE TERRESTRE,,,,
22106,SIN PLACAS,JTEFU71J9A4005413,TOYOTA,LAND CRUISER,BLANCO,RUSTICO,Liviana,EN PROCESO DE DESINCORPORACION,FUERA DE SERVICIO,"OCC, DIVISIÓN COSTA OCCIDENTAL",TRANSPORTE TERRESTRE,,,,
22118,SIN PLACAS,JTEFU71J6A4005305,TOYOTA,LAND CRUISER,BLANCO,RUSTICO,Liviana,EN PROCESO DE DESINCORPORACION,FUERA DE SERVICIO,"OCC, DIVISIÓN COSTA OCCIDENTAL",TRANSPORTE TERRESTRE,,,,
22175,SIN PLACAS,JTEFU71J6A4005286,TOYOTA,LAND CRUISER,BLANCO,RUSTICO,Liviana,EN PROCESO DE DESINCORPORACION,FUERA DE SERVICIO,"OCC, DIVISIÓN COSTA OCCIDENTAL",TRANSPORTE TERRESTRE,,,,
22157,SIN PLACAS,JTEFU71J2A4005172,TOYOTA,LAND CRUISER,BLANCO,RUSTICO,Liviana,EN PROCESO DE DESINCORPORACION,FUERA DE SERVICIO,"OCC, DIVISIÓN COSTA OCCIDENTAL",TRANSPORTE TERRESTRE,,,,
22219,SIN PLACAS,JTEFU71J4A4005884,TOYOTA,LAND CRUISER,BLANCO,RUSTICO,Liviana,EN PROCESO DE DESINCORPORACION,FUERA DE SERVICIO,"OCC, DIVISIÓN COSTA OCCIDENTAL",TRANSPORTE TERRESTRE,,,,
2491,AE537JK,JTERU71J7A4002491,TOYOTA,LAND CRUISER,BLANCO,RUSTICO,Liviana,A DESINCORPORAR,FUERA DE SERVICIO,DIVISIÓN LAGO,TRANSPORTE TERRESTRE,,,,
22020,SIN PLACAS,JTEFU71J3A4005391,TOYOTA,LAND CRUISER,BLANCO,RUSTICO,Liviana,EN PROCESO DE DESINCORPORACION,FUERA DE SERVICIO,SEGURIDAD INTEGRAL (DSI),TRANSPORTE TERRESTRE,,,,
22348,SIN PLACAS,JTERU71J7A4002541,TOYOTA,LAND CRUISER,BLANCO,RUSTICO,Liviana,EN PROCESO DE DESINCORPORACION,FUERA DE SERVICIO,SERVICIOS ELECTRICOS,TRANSPORTE TERRESTRE,,,,
22066,SIN PLACAS,JTEFU71J9A4005167,TOYOTA,LAND CRUISER,BLANCO,RUSTICO,Liviana,EN PROCESO DE DESINCORPORACION,FUERA DE SERVICIO,"COL, DIVISIÓN COSTA ORIENTAL DEL LAGO",TRANSPORTE TERRESTRE,,,,
22336,SIN PLACAS,JTERU71J1A4002440,TOYOTA,LAND CRUISER,BLANCO,RUSTICO,Liviana,EN PROCESO DE DESINCORPORACION,FUERA DE SERVICIO,DIVISIÓN LAGO,TRANSPORTE TERRESTRE,,,,
22313,SIN PLACAS,JTERU71J6A4002322,TOYOTA,LAND CRUISER,BLANCO,RUSTICO,Liviana,EN PROCESO DE DESINCORPORACION,FUERA DE SERVICIO,COORDINACION OPERACIONAL,TRANSPORTE TERRESTRE,,,,
3061,SIN PLACAS,JTERU71J9A4003061,TOYOTA,LAND CRUISER,BLANCO,RUSTICO,Liviana,EN PROCESO DE DESINCORPORACION,FUERA DE SERVICIO,DIVISIÓN LAGO,TRANSPORTE TERRESTRE,,,,
22425,SIN PLACAS,POR CERTIFICAR,TOYOTA,LAND CRUISER,BLANCO,RUSTICO,Liviana,A DESINCORPORAR,FUERA DE SERVICIO,DIVISIÓN LAGO,TRANSPORTE TERRESTRE,,,,
3097,SIN PLACAS,JTERU71J8A4003097,TOYOTA,LAND CRUISER,BLANCO,RUSTICO,Liviana,DESINCORPORADO,FUERA DE SERVICIO,DIVISIÓN LAGO,TRANSPORTE TERRESTRE,,,,
3206,AE525JK,JTERU71J1A4003206,TOYOTA,LAND CRUISER,BLANCO,RUSTICO,Liviana,DESINCORPORADO,FUERA DE SERVICIO,DIVISIÓN LAGO,TRANSPORTE TERRESTRE,,,,
22002,AE518JK,JTEFU71J8A4005130,TOYOTA,LAND CRUISER,BLANCO,RUSTICO,Liviana,DESINCORPORADO,FUERA DE SERVICIO,SEGURIDAD INTEGRAL (DSI),TRANSPORTE TERRESTRE,,,,
22004,AI867NG,JTEFU71J5A4005182,TOYOTA,LAND CRUISER,BLANCO,RUSTICO,Liviana,DESINCORPORADO,FUERA DE SERVICIO,SEGURIDAD INTEGRAL (DSI),TRANSPORTE TERRESTRE,,,,
22009,SIN PLACAS,JTEFU71J0A4005266,TOYOTA,LAND CRUISER,BLANCO,RUSTICO,Liviana,DESINCORPORADO,FUERA DE SERVICIO,SEGURIDAD INTEGRAL (DSI),TRANSPORTE TERRESTRE,,,,
22032,SIN PLACAS,JTEFU71JXA4005467,TOYOTA,LAND CRUISER,BLANCO,RUSTICO,Liviana,DESINCORPORADO,FUERA DE SERVICIO,SEGURIDAD INTEGRAL (DSI),TRANSPORTE TERRESTRE,,,,
22039,AE668JK,JTEFU71J0A4005509,TOYOTA,LAND CRUISER,BLANCO,RUSTICO,Liviana,DESINCORPORADO,FUERA DE SERVICIO,SEGURIDAD INTEGRAL (DSI),TRANSPORTE TERRESTRE,,,,
22040,SIN PLACAS,JTEFU71J9A4005511,TOYOTA,LAND CRUISER,BLANCO,RUSTICO,Liviana,DESINCORPORADO,FUERA DE SERVICIO,SEGURIDAD INTEGRAL (DSI),TRANSPORTE TERRESTRE,,,,
22073,SIN PLACAS,JTEFU71J2A4005558,TOYOTA,LAND CRUISER,BLANCO,RUSTICO,Liviana,DESINCORPORADO,FUERA DE SERVICIO,COORDINACION OPERACIONAL,TRANSPORTE TERRESTRE,,,,
22103,SIN PLACAS,JTEFU71JXA4005386,TOYOTA,LAND CRUISER,BLANCO,RUSTICO,Liviana,DESINCORPORADO,FUERA DE SERVICIO,"COL, DIVISIÓN COSTA ORIENTAL DEL LAGO",TRANSPORTE TERRESTRE,,,,
22141,SIN PLACAS,JTEFU71J2A4005186,TOYOTA,LAND CRUISER,BLANCO,RUSTICO,Liviana,DESINCORPORADO,FUERA DE SERVICIO,SEGURIDAD INTEGRAL (DSI),TRANSPORTE TERRESTRE,,,,
22142,SIN PLACAS,JTEFU71J5A4005246,TOYOTA,LAND CRUISER,BLANCO,RUSTICO,Liviana,DESINCORPORADO,FUERA DE SERVICIO,SEGURIDAD INTEGRAL (DSI),TRANSPORTE TERRESTRE,,,,
22163,AL986CA,JTEFU71J9A4005279,TOYOTA,LAND CRUISER,BLANCO,RUSTICO,Liviana,DESINCORPORADO,FUERA DE SERVICIO,TRANSPORTE TERRESTRE,TRANSPORTE TERRESTRE,,,,
22164,AL987CA,JTEFU71J2A4005155,TOYOTA,LAND CRUISER,BLANCO,RUSTICO,Liviana,DESINCORPORADO,FUERA DE SERVICIO,TRANSPORTE TERRESTRE,TRANSPORTE TERRESTRE,,,,
22177,AL069DA,JTEFU71J4A4005626,TOYOTA,LAND CRUISER,BLANCO,RUSTICO,Liviana,DESINCORPORADO,FUERA DE SERVICIO,"COL, DIVISIÓN COSTA ORIENTAL DEL LAGO",TRANSPORTE TERRESTRE,,,,
22184,SIN PLACAS,JTEFU71J4A4005125,TOYOTA,LAND CRUISER,BLANCO,RUSTICO,Liviana,DESINCORPORADO,FUERA DE SERVICIO,TRANSPORTE TERRESTRE,TRANSPORTE TERRESTRE,,,,
22187,SIN PLACAS,JTEFU71J6A4005837,TOYOTA,LAND CRUISER,BLANCO,RUSTICO,Liviana,DESINCORPORADO,FUERA DE SERVICIO,SEGURIDAD INTEGRAL (DSI),TRANSPORTE TERRESTRE,,,,
22197,SIN PLACAS,JTEFU71J8A4005242,TOYOTA,LAND CRUISER,BLANCO,RUSTICO,Liviana,DESINCORPORADO,FUERA DE SERVICIO,TRANSPORTE TERRESTRE,TRANSPORTE TERRESTRE,,,,
22225,SIN PLACAS,JTEFU71J2A4005866,TOYOTA,LAND CRUISER,BLANCO,RUSTICO,Liviana,DESINCORPORADO,FUERA DE SERVICIO,SEGURIDAD INTEGRAL (DSI),TRANSPORTE TERRESTRE,,,,
22228,AL991CA,JTEFU71J9A4005735,TOYOTA,LAND CRUISER,BLANCO,RUSTICO,Liviana,DESINCORPORADO,FUERA DE SERVICIO,SEGURIDAD INTEGRAL (DSI),TRANSPORTE TERRESTRE,,,,
22255,SIN PLACAS,JTERU71J6A4001560,TOYOTA,LAND CRUISER,BLANCO,RUSTICO,Liviana,DESINCORPORADO,FUERA DE SERVICIO,SEGURIDAD INTEGRAL (DSI),TRANSPORTE TERRESTRE,,,,
22257,SIN PLACAS,JTERU71J4A4001573,TOYOTA,LAND CRUISER,BLANCO,RUSTICO,Liviana,DESINCORPORADO,FUERA DE SERVICIO,SEGURIDAD INTEGRAL (DSI),TRANSPORTE TERRESTRE,,,,
22352,SIN PLACAS,JTERU71J4A4002562,TOYOTA,LAND CRUISER,BLANCO,RUSTICO,Liviana,DESINCORPORADO,FUERA DE SERVICIO,COORDINACION OPERACIONAL,TRANSPORTE TERRESTRE,,,,
22359,AE514JK,JTERU71J1A4002597,TOYOTA,LAND CRUISER,BLANCO,RUSTICO,Liviana,DESINCORPORADO,FUERA DE SERVICIO,COORDINACION OPERACIONAL,TRANSPORTE TERRESTRE,,,,
22362,SIN PLACAS,JTERU71J5A4002604,TOYOTA,LAND CRUISER,BLANCO,RUSTICO,Liviana,DESINCORPORADO,FUERA DE SERVICIO,COORDINACION OPERACIONAL,TRANSPORTE TERRESTRE,,,,
22399,AI859NG,JTERU71J3A4001824,TOYOTA,LAND CRUISER,BLANCO,RUSTICO,Liviana,DESINCORPORADO,FUERA DE SERVICIO,TRANSPORTE TERRESTRE,TRANSPORTE TERRESTRE,,,,
22621,SIN PLACAS,JTERU71J0A4002249,TOYOTA,LAND CRUISER,BLANCO,RUSTICO,Liviana,DESINCORPORADO,FUERA DE SERVICIO,"COL, DIVISIÓN COSTA ORIENTAL DEL LAGO",TRANSPORTE TERRESTRE,,,,
OCC70-003,AH318GA,JTERU71J8C4004494,TOYOTA,LAND CRUISER,BLANCO,RUSTICO,Liviana,DESINCORPORADO,FUERA DE SERVICIO,SEGURIDAD INTEGRAL (DSI),TRANSPORTE TERRESTRE,,,,
OCC70-012,AF520AM,JTERU71J2C4004524,TOYOTA,LAND CRUISER,BLANCO,RUSTICO,Liviana,DESINCORPORADO,FUERA DE SERVICIO,SEGURIDAD INTEGRAL (DSI),TRANSPORTE TERRESTRE,,,,
OCC70-022,AF586AM,JTERU71J3C4004600,TOYOTA,LAND CRUISER,BLANCO,RUSTICO,Liviana,DESINCORPORADO,FUERA DE SERVICIO,TRANSPORTE TERRESTRE,TRANSPORTE TERRESTRE,,,,
OCC70-027,SIN PLACAS,JTERU71J3C4004631,TOYOTA,LAND CRUISER,BLANCO,RUSTICO,Liviana,DESINCORPORADO,FUERA DE SERVICIO,SERVICIOS LOGISTICOS,TRANSPORTE TERRESTRE,,,,
OCC70-037,AF553AM,JTERU71J9C4004598,TOYOTA,LAND CRUISER,BLANCO,RUSTICO,Liviana,DESINCORPORADO,FUERA DE SERVICIO,SEGURIDAD INDUSTRIAL E HIGIENE OCUPACIONAL,TRANSPORTE TERRESTRE,,,,
OCC70-070,AH401GA,JTERU71J6C4004591,TOYOTA,LAND CRUISER,BLANCO,RUSTICO,Liviana,DESINCORPORADO,FUERA DE SERVICIO,SERVICIOS ELECTRICOS,TRANSPORTE TERRESTRE,,,,
OCC70-084,SIN PLACAS,JTERU71J2C4004555,TOYOTA,LAND CRUISER,BLANCO,RUSTICO,Liviana,DESINCORPORADO,FUERA DE SERVICIO,SERVICIOS LOGISTICOS,TRANSPORTE TERRESTRE,,,,
928,XNV43I,FJ70LVMRUNID00928,TOYOTA,LAND CRUISER,ROJO,RUSTICO,Liviana,EN PROCESO DE DESINCORPORACION,LOTE DE DENUNCIADAS DESINCORPORACION LAGUNILLAS,TRANSPORTE TERRESTRE,TRANSPORTE TERRESTRE,,,,
2532,AE527JK,JTERU71J6A4002532,TOYOTA,LAND CRUISER,BLANCO,RUSTICO,Liviana,EN PROCESO DE DESINCORPORACION,FUERA DE SERVICIO,SEGURIDAD INTEGRAL (DSI),TRANSPORTE TERRESTRE,,,,
11010,SIN PLACAS,POR CERTIFICAR,TOYOTA,LAND CRUISER,BLANCO,RUSTICO,Liviana,A DESINCORPORAR,LOTE DE DENUNCIADAS DESINCORPORACION LAGUNILLAS,TRANSPORTE TERRESTRE,TRANSPORTE TERRESTRE,,,,
21505,TAL23F,8XA21UJ7258001466,TOYOTA,LAND CRUISER,BLANCO,RUSTICO,Liviana,EN PROCESO DE DESINCORPORACION,FUERA DE SERVICIO,SEGURIDAD INTEGRAL (DSI),TRANSPORTE TERRESTRE,,,,
21510,TAL30F,8XA21UJ7258001473,TOYOTA,LAND CRUISER,BLANCO,RUSTICO,Liviana,EN PROCESO DE DESINCORPORACION,FUERA DE SERVICIO,SEGURIDAD INTEGRAL (DSI),TRANSPORTE TERRESTRE,,,,
21512,TAL27F,8XA21UJ7258001470,TOYOTA,LAND CRUISER,BLANCO,RUSTICO,Liviana,EN PROCESO DE DESINCORPORACION,FUERA DE SERVICIO,SEGURIDAD INTEGRAL (DSI),TRANSPORTE TERRESTRE,,,,
21515,TAL24F,8XA21UJ7258001467,TOYOTA,LAND CRUISER,BLANCO,RUSTICO,Liviana,EN PROCESO DE DESINCORPORACION,FUERA DE SERVICIO,SEGURIDAD INTEGRAL (DSI),TRANSPORTE TERRESTRE,,,,
21517,TAL00F,8XA21UJ7258001443,TOYOTA,LAND CRUISER,BLANCO,RUSTICO,Liviana,EN PROCESO DE DESINCORPORACION,FUERA DE SERVICIO,SEGURIDAD INTEGRAL (DSI),TRANSPORTE TERRESTRE,,,,
22005,AI868NG,JTEFU71J5A4005313,TOYOTA,LAND CRUISER,BLANCO,RUSTICO,Liviana,EN PROCESO DE DESINCORPORACION,FUERA DE SERVICIO,COORDINACION OPERACIONAL,TRANSPORTE TERRESTRE,,,,
22006,SIN PLACAS,JTEFU71JXA4005226,TOYOTA,LAND CRUISER,BLANCO,RUSTICO,Liviana,EN PROCESO DE DESINCORPORACION,FUERA DE SERVICIO,SEGURIDAD INTEGRAL (DSI),TRANSPORTE TERRESTRE,,,,
22012,SIN PLACAS,JTEFU71J5A4005277,TOYOTA,LAND CRUISER,BLANCO,RUSTICO,Liviana,EN PROCESO DE DESINCORPORACION,RECUPERADA DE PATIO TANQUES ULE,COORDINACION OPERACIONAL,TRANSPORTE TERRESTRE,,,,
22014,SIN PLACAS,JTEFU71J8A4005290,TOYOTA,LAND CRUISER,BLANCO,RUSTICO,Liviana,EN PROCESO DE DESINCORPORACION,FUERA DE SERVICIO,SEGURIDAD INTEGRAL (DSI),TRANSPORTE TERRESTRE,,,,
22015,AE542JK,JTEFU71J8A4005306,TOYOTA,LAND CRUISER,BLANCO,RUSTICO,Liviana,EN PROCESO DE DESINCORPORACION,FUERA DE SERVICIO,SEGURIDAD INTEGRAL (DSI),TRANSPORTE TERRESTRE,,,,
22016,AI869NG,JTEFU71J4A4005318,TOYOTA,LAND CRUISER,BLANCO,RUSTICO,Liviana,EN PROCESO DE DESINCORPORACION,FUERA DE SERVICIO,SEGURIDAD INTEGRAL (DSI),TRANSPORTE TERRESTRE,,,,
22022,AE544JK,JTEFU71JXA4005422,TOYOTA,LAND CRUISER,BLANCO,RUSTICO,Liviana,EN PROCESO DE DESINCORPORACION,FUERA DE SERVICIO,SEGURIDAD INTEGRAL (DSI),TRANSPORTE TERRESTRE,,,,
22036,AE667JK,JTEFU71JOA4005493,TOYOTA,LAND CRUISER,BLANCO,RUSTICO,Liviana,EN PROCESO DE DESINCORPORACION,FUERA DE SERVICIO,SEGURIDAD INTEGRAL (DSI),TRANSPORTE TERRESTRE,,,,
22049,SIN PLACAS,JTEFU71JXA4005596,TOYOTA,LAND CRUISER,BLANCO,RUSTICO,Liviana,EN PROCESO DE DESINCORPORACION,FUERA DE SERVICIO,SEGURIDAD INTEGRAL (DSI),TRANSPORTE TERRESTRE,,,,
22052,SIN PLACAS,JTEFU71J2A4005642,TOYOTA,LAND CRUISER,BLANCO,RUSTICO,Liviana,EN PROCESO DE DESINCORPORACION,FUERA DE SERVICIO,SEGURIDAD INTEGRAL (DSI),TRANSPORTE TERRESTRE,,,,
22053,AE656JK,JTEFU71JXA4005646,TOYOTA,LAND CRUISER,BLANCO,RUSTICO,Liviana,EN PROCESO DE DESINCORPORACION,FUERA DE SERVICIO,SEGURIDAD INTEGRAL (DSI),TRANSPORTE TERRESTRE,,,,
22069,AL054DA,JTEFU71J3A4005150,TOYOTA,LAND CRUISER,BLANCO,RUSTICO,Liviana,EN PROCESO DE DESINCORPORACION,FUERA DE SERVICIO,"OCC, DIVISIÓN COSTA OCCIDENTAL",TRANSPORTE TERRESTRE,,,,
22075,SIN PLACAS,JTEFU71J6A4005238,TOYOTA,LAND CRUISER,BLANCO,RUSTICO,Liviana,EN PROCESO DE DESINCORPORACION,FUERA DE SERVICIO,"COL, DIVISIÓN COSTA ORIENTAL DEL LAGO",TRANSPORTE TERRESTRE,,,,
22085,SIN PLACAS,JTEFU71J1A4005101,TOYOTA,LAND CRUISER,BLANCO,RUSTICO,Liviana,EN PROCESO DE DESINCORPORACION,FUERA DE SERVICIO,"COL, DIVISIÓN COSTA ORIENTAL DEL LAGO",TRANSPORTE TERRESTRE,,,,
22086,SIN PLACAS,JTEFU71J7A4005104,TOYOTA,LAND CRUISER,BLANCO,RUSTICO,Liviana,EN PROCESO DE DESINCORPORACION,FUERA DE SERVICIO,TRANSPORTE TERRESTRE,TRANSPORTE TERRESTRE,,,,
22088,AE543JK,JTEFU71J4A4005111,TOYOTA,LAND CRUISER,BLANCO,RUSTICO,Liviana,EN PROCESO DE DESINCORPORACION,FUERA DE SERVICIO,TRANSPORTE TERRESTRE,TRANSPORTE TERRESTRE,,,,
22090,SIN PLACAS,JTEFU71J1A4005115,TOYOTA,LAND CRUISER,BLANCO,RUSTICO,Liviana,EN PROCESO DE DESINCORPORACION,FUERA DE SERVICIO,COORDINACION OPERACIONAL,TRANSPORTE TERRESTRE,,,,
22128,SIN PLACAS,JTEFU71J3A4005908,TOYOTA,LAND CRUISER,BLANCO,RUSTICO,Liviana,EN PROCESO DE DESINCORPORACION,FUERA DE SERVICIO,DIVISIÓN SUR DEL LAGO TRUJILLO,TRANSPORTE TERRESTRE,,,,
22138,SIN PLACAS,JTEFU71J2A4005270,TOYOTA,LAND CRUISER,BLANCO,RUSTICO,Liviana,EN PROCESO DE DESINCORPORACION,FUERA DE SERVICIO,COORDINACION OPERACIONAL,TRANSPORTE TERRESTRE,,,,
22151,SIN PLACAS,JTEFU71J3A4005147,TOYOTA,LAND CRUISER,BLANCO,RUSTICO,Liviana,EN PROCESO DE DESINCORPORACION,FUERA DE SERVICIO,SERVICIOS ELECTRICOS,TRANSPORTE TERRESTRE,,,,
22173,SIN PLACAS,JTEFU71J4A4005206,TOYOTA,LAND CRUISER,BLANCO,RUSTICO,Liviana,EN PROCESO DE DESINCORPORACION,FUERA DE SERVICIO,GERENCIA REGIONAL DE VIVIENDA,TRANSPORTE TERRESTRE,,,,
22189,SIN PLACAS,JTEFU71JXA4005291,TOYOTA,LAND CRUISER,BLANCO,RUSTICO,Liviana,EN PROCESO DE DESINCORPORACION,FUERA DE SERVICIO,SEGURIDAD INTEGRAL (DSI),TRANSPORTE TERRESTRE,,,,
22198,AE663JK,JTEFU71J4A4005691,TOYOTA,LAND CRUISER,BLANCO,RUSTICO,Liviana,EN PROCESO DE DESINCORPORACION,FUERA DE SERVICIO,GERENCIA REGIONAL DE VIVIENDA,TRANSPORTE TERRESTRE,,,,
22203,AL068DA,JTEFU71J3A4005424,TOYOTA,LAND CRUISER,BLANCO,RUSTICO,Liviana,EN PROCESO DE DESINCORPORACION,FUERA DE SERVICIO,"COL, DIVISIÓN COSTA ORIENTAL DEL LAGO",TRANSPORTE TERRESTRE,,,,
22204,SIN PLACAS,JTEFU71J3A4005651,TOYOTA,LAND CRUISER,BLANCO,RUSTICO,Liviana,EN PROCESO DE DESINCORPORACION,FUERA DE SERVICIO,COORDINACION OPERACIONAL,TRANSPORTE TERRESTRE,,,,
22213,AI860NG,JTEFU71J7A4005250,TOYOTA,LAND CRUISER,BLANCO,RUSTICO,Liviana,EN PROCESO DE DESINCORPORACION,FUERA DE SERVICIO,COORDINACION OPERACIONAL,TRANSPORTE TERRESTRE,,,,
22220,SIN PLACAS,JTEFU71J0A4005168,TOYOTA,LAND CRUISER,BLANCO,RUSTICO,Liviana,EN PROCESO DE DESINCORPORACION,RECUPERADA DE PATIO TANQUES ULE,SEGURIDAD INTEGRAL (DSI),TRANSPORTE TERRESTRE,,,,
22224,SIN PLACAS,JTEFU71J4A4005738,TOYOTA,LAND CRUISER,BLANCO,RUSTICO,Liviana,EN PROCESO DE DESINCORPORACION,FUERA DE SERVICIO,COORDINACION OPERACIONAL,TRANSPORTE TERRESTRE,,,,
22238,SIN PLACAS,JTEFU71J8A4005838,TOYOTA,LAND CRUISER,BLANCO,RUSTICO,Liviana,EN PROCESO DE DESINCORPORACION,RECUPERADA DE PUERTO MIRANDA,SEGURIDAD INTEGRAL (DSI),TRANSPORTE TERRESTRE,,,,
22240,AL058DA,JTERU71J1A4001627,TOYOTA,LAND CRUISER,BLANCO,RUSTICO,Liviana,EN PROCESO DE DESINCORPORACION,FUERA DE SERVICIO,SEGURIDAD INTEGRAL (DSI),TRANSPORTE TERRESTRE,,,,
22246,SIN PLACAS,JTERU71J2A4001541,TOYOTA,LAND CRUISER,BLANCO,RUSTICO,Liviana,EN PROCESO DE DESINCORPORACION,FUERA DE SERVICIO,SEGURIDAD INTEGRAL (DSI),TRANSPORTE TERRESTRE,,,,
22250,SIN PLACAS,JTERU71J0A4001540,TOYOTA,LAND CRUISER,BLANCO,RUSTICO,Liviana,EN PROCESO DE DESINCORPORACION,FUERA DE SERVICIO,SEGURIDAD INTEGRAL (DSI),TRANSPORTE TERRESTRE,,,,
22251,SIN PLACAS,JTERU71J6A4001543,TOYOTA,LAND CRUISER,BLANCO,RUSTICO,Liviana,EN PROCESO DE DESINCORPORACION,FUERA DE SERVICIO,TRANSPORTE TERRESTRE,TRANSPORTE TERRESTRE,,,,
22262,SIN PLACAS,JTERU71J1A4001563,TOYOTA,LAND CRUISER,BLANCO,RUSTICO,Liviana,EN PROCESO DE DESINCORPORACION,RECUPERADA DE PATIO TANQUES ULE,COORDINACION OPERACIONAL,TRANSPORTE TERRESTRE,,,,
22287,SIN PLACAS,JTERU71J8A4001589,TOYOTA,LAND CRUISER,BLANCO,RUSTICO,Liviana,EN PROCESO DE DESINCORPORACION,FUERA DE SERVICIO,COORDINACION OPERACIONAL,TRANSPORTE TERRESTRE,,,,
22292,SIN PLACAS,JTERU71J9A4002850,TOYOTA,LAND CRUISER,BLANCO,RUSTICO,Liviana,EN PROCESO DE DESINCORPORACION,FUERA DE SERVICIO,"COL, DIVISIÓN COSTA ORIENTAL DEL LAGO",TRANSPORTE TERRESTRE,,,,
22293,SIN PLACAS,JTERU71J2A4002866,TOYOTA,LAND CRUISER,BLANCO,RUSTICO,Liviana,EN PROCESO DE DESINCORPORACION,FUERA DE SERVICIO,"COL, DIVISIÓN COSTA ORIENTAL DEL LAGO",TRANSPORTE TERRESTRE,,,,
22309,SIN PLACAS,JTERU71J1A4002308,TOYOTA,LAND CRUISER,BLANCO,RUSTICO,Liviana,EN PROCESO DE DESINCORPORACION,FUERA DE SERVICIO,COORDINACION OPERACIONAL,TRANSPORTE TERRESTRE,,,,
22317,SIN PLACAS,JTERU71J1A4002339,TOYOTA,LAND CRUISER,BLANCO,RUSTICO,Liviana,EN PROCESO DE DESINCORPORACION,FUERA DE SERVICIO,SERVICIOS ELECTRICOS,TRANSPORTE TERRESTRE,,,,
22342,AL082DA,JTERU71J7A4002457,TOYOTA,LAND CRUISER,BLANCO,RUSTICO,Liviana,EN PROCESO DE DESINCORPORACION,FUERA DE SERVICIO,COORDINACION OPERACIONAL,TRANSPORTE TERRESTRE,,,,
22344,SIN PLACAS,JTERU71J9A4002475,TOYOTA,LAND CRUISER,BLANCO,RUSTICO,Liviana,EN PROCESO DE DESINCORPORACION,FUERA DE SERVICIO,COORDINACION OPERACIONAL,TRANSPORTE TERRESTRE,,,,
22358,SIN PLACAS,JTERU71J8A4002595,TOYOTA,LAND CRUISER,BLANCO,RUSTICO,Liviana,EN PROCESO DE DESINCORPORACION,FUERA DE SERVICIO,RELACIONES GUBERNAMENTALES PROPIEDADES Y CATASTRO,TRANSPORTE TERRESTRE,,,,
22385,AL077DA,JTERU71JXA4003053,TOYOTA,LAND CRUISER,BLANCO,RUSTICO,Liviana,EN PROCESO DE DESINCORPORACION,RECUPERADA DE PATIO TANQUES ULE,COORDINACION OPERACIONAL,TRANSPORTE TERRESTRE,,,,
22388,SIN PLACAS,JTERU71J9A4003125,TOYOTA,LAND CRUISER,BLANCO,RUSTICO,Liviana,EN PROCESO DE DESINCORPORACION,FUERA DE SERVICIO,"COL, DIVISIÓN COSTA ORIENTAL DEL LAGO",TRANSPORTE TERRESTRE,,,,
22400,SIN PLACAS,JTERU71J1A4001871,TOYOTA,LAND CRUISER,BLANCO,RUSTICO,Liviana,EN PROCESO DE DESINCORPORACION,RECUPERADA DE PATIO TANQUES ULE,COORDINACION OPERACIONAL,TRANSPORTE TERRESTRE,,,,
22415,AE517JK,JTERU71J3A4002522,TOYOTA,LAND CRUISER,BLANCO,RUSTICO,Liviana,EN PROCESO DE DESINCORPORACION,FUERA DE SERVICIO,DIVISIÓN LAGO,TRANSPORTE TERRESTRE,,,,
OCC70-001,AF543AM,JTERU71J5C4004601,TOYOTA,LAND CRUISER,BLANCO,RUSTICO,Liviana,EN PROCESO DE DESINCORPORACION,FUERA DE SERVICIO,SEGURIDAD INTEGRAL (DSI),TRANSPORTE TERRESTRE,,,,
OCC70-008,AF582AM,JTERU71J0C4004537,TOYOTA,LAND CRUISER,BLANCO,RUSTICO,Liviana,EN PROCESO DE DESINCORPORACION,FUERA DE SERVICIO,"COL, DIVISIÓN COSTA ORIENTAL DEL LAGO",TRANSPORTE TERRESTRE,,,,
OCC70-009,AH336GA,JTERU71J2C4004703,TOYOTA,LAND CRUISER,BLANCO,RUSTICO,Liviana,EN PROCESO DE DESINCORPORACION,RECUPERADA DE PATIO TANQUES ULE,SEGURIDAD INTEGRAL (DSI),TRANSPORTE TERRESTRE,,,,
OCC70-045,AH619NA,JTERU71J5C4004579,TOYOTA,LAND CRUISER,BLANCO,RUSTICO,Liviana,EN PROCESO DE DESINCORPORACION,FUERA DE SERVICIO,SERVICIOS ELECTRICOS,TRANSPORTE TERRESTRE,,,,
OCC70-077,AH242WA,JTERU71J0C4004621,TOYOTA,LAND CRUISER,BLANCO,RUSTICO,Liviana,EN PROCESO DE DESINCORPORACION,FUERA DE SERVICIO,SEGURIDAD INTEGRAL (DSI),TRANSPORTE TERRESTRE,,,,
2943,SIN PLACAS,JTEFU71J5A4002943,TOYOTA,LAND CRUISER,BLANCO,RUSTICO,Liviana,EN PROCESO DE DESINCORPORACION,FUERA DE SERVICIO,TRANSPORTE TERRESTRE,TRANSPORTE TERRESTRE,,,,
22008,AE657JK,JTEFU71JXA4005243,TOYOTA,LAND CRUISER,BLANCO,RUSTICO,Liviana,EN PROCESO DE DESINCORPORACION,FUERA DE SERVICIO,SEGURIDAD INTEGRAL (DSI),TRANSPORTE TERRESTRE,,,,
22010,SIN PLACAS,JTEFU71J4A4005271,TOYOTA,LAND CRUISER,BLANCO,RUSTICO,Liviana,EN PROCESO DE DESINCORPORACION,FUERA DE SERVICIO,SEGURIDAD INTEGRAL (DSI),TRANSPORTE TERRESTRE,,,,
22028,SIN PLACAS,JTEFU71JOA4005462,TOYOTA,LAND CRUISER,BLANCO,RUSTICO,Liviana,EN PROCESO DE DESINCORPORACION,FUERA DE SERVICIO,SEGURIDAD INTEGRAL (DSI),TRANSPORTE TERRESTRE,,,,
22047,SIN PLACAS,JTEFU71JOA4005560,TOYOTA,LAND CRUISER,BLANCO,RUSTICO,Liviana,EN PROCESO DE DESINCORPORACION,FUERA DE SERVICIO,SEGURIDAD INTEGRAL (DSI),TRANSPORTE TERRESTRE,,,,
22055,SIN PLACAS,JTEFU71J6A4005661,TOYOTA,LAND CRUISER,BLANCO,RUSTICO,Liviana,EN PROCESO DE DESINCORPORACION,FUERA DE SERVICIO,SEGURIDAD INTEGRAL (DSI),TRANSPORTE TERRESTRE,,,,
22057,SIN PLACAS,JTEFU71J5A4005697,TOYOTA,LAND CRUISER,BLANCO,RUSTICO,Liviana,EN PROCESO DE DESINCORPORACION,FUERA DE SERVICIO,SEGURIDAD INTEGRAL (DSI),TRANSPORTE TERRESTRE,,,,
22093,AI841NG,JTEFU71J2A4005124,TOYOTA,LAND CRUISER,BLANCO,RUSTICO,Liviana,EN PROCESO DE DESINCORPORACION,FUERA DE SERVICIO,"COL, DIVISIÓN COSTA ORIENTAL DEL LAGO",TRANSPORTE TERRESTRE,,,,
22100,SIN PLACAS,JTEFU71J3A4005293,TOYOTA,LAND CRUISER,BLANCO,RUSTICO,Liviana,EN PROCESO DE DESINCORPORACION,FUERA DE SERVICIO,"COL, DIVISIÓN COSTA ORIENTAL DEL LAGO",TRANSPORTE TERRESTRE,,,,
22101,AI866NG,JTEFU71J9A4005315,TOYOTA,LAND CRUISER,BLANCO,RUSTICO,Liviana,EN PROCESO DE DESINCORPORACION,FUERA DE SERVICIO,"COL, DIVISIÓN COSTA ORIENTAL DEL LAGO",TRANSPORTE TERRESTRE,,,,
22107,SIN PLACAS,JTEFU71J1A4005423,TOYOTA,LAND CRUISER,BLANCO,RUSTICO,Liviana,EN PROCESO DE DESINCORPORACION,FUERA DE SERVICIO,"COL, DIVISIÓN COSTA ORIENTAL DEL LAGO",TRANSPORTE TERRESTRE,,,,
22115,SIN PLACAS,JTEFU71J5A4005778,TOYOTA,LAND CRUISER,BLANCO,RUSTICO,Liviana,EN PROCESO DE DESINCORPORACION,FUERA DE SERVICIO,"COL, DIVISIÓN COSTA ORIENTAL DEL LAGO",TRANSPORTE TERRESTRE,,,,
22117,AI861NG,JTEFU71J3A4005813,TOYOTA,LAND CRUISER,BLANCO,RUSTICO,Liviana,EN PROCESO DE DESINCORPORACION,FUERA DE SERVICIO,"COL, DIVISIÓN COSTA ORIENTAL DEL LAGO",TRANSPORTE TERRESTRE,,,,
22124,AI849NG,JTEFU71J0A4005879,TOYOTA,LAND CRUISER,BLANCO,RUSTICO,Liviana,EN PROCESO DE DESINCORPORACION,FUERA DE SERVICIO,"COL, DIVISIÓN COSTA ORIENTAL DEL LAGO",TRANSPORTE TERRESTRE,,,,
22133,SIN PLACAS,JTEFU71J7A4005099,TOYOTA,LAND CRUISER,BLANCO,RUSTICO,Liviana,EN PROCESO DE DESINCORPORACION,FUERA DE SERVICIO,"COL, DIVISIÓN COSTA ORIENTAL DEL LAGO",TRANSPORTE TERRESTRE,,,,
22134,AI846NG,JTEFU71J8A4005645,TOYOTA,LAND CRUISER,BLANCO,RUSTICO,Liviana,EN PROCESO DE DESINCORPORACION,FUERA DE SERVICIO,"COL, DIVISIÓN COSTA ORIENTAL DEL LAGO",TRANSPORTE TERRESTRE,,,,
22252,AL993CA,JTERU71J3A4001578,TOYOTA,LAND CRUISER,BLANCO,RUSTICO,Liviana,EN PROCESO DE DESINCORPORACION,FUERA DE SERVICIO,SEGURIDAD INTEGRAL (DSI),TRANSPORTE TERRESTRE,,,,
22355,SIN PLACAS,JTERU71J8A4002581,TOYOTA,LAND CRUISER,BLANCO,RUSTICO,Liviana,EN PROCESO DE DESINCORPORACION,FUERA DE SERVICIO,"COL, DIVISIÓN COSTA ORIENTAL DEL LAGO",TRANSPORTE TERRESTRE,,,,
OCC70-043,AF509AM,JTERU71JXC4004612,TOYOTA,LAND CRUISER,BLANCO,RUSTICO,Liviana,EN PROCESO DE DESINCORPORACION,FUERA DE SERVICIO,"COL, DIVISIÓN COSTA ORIENTAL DEL LAGO",TRANSPORTE TERRESTRE,,,,
OCC70-067,AH410GA,JTERU71J3C4004595,TOYOTA,LAND CRUISER,BLANCO,RUSTICO,Liviana,EN PROCESO DE DESINCORPORACION,FUERA DE SERVICIO,"COL, DIVISIÓN COSTA ORIENTAL DEL LAGO",TRANSPORTE TERRESTRE,,,,
OCC70-076,AH449GA,JTERU71J1C4004594,TOYOTA,LAND CRUISER,BLANCO,RUSTICO,Liviana,EN PROCESO DE DESINCORPORACION,FUERA DE SERVICIO,"COL, DIVISIÓN COSTA ORIENTAL DEL LAGO",TRANSPORTE TERRESTRE,,,,
OCC70-083,AG187BG,JTERU71J1C4005437,TOYOTA,LAND CRUISER,BLANCO,RUSTICO,Liviana,EN PROCESO DE DESINCORPORACION,FUERA DE SERVICIO,"COL, DIVISIÓN COSTA ORIENTAL DEL LAGO",TRANSPORTE TERRESTRE,,,,
OCC70-091,AH220WA,JTERU71J3C4004614,TOYOTA,LAND CRUISER,BLANCO,RUSTICO,Liviana,EN PROCESO DE DESINCORPORACION,FUERA DE SERVICIO,"COL, DIVISIÓN COSTA ORIENTAL DEL LAGO",TRANSPORTE TERRESTRE,,,,
22071,SIN PLACAS,JTEFU71J6A4005594,TOYOTA,LAND CRUISER,BLANCO,RUSTICO,Liviana,EN PROCESO DE DESINCORPORACION,FUERA DE SERVICIO,"COL, DIVISIÓN COSTA ORIENTAL DEL LAGO",TRANSPORTE TERRESTRE,,,,
22166,SIN PLACAS,JTEFU71J5A4005344,TOYOTA,LAND CRUISER,BLANCO,RUSTICO,Liviana,EN PROCESO DE DESINCORPORACION,FUERA DE SERVICIO,"COL, DIVISIÓN COSTA ORIENTAL DEL LAGO",TRANSPORTE TERRESTRE,,,,
22210,AL989CA,JTEFU71J0A4005459,TOYOTA,LAND CRUISER,BLANCO,RUSTICO,Liviana,EN PROCESO DE DESINCORPORACION,FUERA DE SERVICIO,"COL, DIVISIÓN COSTA ORIENTAL DEL LAGO",TRANSPORTE TERRESTRE,,,,
22216,SIN PLACAS,JTEFU71J3A4005603,TOYOTA,LAND CRUISER,BLANCO,RUSTICO,Liviana,EN PROCESO DE DESINCORPORACION,FUERA DE SERVICIO,"COL, DIVISIÓN COSTA ORIENTAL DEL LAGO",TRANSPORTE TERRESTRE,,,,
22244,SIN PLACAS,JTERU71JXA4001545,TOYOTA,LAND CRUISER,BLANCO,RUSTICO,Liviana,EN PROCESO DE DESINCORPORACION,FUERA DE SERVICIO,"COL, DIVISIÓN COSTA ORIENTAL DEL LAGO",TRANSPORTE TERRESTRE,,,,
22312,AL074DA,JTERU71J2A4002320,TOYOTA,LAND CRUISER,BLANCO,RUSTICO,Liviana,EN PROCESO DE DESINCORPORACION,FUERA DE SERVICIO,"COL, DIVISIÓN COSTA ORIENTAL DEL LAGO",TRANSPORTE TERRESTRE,,,,
22386,AL096DA,JTERU71J0A4003109,TOYOTA,LAND CRUISER,BLANCO,RUSTICO,Liviana,EN PROCESO DE DESINCORPORACION,FUERA DE SERVICIO,"COL, DIVISIÓN COSTA ORIENTAL DEL LAGO",TRANSPORTE TERRESTRE,,,,
22000,SIN PLACAS,JTEFU71J4A4005593,TOYOTA,LAND CRUISER,BLANCO,RUSTICO,Liviana,EN PROCESO DE DESINCORPORACION,FUERA DE SERVICIO,"COL, DIVISIÓN COSTA ORIENTAL DEL LAGO",TRANSPORTE TERRESTRE,,,,
22018,SIN PLACAS,JTEFU71J4A4005349,TOYOTA,LAND CRUISER,BLANCO,RUSTICO,Liviana,EN PROCESO DE DESINCORPORACION,FUERA DE SERVICIO,SEGURIDAD INTEGRAL (DSI),TRANSPORTE TERRESTRE,,,,
22035,SIN PLACAS,JTEFU71J9A4005492,TOYOTA,LAND CRUISER,BLANCO,RUSTICO,Liviana,EN PROCESO DE DESINCORPORACION,FUERA DE SERVICIO,SEGURIDAD INTEGRAL (DSI),TRANSPORTE TERRESTRE,,,,
22038,SIN PLACAS,JTEFU71J5A4005506,TOYOTA,LAND CRUISER,BLANCO,RUSTICO,Liviana,EN PROCESO DE DESINCORPORACION,FUERA DE SERVICIO,SEGURIDAD INTEGRAL (DSI),TRANSPORTE TERRESTRE,,,,
22050,SIN PLACAS,JTEFU71J8A4005614,TOYOTA,LAND CRUISER,BLANCO,RUSTICO,Liviana,EN PROCESO DE DESINCORPORACION,FUERA DE SERVICIO,SEGURIDAD INTEGRAL (DSI),TRANSPORTE TERRESTRE,,,,
22051,SIN PLACAS,JTEFU71JOA4005638,TOYOTA,LAND CRUISER,BLANCO,RUSTICO,Liviana,EN PROCESO DE DESINCORPORACION,FUERA DE SERVICIO,SEGURIDAD INTEGRAL (DSI),TRANSPORTE TERRESTRE,,,,
22054,SIN PLACAS,JTEFU71J4A4005514,TOYOTA,LAND CRUISER,BLANCO,RUSTICO,Liviana,EN PROCESO DE DESINCORPORACION,FUERA DE SERVICIO,SEGURIDAD INTEGRAL (DSI),TRANSPORTE TERRESTRE,,,,
22087,SIN PLACAS,JTEFU71J2A4005107,TOYOTA,LAND CRUISER,BLANCO,RUSTICO,Liviana,EN PROCESO DE DESINCORPORACION,FUERA DE SERVICIO,SEGURIDAD INTEGRAL (DSI),TRANSPORTE TERRESTRE,,,,
22092,AL065DA,JTEFU71J9A4005122,TOYOTA,LAND CRUISER,BLANCO,RUSTICO,Liviana,EN PROCESO DE DESINCORPORACION,FUERA DE SERVICIO,"COL, DIVISIÓN COSTA ORIENTAL DEL LAGO",TRANSPORTE TERRESTRE,,,,
22097,SIN PLACAS,JTEFU71J3A4005195,TOYOTA,LAND CRUISER,BLANCO,RUSTICO,Liviana,EN PROCESO DE DESINCORPORACION,FUERA DE SERVICIO,"COL, DIVISIÓN COSTA ORIENTAL DEL LAGO",TRANSPORTE TERRESTRE,,,,
22099,SIN PLACAS,JTEFU71J6A4005210,TOYOTA,LAND CRUISER,BLANCO,RUSTICO,Liviana,EN PROCESO DE DESINCORPORACION,FUERA DE SERVICIO,GERENCIA REGIONAL DE VIVIENDA,TRANSPORTE TERRESTRE,,,,
22110,SIN PLACAS,JTEFU71J8A4005726,TOYOTA,LAND CRUISER,BLANCO,RUSTICO,Liviana,EN PROCESO DE DESINCORPORACION,FUERA DE SERVICIO,"COL, DIVISIÓN COSTA ORIENTAL DEL LAGO",TRANSPORTE TERRESTRE,,,,
22116,SIN PLACAS,JTEFU71J8A4005807,TOYOTA,LAND CRUISER,BLANCO,RUSTICO,Liviana,EN PROCESO DE DESINCORPORACION,FUERA DE SERVICIO,"COL, DIVISIÓN COSTA ORIENTAL DEL LAGO",TRANSPORTE TERRESTRE,,,,
22121,SIN PLACAS,JTEFU71JXA4005873,TOYOTA,LAND CRUISER,BLANCO,RUSTICO,Liviana,EN PROCESO DE DESINCORPORACION,FUERA DE SERVICIO,"COL, DIVISIÓN COSTA ORIENTAL DEL LAGO",TRANSPORTE TERRESTRE,,,,
22129,AL057DA,JTEFU71J8A4005953,TOYOTA,LAND CRUISER,BLANCO,RUSTICO,Liviana,EN PROCESO DE DESINCORPORACION,FUERA DE SERVICIO,TRANSPORTE TERRESTRE,TRANSPORTE TERRESTRE,,,,
22131,SIN PLACAS,JTEFU71J7A4005961,TOYOTA,LAND CRUISER,BLANCO,RUSTICO,Liviana,EN PROCESO DE DESINCORPORACION,FUERA DE SERVICIO,"COL, DIVISIÓN COSTA ORIENTAL DEL LAGO",TRANSPORTE TERRESTRE,,,,
22132,AL056DA,JTEFU71J9A4005086,TOYOTA,LAND CRUISER,BLANCO,RUSTICO,Liviana,EN PROCESO DE DESINCORPORACION,FUERA DE SERVICIO,"COL, DIVISIÓN COSTA ORIENTAL DEL LAGO",TRANSPORTE TERRESTRE,,,,
22137,SIN PLACAS,JTEFU71J6A4005255,TOYOTA,LAND CRUISER,BLANCO,RUSTICO,Liviana,EN PROCESO DE DESINCORPORACION,FUERA DE SERVICIO,"COL, DIVISIÓN COSTA ORIENTAL DEL LAGO",TRANSPORTE TERRESTRE,,,,
22160,AI840NG,JTEFU71J8A4005533,TOYOTA,LAND CRUISER,BLANCO,RUSTICO,Liviana,EN PROCESO DE DESINCORPORACION,FUERA DE SERVICIO,"COL, DIVISIÓN COSTA ORIENTAL DEL LAGO",TRANSPORTE TERRESTRE,,,,
22161,SIN PLACAS,JTEFU71J8A4005144,TOYOTA,LAND CRUISER,BLANCO,RUSTICO,Liviana,EN PROCESO DE DESINCORPORACION,FUERA DE SERVICIO,"COL, DIVISIÓN COSTA ORIENTAL DEL LAGO",TRANSPORTE TERRESTRE,,,,
22162,SIN PLACAS,JTEFU71JA4005331,TOYOTA,LAND CRUISER,BLANCO,RUSTICO,Liviana,EN PROCESO DE DESINCORPORACION,FUERA DE SERVICIO,"COL, DIVISIÓN COSTA ORIENTAL DEL LAGO",TRANSPORTE TERRESTRE,,,,
22178,SIN PLACAS,JTEFU71J8A4005886,TOYOTA,LAND CRUISER,BLANCO,RUSTICO,Liviana,EN PROCESO DE DESINCORPORACION,FUERA DE SERVICIO,"COL, DIVISIÓN COSTA ORIENTAL DEL LAGO",TRANSPORTE TERRESTRE,,,,
22186,SIN PLACAS,JTEFU71J5A4005845,TOYOTA,LAND CRUISER,BLANCO,RUSTICO,Liviana,EN PROCESO DE DESINCORPORACION,FUERA DE SERVICIO,"COL, DIVISIÓN COSTA ORIENTAL DEL LAGO",TRANSPORTE TERRESTRE,,,,
22195,SIN PLACAS,JTEFU71J9A4005640,TOYOTA,LAND CRUISER,BLANCO,RUSTICO,Liviana,EN PROCESO DE DESINCORPORACION,FUERA DE SERVICIO,TRANSPORTE TERRESTRE,TRANSPORTE TERRESTRE,,,,
22201,SIN PLACAS,JTEFU71J2A4005088,TOYOTA,LAND CRUISER,BLANCO,RUSTICO,Liviana,EN PROCESO DE DESINCORPORACION,ROBO RECUPERADO,SEGURIDAD INTEGRAL (DSI),TRANSPORTE TERRESTRE,,,,
22223,AL055DA,JTEFU71J9A4005864,TOYOTA,LAND CRUISER,BLANCO,RUSTICO,Liviana,EN PROCESO DE DESINCORPORACION,FUERA DE SERVICIO,TRANSPORTE TERRESTRE,TRANSPORTE TERRESTRE,,,,
22364,SIN PLACAS,JTERU71J0A4002624,TOYOTA,LAND CRUISER,BLANCO,RUSTICO,Liviana,EN PROCESO DE DESINCORPORACION,FUERA DE SERVICIO,"COL, DIVISIÓN COSTA ORIENTAL DEL LAGO",TRANSPORTE TERRESTRE,,,,
22381,AL073DA,JTERU71J8A4002855,TOYOTA,LAND CRUISER,BLANCO,RUSTICO,Liviana,EN PROCESO DE DESINCORPORACION,FUERA DE SERVICIO,"COL, DIVISIÓN COSTA ORIENTAL DEL LAGO",TRANSPORTE TERRESTRE,,,,
22398,SIN PLACAS,JTERU71J4A4001802,TOYOTA,LAND CRUISER,BLANCO,RUSTICO,Liviana,EN PROCESO DE DESINCORPORACION,FUERA DE SERVICIO,"COL, DIVISIÓN COSTA ORIENTAL DEL LAGO",TRANSPORTE TERRESTRE,,,,
22412,SIN PLACAS,JTERU71JXA4002453,TOYOTA,LAND CRUISER,BLANCO,RUSTICO,Liviana,EN PROCESO DE DESINCORPORACION,FUERA DE SERVICIO,DIVISIÓN LAGO,TRANSPORTE TERRESTRE,,,,
OCC70-065,AH335GA,JTERU71J9C4004567,TOYOTA,LAND CRUISER,BLANCO,RUSTICO,Liviana,EN PROCESO DE DESINCORPORACION,FUERA DE SERVICIO,"COL, DIVISIÓN COSTA ORIENTAL DEL LAGO",TRANSPORTE TERRESTRE,,,,
2408,SIN PLACAS,JTERU71J5A4002408,TOYOTA,LAND CRUISER,BLANCO,RUSTICO,Liviana,EN PROCESO DE DESINCORPORACION,FUERA DE SERVICIO,TRANSPORTE TERRESTRE,TRANSPORTE TERRESTRE,,,,
22056,SIN PLACAS,JTEFU71J6A4005692,TOYOTA,LAND CRUISER,BLANCO,RUSTICO,Liviana,A DESINCORPORAR,FUERA DE SERVICIO,SEGURIDAD INTEGRAL (DSI),TRANSPORTE TERRESTRE,,,,
21516,TAL03F,8XA21UJ7258001450,TOYOTA,LAND CRUISER,BLANCO,RUSTICO,Liviana,A DESINCORPORAR,FUERA DE SERVICIO,SEGURIDAD INTEGRAL (DSI),TRANSPORTE TERRESTRE,,,,
2539,SIN PLACAS,JTERU71J9A4002539,TOYOTA,LAND CRUISER,BLANCO,RUSTICO,Liviana,INOPERATIVA,PARADA POR FALLA,DIVISIÓN LAGO,ANDRI LINARES,,,,
3007,AE528JK,JTERU71J2A4003007,TOYOTA,LAND CRUISER,BLANCO,RUSTICO,Liviana,A DESINCORPORAR,FUERA DE SERVICIO,DIVISIÓN LAGO,NO APLICA,,,,
11002,SIN PLACAS,JTERU71J1A4002888,TOYOTA,LAND CRUISER,BLANCO,RUSTICO,Liviana,INOPERATIVA,PARADA POR FALLA,DIVISIÓN LAGO,JOSE BOSCAN,,,,
22333,SIN PLACAS,JTERU71J6A4002417,TOYOTA,LAND CRUISER,BLANCO,RUSTICO,Liviana,INOPERATIVA,PARADA POR FALLA,DIVISIÓN LAGO,RICHARD SILVA,,,,
8224,SIN PLACAS,3N1AB6AP6CL718224,NISSAN,SENTRA,GRIS PLATA,SEDAN,Liviana,A DESINCORPORAR,FUERA DE SERVICIO,GOIP,TRANSPORTE TERRESTRE,,,,
4769,VAE05W,IFALP53S5VG304769,FORD,TAURUS,GRIS,SEDAN,Liviana,A DESINCORPORAR,FUERA DE SERVICIO,DIRECCION EJECUTIVA DE EXPLORACION Y EEII DE YACIMIENTOS(DEXEIY),TRANSPORTE TERRESTRE,,,,
18019,VBK81D,8XA53AEB122020873,TOYOTA,COROLLA,PLATA,SEDAN,Liviana,A DESINCORPORAR,FUERA DE SERVICIO,GOIP,TRANSPORTE TERRESTRE,,,,
18743,VBY43A,3N1CB51D45L558520,NISSAN,SENTRA GXE T/A,BLANCO,SEDAN,Liviana,A DESINCORPORAR,FUERA DE SERVICIO,GOIP,TRANSPORTE TERRESTRE,,,,
18770,DBU79A,3N1EB31S66K301853,NISSAN,SENTRA CLASICO SINC.,MADERA OSCURO,SEDAN,Liviana,A DESINCORPORAR,FUERA DE SERVICIO,GOIP,TRANSPORTE TERRESTRE,,,,
18791,DBU72B,3N1EB31S96K300576,NISSAN,SENTRA CLASICO SINC.,PLATA,SEDAN,Liviana,INOPERATIVA,RECUPERADA DE MUELLE SUR GALPON MTTO MAYOR,GOIP,LEONEL CHIRINOS,,,,
18794,DBU74B,3N1EB31S96K302165,NISSAN,SENTRA CLASICO SINC.,BLANCO,SEDAN,Liviana,A DESINCORPORAR,FUERA DE SERVICIO,GOIP,TRANSPORTE TERRESTRE,,,,
18821,IAK14M,3N1EB31S36K319799,NISSAN,SENTRA CLASICO SINC.,BLANCO,SEDAN,Liviana,A DESINCORPORAR,FUERA DE SERVICIO,GOIP,TRANSPORTE TERRESTRE,,,,
18833,VCN93C,KNMC4C2HM7P626564,NISSAN,ALMERA B-10,NEGRO METALICO,SEDAN,Liviana,EN ESPERA POR REMOLQUE,POR CERTIFICAR FALLA,GOIP,CARLOS VILLALOBOS,,,,
18858,VCN95B,KNMC4C2HM7P626467,NISSAN,ALMERA B-10,NEGRO METALICO,SEDAN,Liviana,EN PROCESO DE DESINCORPORACION,FUERA DE SERVICIO,GOIP,TRANSPORTE TERRESTRE,,,,
18937,VCT29J,KNMC4C2HM7P632004,NISSAN,ALMERA B-10,BEIGE,SEDAN,Liviana,INOPERATIVA,RECUPERADA DE MUELLE LIBERTADOR,TRANSPORTE TERRESTRE,TRANSPORTE TERRESTRE,,,,
3460,SIN PLACAS,1FAHP3F23CL433460,FORD,FOCUS,BLANCO,SEDAN,Liviana,INOPERATIVA,PARADA POR FALLA,RELACIONES GUBERNAMENTALES PROPIEDADES Y CATASTRO,NINOSCA BONANNI,,,,
18883,VCN99C,KNMC4C2HM7P624927,NISSAN,ALMERA B-10,BLANCO SOLIDO,SEDAN,Liviana,A DESINCORPORAR,FUERA DE SERVICIO,SEGURIDAD INTEGRAL (DSI),OMAR MORAN,,,,
1883,AG099CV,1FAHP3F20CL451883,FORD,FOCUS,GRIS OSCURO,SEDAN,Liviana,A DESINCORPORAR,FUERA DE SERVICIO,TRANSPORTE TERRESTRE,TRANSPORTE TERRESTRE,,,,
9796,AC208KB,1FADP3E24DL129796,FORD,FOCUS,BLANCO,SEDAN,Liviana,A DESINCORPORAR,FUERA DE SERVICIO,SALUD,TRANSPORTE TERRESTRE,,,,
9511,SIN PLACAS,1FAHP3F29CL399511,FORD,FOCUS,BLANCO,SEDAN,Liviana,A DESINCORPORAR,FUERA DE SERVICIO,CONTRATACION,TRANSPORTE TERRESTRE,,,,
18726,VBY26A,3N1CB51D75L546202,NISSAN,SENTRA GXE T/A,NEGRO,SEDAN,Liviana,EN PROCESO DE DESINCORPORACION,FUERA DE SERVICIO,SERVICIOS LOGISTICOS,TRANSPORTE TERRESTRE,,,,
18758,VCB91G,3N1CB51DX5L517969,NISSAN,SENTRA GXE T/A,NEGRO,SEDAN,Liviana,DESINCORPORADO,FUERA DE SERVICIO,SEGURIDAD INTEGRAL (DSI),TRANSPORTE TERRESTRE,,,,
18771,DBU80A,3N1EB31S66K301870,NISSAN,SENTRA CLASICO SINC.,PLATA,SEDAN,Liviana,DESINCORPORADO,FUERA DE SERVICIO,GOIP,TRANSPORTE TERRESTRE,,,,
18936,VCT59K,KNMC4C2HM7P629652,NISSAN,ALMERA B-10,NEGRO METALICO,SEDAN,Liviana,EN PROCESO DE DESINCORPORACION,FUERA DE SERVICIO,PDVSA SERVICIOS PETROLEROS,GIOVANNY CENTENO,,,,
18843,VCN34D,KNMC4C2HM7P625106,NISSAN,ALMERA B-10,AZUL INDIGO,SEDAN,Liviana,A DESINCORPORAR,LOTE DE DENUNCIADAS DESINCORPORACION LAGUNILLAS,COORDINACION OPERACIONAL,TRANSPORTE TERRESTRE,,,,
9549,AL094DA,1FADP3E2XDL149549,FORD,FOCUS,GRIS OSCURO,SEDAN,Liviana,A DESINCORPORAR,FUERA DE SERVICIO,MPETROLEO,TRANSPORTE TERRESTRE,,,,
18701,VBY01A,3N1CB51D55L527812,NISSAN,SENTRA GXE T/A,AZUL ZAFIRO,SEDAN,Liviana,DESINCORPORADO,FUERA DE SERVICIO,ASUNTOS PUBLICOS,TRANSPORTE TERRESTRE,,,,
18702,VBY02A,3N1CB51D65L514986,NISSAN,SENTRA GXE T/A,AZUL ZAFIRO,SEDAN,Liviana,EN PROCESO DE DESINCORPORACION,FUERA DE SERVICIO,ASUNTOS JURÍDICOS,TRANSPORTE TERRESTRE,,,,
18778,IAK07M,3N1EB31S56K301899,NISSAN,SENTRA CLASICO SINC.,PLATA,SEDAN,Liviana,EN PROCESO DE DESINCORPORACION,FUERA DE SERVICIO,SERVICIOS LOGISTICOS,TRANSPORTE TERRESTRE,,,,
18792,DBU73B,3N1EB 31S96K302022,NISSAN,SENTRA CLASICO SINC.,BLANCO,SEDAN,Liviana,EN PROCESO DE DESINCORPORACION,FUERA DE SERVICIO,TRANSPORTE TERRESTRE,TRANSPORTE TERRESTRE,,,,
18832,VCN35C,KNMC4C2HM7P624815,NISSAN,ALMERA B-10,BEIGE INTENSO,SEDAN,Liviana,EN PROCESO DE DESINCORPORACION,FUERA DE SERVICIO,ASUNTOS JURÍDICOS,TRANSPORTE TERRESTRE,,,,
18846,VCN35B,KNMC4C2HM7P624778,NISSAN,ALMERA B-10,BEIGE INTENSO,SEDAN,Liviana,EN PROCESO DE DESINCORPORACION,FUERA DE SERVICIO,RECURSOS HUMANOS,TRANSPORTE TERRESTRE,,,,
18933,VCT53J,KNMC4C2HM7P639904,NISSAN,ALMERA B-10,BLANCO,SEDAN,Liviana,EN PROCESO DE DESINCORPORACION,FUERA DE SERVICIO,SEGURIDAD INTEGRAL (DSI),TRANSPORTE TERRESTRE,,,,
6771,SIN PLACAS,1FAHP3F29CL216771,FORD,FOCUS,BLANCO,SEDAN,Liviana,A DESINCORPORAR,FUERA DE SERVICIO,SERVICIOS LOGISTICOS,RUBEN NAVA,,,,
482,AC237KB,1FAHP3F23CL420482,FORD,FOCUS,GRIS OSCURO,SEDAN,Liviana,A DESINCORPORAR,FUERA DE SERVICIO,GOIP,TRANSPORTE TERRESTRE,,,,
2481,AC240KB,1FAHP3E20CL462481,FORD,FOCUS,GRIS OSCURO,SEDAN,Liviana,EN ESPERA POR REMOLQUE,POR CERTIFICAR FALLA,SERVICIOS ELECTRICOS,JESUS RANGEL,,,,
3370,AL947CA,3N1AB6AP5CL753370,NISSAN,SENTRA,GRIS PLATA,SEDAN,Liviana,A DESINCORPORAR,FUERA DE SERVICIO,AMBIENTE,TRANSPORTE TERRESTRE,,,,
4387,AC245KB,2T16U4EE1CC914387,TOYOTA,COROLLA,GRIS OSCURO,SEDAN,Liviana,A DESINCORPORAR,LOTE DE DENUNCIADAS DESINCORPORACION LAGUNILLAS,TRANSPORTE TERRESTRE,TRANSPORTE TERRESTRE,,,,
4538,AG569FV,1FAHP3E21CL444538,FORD,FOCUS,S/I,SEDAN,Liviana,EN ESPERA POR REMOLQUE,POR CERTIFICAR FALLA,DIRECCION EJECUTIVA DE EXPLORACION Y EEII DE YACIMIENTOS(DEXEIY),RAFFE CHARLES,,,,
6977,AC642HA,8Z1JD5CB1BV306977,CHEVROLET,OPTRA,PLATA,SEDAN,Liviana,A DESINCORPORAR,FUERA DE SERVICIO,SERVICIOS ELECTRICOS,TRANSPORTE TERRESTRE,,,,
7851,AB577RR,3N1AB6AP2CL747851,NISSAN,SENTRA,GRIS,SEDAN,Liviana,INOPERATIVA,PARADA POR FALLA,DEPOCC,LUIS FUENMAYOR,,,,
18011,VBK85D,8XA53AEB122020844,TOYOTA,COROLLA,PLATA,SEDAN,Liviana,A DESINCORPORAR,FUERA DE SERVICIO,SALUD,TRANSPORTE TERRESTRE,,,,
18012,VBK86D,8XA53AEB122020825,TOYOTA,COROLLA,PLATA,SEDAN,Liviana,A DESINCORPORAR,FUERA DE SERVICIO,GOIP,TRANSPORTE TERRESTRE,,,,
18014,VBK88D,8XA53AEB122020822,TOYOTA,COROLLA,PLATA,SEDAN,Liviana,DESCONOCIDO,DESCONOCIDO,SALUD,POR CERTIFICAR,,,,
18023,VBK72D,8XA53AEB122020957,TOYOTA,COROLLA,PLATA,SEDAN,Liviana,A DESINCORPORAR,FUERA DE SERVICIO,SEGURIDAD INTEGRAL (DSI),TRANSPORTE TERRESTRE,,,,
18037,AEC76G,8XA53AEB122021981,TOYOTA,COROLLA,PLATA,SEDAN,Liviana,A DESINCORPORAR,FUERA DE SERVICIO,SALUD,RAFAEL MADRID,,,,
8873,SIN PLACAS,9GAJM52356B048873,CHEVROLET,OPTRA,GRIS,SEDAN,Liviana,A DESINCORPORAR,FUERA DE SERVICIO,BARIVEN,TRANSPORTE TERRESTRE,,,,
18575,VBT21T,8Z1TG52822V336821,CHEVROLET,ASTRA,GRIS,SEDAN,Liviana,A DESINCORPORAR,FUERA DE SERVICIO,GERENCIA REGIONAL DE VIVIENDA,TRANSPORTE TERRESTRE,,,,
18724,VBY24A,3N1CB51D45L554239,NISSAN,SENTRA GXE T/A,NEGRO,SEDAN,Liviana,A DESINCORPORAR,FUERA DE SERVICIO,SEGURIDAD INDUSTRIAL E HIGIENE OCUPACIONAL,TRANSPORTE TERRESTRE,,,,
18728,VBY28A,3N1CB51D35L532233,NISSAN,SENTRA GXE T/A,BLANCO,SEDAN,Liviana,A DESINCORPORAR,FUERA DE SERVICIO,SEGURIDAD INTEGRAL (DSI),TRANSPORTE TERRESTRE,,,,
18732,VBY32A,3N1CB51D65L532307,NISSAN,SENTRA GXE T/A,BLANCO,SEDAN,Liviana,A DESINCORPORAR,FUERA DE SERVICIO,RECURSOS HUMANOS,TRANSPORTE TERRESTRE,,,,
18738,VBY38A,3N1CB51D15L558796,NISSAN,SENTRA GXE T/A,BLANCO,SEDAN,Liviana,A DESINCORPORAR,FUERA DE SERVICIO,GOIP,TRANSPORTE TERRESTRE,,,,
18742,VBY42A,3N1CB51D45L545363,NISSAN,SENTRA GXE T/A,BLANCO,SEDAN,Liviana,A DESINCORPORAR,FUERA DE SERVICIO,GERENCIA REGIONAL DE VIVIENDA,TRANSPORTE TERRESTRE,,,,
18754,VBY54A,3N1CB51DX5L567545,NISSAN,SENTRA GXE T/A,BLANCO,SEDAN,Liviana,A DESINCORPORAR,FUERA DE SERVICIO,SALUD,TRANSPORTE TERRESTRE,,,,
18766,VCB99G,3N1CB51D15L528522,NISSAN,SENTRA GXE T/A,AZUL ZAFIRO,SEDAN,Liviana,A DESINCORPORAR,FUERA DE SERVICIO,RECURSOS HUMANOS,TRANSPORTE TERRESTRE,,,,
18768,DBU77A,3N1EB31S66K301830,NISSAN,SENTRA CLASICO SINC.,MADERA OSCURO,SEDAN,Liviana,EN ESPERA POR REMOLQUE,POR CERTIFICAR FALLA,RECURSOS HUMANOS,OTTO QUERALES,,,,
18772,DBU81A,3N1EB31S66K301934,NISSAN,SENTRA CLASICO SINC.,PLATA,SEDAN,Liviana,A DESINCORPORAR,PARADA POR FALLA,AIT,DANILO CASTILLO,,,,
18773,DBU82A,3N1EB31S66K302193,NISSAN,SENTRA CLASICO SINC.,PLATA,SEDAN,Liviana,A DESINCORPORAR,FUERA DE SERVICIO,SEGURIDAD INTEGRAL (DSI),TRANSPORTE TERRESTRE,,,,
18781,DBU90A,3N1EB31S66K302124,NISSAN,SENTRA CLASICO SINC.,AZUL OSCURO,SEDAN,Liviana,A DESINCORPORAR,FUERA DE SERVICIO,DIVISIÓN LAGO,TRANSPORTE TERRESTRE,,,,
18789,DBU98A,3N1EB31S86K302464,NISSAN,SENTRA CLASICO SINC.,AZUL OSCURO,SEDAN,Liviana,A DESINCORPORAR,FUERA DE SERVICIO,SALUD,TRANSPORTE TERRESTRE,,,,
18802,DBU83B,3N1EB31S66K311423,NISSAN,SENTRA CLASICO SINC.,ROJO METALICO,SEDAN,Liviana,A DESINCORPORAR,FUERA DE SERVICIO,COORDINACION OPERACIONAL,TRANSPORTE TERRESTRE,,,,
18838,VCN40B,KNMC4C2HM7P625029,NISSAN,ALMERA B-10,BLANCO PERLADO,SEDAN,Liviana,INOPERATIVA,PARADA POR FALLA,MPETROLEO,ALCIDES MARQUES,,,,
18840,VCN92B,KNMC4C2HM7P626453,NISSAN,ALMERA B-10,BEIGE METALICO,SEDAN,Liviana,A DESINCORPORAR,FUERA DE SERVICIO,BARIVEN,JAVIER ALVARADO,,,,
18861,VCN97B,KNMC4C2HM7P625101,NISSAN,ALMERA B-10,BLANCO SOLIDO,SEDAN,Liviana,A DESINCORPORAR,FUERA DE SERVICIO,GERENCIA REGIONAL DE VIVIENDA,TRANSPORTE TERRESTRE,,,,
18863,VCN99B,KNMC4C2HM7P624929,NISSAN,ALMERA B-10,BLANCO SOLIDO,SEDAN,Liviana,A DESINCORPORAR,FUERA DE SERVICIO,GERENCIA REGIONAL DE VIVIENDA,TRANSPORTE TERRESTRE,,,,
18880,VCN33B,KNMC4C2HM7P624957,NISSAN,ALMERA B-10,AZUL INDIGO,SEDAN,Liviana,EN ESPERA POR REMOLQUE,"CHOQUE FUERTE, DESVALIJADO",DIRECCION EJECUTIVA DE EXPLORACION Y EEII DE YACIMIENTOS(DEXEIY),CAMILO ALOISI,,,,
18881,VCN42C,KNMC4C2HM7P625108,NISSAN,ALMERA B-10,AZUL INTENSO,SEDAN,Liviana,A DESINCORPORAR,FUERA DE SERVICIO,TRANSPORTE TERRESTRE,TRANSPORTE TERRESTRE,,,,
18884,VCN35D,KNMC4C2HM7P624859,NISSAN,ALMERA B-10,VERDE,SEDAN,Liviana,OPERATIVA,OPERATIVA,AIT,DANILO CASTILLO,,,,
18901,VCN37C,KNMC4C2HM7P625360,NISSAN,ALMERA B-10,BEIGE INTENSO,SEDAN,Liviana,EN PROCESO DE DESINCORPORACION,FUERA DE SERVICIO,RECURSOS HUMANOS,TRANSPORTE TERRESTRE,,,,
18928,VCT59J,KNMC4C2HM7P631959,NISSAN,ALMERA B-10,NEGRO,SEDAN,Liviana,EN ESPERA POR REMOLQUE,PARADA POR FALLA,SEGURIDAD INTEGRAL (DSI),NOLBERTO GIL,,,,
20003,GCJ75T,8YPFDDFWK158A37718,FORD,FOCUS,BLANCO,SEDAN,Liviana,A DESINCORPORAR,FUERA DE SERVICIO,TRANSPORTE TERRESTRE,TRANSPORTE TERRESTRE,,,,
20005,AEU-81W,8YPFDDFWK758A37724,FORD,FOCUS,GRIS,SEDAN,Liviana,A DESINCORPORAR,FUERA DE SERVICIO,SEGURIDAD INTEGRAL (DSI),TRANSPORTE TERRESTRE,,,,
20007,AEU-83W,8YPFDDFWK058A37726,FORD,FOCUS,PLATA,SEDAN,Liviana,A DESINCORPORAR,FUERA DE SERVICIO,SEGURIDAD INTEGRAL (DSI),TRANSPORTE TERRESTRE,,,,
20008,AEU-79W,8YPFDDFWK358A37722,FORD,FOCUS,BEIGE,SEDAN,Liviana,A DESINCORPORAR,FUERA DE SERVICIO,SEGURIDAD INTEGRAL (DSI),TRANSPORTE TERRESTRE,,,,
20013,TAK19T,8YPFDDFWK958A35697,FORD,FOCUS,AZUL,SEDAN,Liviana,INOPERATIVA,RECUPERADA DE MUELLE ANA MARIA CAMPOS,SEGURIDAD INTEGRAL (DSI),DANIEL FERRER,,,,
20014,AEA-45F,8YPFDDFWK058A35717,FORD,FOCUS,PLATA,SEDAN,Liviana,A DESINCORPORAR,PARADA POR FALLA,SEGURIDAD INTEGRAL (DSI),TRANSPORTE TERRESTRE,,,,
9303,AD856SV,LVVDC21B4BD409303,CHERY,ORINOCO,PLATA,SEDAN,Liviana,INOPERATIVA,RECUPERADA DE TALLER AYACUCHO 24-4-24,TRANSPORTE TERRESTRE,TRANSPORTE TERRESTRE,,,,
18032,VBK80D,8XA53AEB122020874,TOYOTA,COROLLA,PLATA,SEDAN,Liviana,A DESINCORPORAR,FUERA DE SERVICIO,PDVSA GAS,TRANSPORTE TERRESTRE,,,,
9787,AL091DA,3N1AB6AP1CL739787,NISSAN,SENTRA,GRIS,SEDAN,Liviana,A DESINCORPORAR,FUERA DE SERVICIO,PETROWAYU,EEMM PETROWAYU,,,,
7404,AC611MV,8Z1JJ5CB9BV3377404,CHEVROLET,OPTRA,BLANCO,SEDAN,Liviana,EN PROCESO DE DESINCORPORACION,FUERA DE SERVICIO,DIVISIÓN LAGO,TRANSPORTE TERRESTRE,,,,
873,AD790SV,8X7T1C124CD000968,CHERY,ORINOCO,ROJO,SEDAN,Liviana,EN PROCESO DE DESINCORPORACION,FUERA DE SERVICIO,DIVISIÓN LAGO,TRANSPORTE TERRESTRE,,,,
1781,VCF75L,MALAC51HP6M741781,HYUNDAI,ATOS GLS 1.1L A,ROJO,SEDAN,Liviana,A DESINCORPORAR,FUERA DE SERVICIO,DIVISIÓN LAGO,TRANSPORTE TERRESTRE,,,,
18561,VBT04T,8Z1TG52852V336103,CHEVROLET,ASTRA,BEIGE,SEDAN,Liviana,A DESINCORPORAR,FUERA DE SERVICIO,DIVISIÓN LAGO,TRANSPORTE TERRESTRE,,,,
18564,VBT07T,8Z1TG52872V336099,CHEVROLET,ASTRA,BEIGE,SEDAN,Liviana,A DESINCORPORAR,FUERA DE SERVICIO,DIVISIÓN LAGO,TRANSPORTE TERRESTRE,,,,
18569,VBT15T,8Z1TG52892V336136,CHEVROLET,ASTRA,BEIGE,SEDAN,Liviana,A DESINCORPORAR,FUERA DE SERVICIO,DIVISIÓN LAGO,TRANSPORTE TERRESTRE,,,,
18751,VBY51A,3N1CB51DX5L545822,NISSAN,SENTRA GXE T/A,BLANCO,SEDAN,Liviana,A DESINCORPORAR,FUERA DE SERVICIO,DIVISIÓN LAGO,TRANSPORTE TERRESTRE,,,,
18769,DBU78A,3N1EB31S66K302251,NISSAN,SENTRA CLASICO SINC.,PLATA,SEDAN,Liviana,A DESINCORPORAR,FUERA DE SERVICIO,DIVISIÓN LAGO,TRANSPORTE TERRESTRE,,,,
18775,DBU84A,3N1EB31S46K302221,NISSAN,SENTRA CLASICO SINC.,PLATA,SEDAN,Liviana,EN PROCESO DE DESINCORPORACION,FUERA DE SERVICIO,DIVISIÓN LAGO,TRANSPORTE TERRESTRE,,,,
18801,DBU82B,3N1EB31S56K312207,NISSAN,SENTRA CLASICO SINC.,MADERA OSCURO,SEDAN,Liviana,DESINCORPORADO,FUERA DE SERVICIO,DIVISIÓN LAGO,TRANSPORTE TERRESTRE,,,,
18927,VCT32L,KNMC4C2HM7P629654,NISSAN,ALMERA B-10,AZUL INTENSO,SEDAN,Liviana,A DESINCORPORAR,FUERA DE SERVICIO,DIVISIÓN LAGO,TRANSPORTE TERRESTRE,,,,
135054,VBJ 82J,9BD158230Y4135054,FIAT,UNO,ROJO,SEDAN,Liviana,A DESINCORPORAR,FUERA DE SERVICIO,DIVISIÓN LAGO,TRANSPORTE TERRESTRE,,,,
706689,VAM 55K,8Y3HS26C3V1706689,CHRYSLER,NEON,VINO,SEDAN,Liviana,A DESINCORPORAR,FUERA DE SERVICIO,DIVISIÓN LAGO,TRANSPORTE TERRESTRE,,,,
18708,AA532LV,3N1CB51D95L527196,NISSAN,SENTRA GXE T/A,AZUL OSCURO,SEDAN,Liviana,A DESINCORPORAR,FUERA DE SERVICIO,DIVISIÓN LAGO,TRANSPORTE TERRESTRE,,,,
18921,VCT53L,KNMC4C2HM7P639824,NISSAN,ALMERA B-10,BLANCO,SEDAN,Liviana,OPERATIVA,OPERATIVA,TRANSPORTE TERRESTRE,LUILLANA ROZO,,,,
5814,AL942CA,1FADP3E20DL155814,FORD,FOCUS,GRIS,SEDAN,Liviana,A DESINCORPORAR,FUERA DE SERVICIO,DIVISIÓN SUR DEL LAGO TRUJILLO,TRANSPORTE TERRESTRE,,,,
2370,AC242KB,1FADP3F28DL112370,FORD,FOCUS,GRIS,SEDAN,Liviana,A DESINCORPORAR,FUERA DE SERVICIO,"OCC, DIVISIÓN COSTA OCCIDENTAL",TRANSPORTE TERRESTRE,,,,
18711,VBY11A,3N1CB51D55L553603,NISSAN,SENTRA,BLANCO,SEDAN,Liviana,EN PROCESO DE DESINCORPORACION,FUERA DE SERVICIO,SEGURIDAD INTEGRAL (DSI),TRANSPORTE TERRESTRE,,,,
18851,VCN33C,KNMC4C2HM7P624961,NISSAN,ALMERA B-10,BLANCO,SEDAN,Liviana,EN PROCESO DE DESINCORPORACION,FUERA DE SERVICIO,RECURSOS HUMANOS,TRANSPORTE TERRESTRE,,,,
18739,VBY39A,3N1CB51D25L546561,NISSAN,SENTRA GXE T/A,BLANCO,SEDAN,Liviana,EN PROCESO DE DESINCORPORACION,FUERA DE SERVICIO,DIVISIÓN SUR DEL LAGO TRUJILLO,TRANSPORTE TERRESTRE,,,,
18919,VCT60J,KNMC4C2HM7P632500,NISSAN,ALMERA B-10,BLANCO,SEDAN,Liviana,EN PROCESO DE DESINCORPORACION,FUERA DE SERVICIO,DIVISIÓN SUR DEL LAGO TRUJILLO,TRANSPORTE TERRESTRE,,,,
18931,VCT53M,KNMC4C2HM7P639929,NISSAN,ALMERA B-10,BEIG METALICO,SEDAN,Liviana,EN PROCESO DE DESINCORPORACION,FUERA DE SERVICIO,DIVISIÓN SUR DEL LAGO TRUJILLO,TRANSPORTE TERRESTRE,,,,
18839,VCN38D,KNMC4C2HM7P625416,NISSAN,ALMERA B-10,BEIGE INTENSO,SEDAN,Liviana,EN PROCESO DE DESINCORPORACION,FUERA DE SERVICIO,GOIP,TRANSPORTE TERRESTRE,,,,
18757,VCB90G,3N1CB51D35L558587,NISSAN,SENTRA GXE T/A,BLANCO,SEDAN,Liviana,EN PROCESO DE DESINCORPORACION,FUERA DE SERVICIO,GOIP,TRANSPORTE TERRESTRE,,,,
18798,DBU-79B,3N1EB31SX6K302241,NISSAN,SENTRA CLASICO SINC.,PLATA,SEDAN,Liviana,EN PROCESO DE DESINCORPORACION,FUERA DE SERVICIO,GOIP,TRANSPORTE TERRESTRE,,,,
18908,VCN99A,KNMC4C2HM7P624978,NISSAN,ALMERA B-10,BLANCO SOLIDO,SEDAN,Liviana,A DESINCORPORAR,DENUNCIADA ANTE MP,PROYECTOS MAYORES,TRANSPORTE TERRESTRE,,,,
18820,IAK13M,3N1EB31S36K319561,NISSAN,SENTRA CLASICO SINC.,BLANCO,SEDAN,Liviana,EN PROCESO DE DESINCORPORACION,FUERA DE SERVICIO,AUDITORIA INTERNA,TRANSPORTE TERRESTRE,,,,
18876,VCN90B,KNMC4C2HM7P626419,NISSAN,ALMERA B-10,PLATA METALICO,SEDAN,Liviana,EN PROCESO DE DESINCORPORACION,FUERA DE SERVICIO,SALUD,TRANSPORTE TERRESTRE,,,,
18749,VBY49A,3N1CB51D95L568122,NISSAN,SENTRA GXE T/A,BLANCO,SEDAN,Liviana,EN PROCESO DE DESINCORPORACION,FUERA DE SERVICIO,SERVICIOS LOGISTICOS,TRANSPORTE TERRESTRE,,,,
18866,VCN91C,KNMC4C2HM7P626538,NISSAN,ALMERA B-10,BEIGE METALICO,SEDAN,Liviana,EN PROCESO DE DESINCORPORACION,FUERA DE SERVICIO,ASUNTOS PUBLICOS,TRANSPORTE TERRESTRE,,,,
18895,VCN92A,KNMC4C2HM7P626533,NISSAN,ALMERA B-10,BEIGE INTENSO,SEDAN,Liviana,EN PROCESO DE DESINCORPORACION,FUERA DE SERVICIO,GOIP,TRANSPORTE TERRESTRE,,,,
18788,DBU97A,3N1EB31S86K302352,NISSAN,SENTRA CLASICO SINC.,MADERA OSCURO,SEDAN,Liviana,EN PROCESO DE DESINCORPORACION,FUERA DE SERVICIO,PROYECTOS MAYORES,TRANSPORTE TERRESTRE,,,,
20001,KBE-58R,8YPFDDFWK358A37719,FORD,FOCUS,BLANCO,SEDAN,Liviana,EN PROCESO DE DESINCORPORACION,FUERA DE SERVICIO,SEGURIDAD INTEGRAL (DSI),TRANSPORTE TERRESTRE,,,,
18018,VBK75D,8XA53AEB122020905,TOYOTA,COROLLA,PLATA,SEDAN,Liviana,EN PROCESO DE DESINCORPORACION,FUERA DE SERVICIO,TRANSPORTE TERRESTRE,TRANSPORTE TERRESTRE,,,,
18725,VBY25A,3N1CB51D65L544926,NISSAN,SENTRA GXE T/A,NEGRO,SEDAN,Liviana,EN PROCESO DE DESINCORPORACION,FUERA DE SERVICIO,MPETROLEO,TRANSPORTE TERRESTRE,,,,
18737,VBY37A,3N1CB51D15L547541,NISSAN,SENTRA GXE T/A,BLANCO,SEDAN,Liviana,EN PROCESO DE DESINCORPORACION,FUERA DE SERVICIO,SERVICIOS LOGISTICOS,TRANSPORTE TERRESTRE,,,,
18746,VBY46A,3N1CB51D75L563873,NISSAN,SENTRA GXE T/A,BLANCO,SEDAN,Liviana,EN PROCESO DE DESINCORPORACION,FUERA DE SERVICIO,SALUD,TRANSPORTE TERRESTRE,,,,
18753,VBY53A,3N1CB51D15L559009,NISSAN,SENTRA GXE T/A,BLANCO,SEDAN,Liviana,EN PROCESO DE DESINCORPORACION,FUERA DE SERVICIO,AUDITORIA INTERNA,TRANSPORTE TERRESTRE,,,,
18780,DBU89A,3N1EB31S66K301930,NISSAN,SENTRA CLASICO SINC.,PLATA,SEDAN,Liviana,EN PROCESO DE DESINCORPORACION,FUERA DE SERVICIO,AMBIENTE,TRANSPORTE TERRESTRE,,,,
18783,DBU92A,3N1EB31S66K302172,NISSAN,SENTRA CLASICO SINC.,BLANCO,SEDAN,Liviana,EN PROCESO DE DESINCORPORACION,FUERA DE SERVICIO,ASUNTOS JURÍDICOS,TRANSPORTE TERRESTRE,,,,
18815,IAK08M,3N1EB31S86K317790,NISSAN,SENTRA CLASICO SINC.,BLANCO,SEDAN,Liviana,EN PROCESO DE DESINCORPORACION,FUERA DE SERVICIO,LA ESTANCIA,TRANSPORTE TERRESTRE,,,,
18836,VCN95A,KNMC4C2HM7P626517,NISSAN,ALMERA B-10,NEGRO METALICO,SEDAN,Liviana,EN PROCESO DE DESINCORPORACION,FUERA DE SERVICIO,GERENCIA GENERAL DEPOCC,TRANSPORTE TERRESTRE,,,,
18859,VCN39C,KNMC4C2HM7P624984,NISSAN,ALMERA B-10,BLANCO PERLADO,SEDAN,Liviana,EN PROCESO DE DESINCORPORACION,FUERA DE SERVICIO,LA ESTANCIA,TRANSPORTE TERRESTRE,,,,
18899,VCN48D,KNMC4C2HM7P626563,NISSAN,ALMERA B-10,AZUL ZAFIRO,SEDAN,Liviana,EN PROCESO DE DESINCORPORACION,FUERA DE SERVICIO,BARIVEN,TRANSPORTE TERRESTRE,,,,
18904,VCN97C,KNMC4C2HM7P625061,NISSAN,ALMERA B-10,BLANCO SOLIDO,SEDAN,Liviana,EN PROCESO DE DESINCORPORACION,FUERA DE SERVICIO,RECURSOS HUMANOS,TRANSPORTE TERRESTRE,,,,
18924,VCT31J,KNMC4C2HM7P629528,NISSAN,ALMERA B-10,AZUL INTENSO,SEDAN,Liviana,EN PROCESO DE DESINCORPORACION,FUERA DE SERVICIO,GERENCIA REGIONAL DE VIVIENDA,TRANSPORTE TERRESTRE,,,,
20015,AEU82W,8YPFDFWK258A37730,FORD,FOCUS,PLATA,SEDAN,Liviana,EN PROCESO DE DESINCORPORACION,FUERA DE SERVICIO,SEGURIDAD INTEGRAL (DSI),TRANSPORTE TERRESTRE,,,,
18784,DBU93A,3N1EB31S66K302270,NISSAN,SENTRA CLASICO SINC.,PLATA,SEDAN,Liviana,EN PROCESO DE DESINCORPORACION,FUERA DE SERVICIO,RECURSOS HUMANOS,TRANSPORTE TERRESTRE,,,,
18785,DBU94A,3N1EB31S66K302365,NISSAN,SENTRA CLASICO SINC.,MADERA OSCURO,SEDAN,Liviana,EN PROCESO DE DESINCORPORACION,FUERA DE SERVICIO,AMBIENTE,TRANSPORTE TERRESTRE,,,,
18764,VCB97G,3N1CB51D05L530925,NISSAN,SENTRA GXE T/A,BLANCO,SEDAN,Liviana,EN PROCESO DE DESINCORPORACION,FUERA DE SERVICIO,"COL, DIVISIÓN COSTA ORIENTAL DEL LAGO",TRANSPORTE TERRESTRE,,,,
3873,AC309WA,8Z1JD5CBBBV323873,CHEVROLET,OPTRA,AZUL,SEDAN,Liviana,EN PROCESO DE DESINCORPORACION,FUERA DE SERVICIO,DIVISIÓN LAGO,TRANSPORTE TERRESTRE,,,,
18875,VCN43B,KNMC4C2HM7P625347,NISSAN,ALMERA B-10,AZUL,SEDAN,Liviana,EN PROCESO DE DESINCORPORACION,FUERA DE SERVICIO,DIVISIÓN LAGO,TRANSPORTE TERRESTRE,,,,
18748,VBY48A,3N1CB51D85L566880,NISSAN,SENTRA GXE T/A,BLANCO,SEDAN,Liviana,EN PROCESO DE DESINCORPORACION,FUERA DE SERVICIO,"OCC, DIVISIÓN COSTA OCCIDENTAL",TRANSPORTE TERRESTRE,,,,
4246,AC171WA,8Z1JJ5CB7BV324246,CHEVROLET,OPTRA,BLANCO,SEDAN,Liviana,EN PROCESO DE DESINCORPORACION,FUERA DE SERVICIO,PPYG,TRANSPORTE TERRESTRE,,,,
3696,AC112WA,8Z1JD5CB1BV323696,CHEVROLET,OPTRA,AZUL,SEDAN,Liviana,EN PROCESO DE DESINCORPORACION,FUERA DE SERVICIO,RECURSOS HUMANOS,TRANSPORTE TERRESTRE,,,,
9438,AC830VA,8Z1JJ5CBOBV323553,CHEVROLET,OPTRA,PLATA,SEDAN,Liviana,EN PROCESO DE DESINCORPORACION,FUERA DE SERVICIO,DIVISIÓN LAGO,TRANSPORTE TERRESTRE,,,,
18938,VCT54J,KNMC4C2HM7P639424,NISSAN,ALMERA B-10,PLATA METALICO,SEDAN,Liviana,EN PROCESO DE DESINCORPORACION,FUERA DE SERVICIO,GOIP,TRANSPORTE TERRESTRE,,,,
18829,VCN40D,KNMC4C2HM7P625549,NISSAN,ALMERA B-10,BLANCO PERLADO,SEDAN,Liviana,A DESINCORPORAR,FUERA DE SERVICIO,SEGURIDAD INTEGRAL (DSI),TRANSPORTE TERRESTRE,,,,
18891,VCN88A,KNMC4C2HM7P626526,NISSAN,ALMERA B-10,PLATA METALICO,SEDAN,Liviana,EN PROCESO DE DESINCORPORACION,FUERA DE SERVICIO,COORDINACION OPERACIONAL,TRANSPORTE TERRESTRE,,,,
18710,VBY10A,3N1CB51D45L546514,NISSAN,SENTRA GXE T/A,AZUL OSCURO,SEDAN,Liviana,EN PROCESO DE DESINCORPORACION,FUERA DE SERVICIO,DIVISIÓN LAGO,TRANSPORTE TERRESTRE,,,,
18939,VCT55L,KNMC4C2HM7P639875,NISSAN,ALMERA B-10,AZUL,SEDAN,Liviana,OPERATIVA,OPERATIVA,DIVISIÓN LAGO,BENITO CEPEDA,,,,
18747,VBY47A,3NICB15D85L547438,NISSAN,SENTRA,BLANCO,SEDAN,Liviana,EN PROCESO DE DESINCORPORACION,FUERA DE SERVICIO,DIVISIÓN LAGO,TRANSPORTE TERRESTRE,,,,
18733,VBY33A,3N1CB51D75L533191,NISSAN,SENTRA GXE T/A,BLANCO,SEDAN,Liviana,EN PROCESO DE DESINCORPORACION,FUERA DE SERVICIO,DIVISIÓN LAGO,TRANSPORTE TERRESTRE,,,,
18761,VCB94G,3N1CB51D55L516423,NISSAN,SENTRA GXE T/A,NEGRO,SEDAN,Liviana,EN PROCESO DE DESINCORPORACION,FUERA DE SERVICIO,DIVISIÓN LAGO,TRANSPORTE TERRESTRE,,,,
18740,VBY40A,3N1CB51D25L547208,NISSAN,SENTRA GXE T/A,BLANCO,SEDAN,Liviana,EN PROCESO DE DESINCORPORACION,FUERA DE SERVICIO,DIVISIÓN LAGO,TRANSPORTE TERRESTRE,,,,
18940,VCT28M,KNMC4C2HM7P631975,NISSAN,ALMERA B-10,BEIGE,SEDAN,Liviana,EN PROCESO DE DESINCORPORACION,FUERA DE SERVICIO,DIVISIÓN LAGO,TRANSPORTE TERRESTRE,,,,
2086,AA182BT,LSGTC52U28Y012086,CHEVROLET,AVEO,AZUL,SEDAN,Liviana,EN PROCESO DE DESINCORPORACION,FUERA DE SERVICIO,DIVISIÓN LAGO,TRANSPORTE TERRESTRE,,,,
9160,AFM09G,8XA53AEB215009160,TOYOTA,COROLLA,MADERA OSCURO,SEDAN,Liviana,A DESINCORPORAR,FUERA DE SERVICIO,DIVISIÓN LAGO,TRANSPORTE TERRESTRE,,,,
18712,VBY12A,3N1CB51D65L545865,NISSAN,SENTRA GXE T/A,AZUL OSCURO,SEDAN,Liviana,DESINCORPORADO,FUERA DE SERVICIO,SALUD,TRANSPORTE TERRESTRE,,,,
18713,VBY13A,3N1CB51D55L529673,NISSAN,SENTRA GXE T/A,NEGRO,SEDAN,Liviana,DESINCORPORADO,FUERA DE SERVICIO,SALUD,TRANSPORTE TERRESTRE,,,,
18715,VBY15A,3N1CB51D65L530220,NISSAN,SENTRA GXE T/A,NEGRO,SEDAN,Liviana,DESINCORPORADO,FUERA DE SERVICIO,CONFIABILIDAD OPERACIONAL,TRANSPORTE TERRESTRE,,,,
18717,VBY17A,3N1CB51D85L527822,NISSAN,SENTRA GXE T/A,NEGRO,SEDAN,Liviana,DESINCORPORADO,FUERA DE SERVICIO,SALUD,TRANSPORTE TERRESTRE,,,,
18721,VBY21A,3N1CB51D15L547068,NISSAN,SENTRA GXE T/A,NEGRO,SEDAN,Liviana,DESINCORPORADO,FUERA DE SERVICIO,PROYECTOS MAYORES,TRANSPORTE TERRESTRE,,,,
18729,VBY29A,3N1CB51D45L533519,NISSAN,SENTRA GXE T/A,BLANCO,SEDAN,Liviana,DESINCORPORADO,FUERA DE SERVICIO,ASUNTOS PUBLICOS,TRANSPORTE TERRESTRE,,,,
18744,VBY44A,3N1CB51D45L567945,NISSAN,SENTRA GXE T/A,BLANCO,SEDAN,Liviana,DESINCORPORADO,FUERA DE SERVICIO,PPYG,TRANSPORTE TERRESTRE,,,,
18752,VBY52A,3N1CB51DX5L546002,NISSAN,SENTRA GXE T/A,BLANCO,SEDAN,Liviana,DESINCORPORADO,FUERA DE SERVICIO,FINANZAS,TRANSPORTE TERRESTRE,,,,
18756,VCB89G,3N1CB51D65L558227,NISSAN,SENTRA GXE T/A,BLANCO,SEDAN,Liviana,DESINCORPORADO,FUERA DE SERVICIO,RECURSOS HUMANOS,TRANSPORTE TERRESTRE,,,,
18760,VCB93G,3N1CB51DX5L533492,NISSAN,SENTRA GXE T/A,BLANCO,SEDAN,Liviana,DESINCORPORADO,FUERA DE SERVICIO,DIVISIÓN LAGO,TRANSPORTE TERRESTRE,,,,
18813,DBU94B,3N1EB31S96K313523,NISSAN,SENTRA CLASICO SINC.,MADERA OSCURO,SEDAN,Liviana,DESINCORPORADO,FUERA DE SERVICIO,SERVICIOS ELECTRICOS,TRANSPORTE TERRESTRE,,,,
18830,VCN36D,KNMC4C2HM7P624907,NISSAN,ALMERA B-10,BEIGE INTENSO,SEDAN,Liviana,DESINCORPORADO,FUERA DE SERVICIO,TRANSPORTE TERRESTRE,TRANSPORTE TERRESTRE,,,,
18835,VCN34C,KNMC4C2HM7P625053,NISSAN,ALMERA B-10,AZUL INDIGO,SEDAN,Liviana,DESINCORPORADO,FUERA DE SERVICIO,GOIP,TRANSPORTE TERRESTRE,,,,
18869,VCN48C,KNMC4C2HM7P626537,NISSAN,ALMERA B-10,AZUL ZAFIRO,SEDAN,Liviana,DESINCORPORADO,FUERA DE SERVICIO,FINANZAS,TRANSPORTE TERRESTRE,,,,
18871,VCN37B,KNMC4C2HM7P625310,NISSAN,ALMERA B-10,BEIGE INTENSO,SEDAN,Liviana,DESINCORPORADO,FUERA DE SERVICIO,TRANSPORTE TERRESTRE,TRANSPORTE TERRESTRE,,,,
18872,VCN46B,KNMC4C2HM7P626443,NISSAN,ALMERA B-10,AZUL ZAFIRO,SEDAN,Liviana,DESINCORPORADO,FUERA DE SERVICIO,SERVICIOS LOGISTICOS,TRANSPORTE TERRESTRE,,,,
18882,VCN36C,KNMC4C2HM7P624886,NISSAN,ALMERA SE,BEIGE,SEDAN,Liviana,DESINCORPORADO,FUERA DE SERVICIO,"COL, DIVISIÓN COSTA ORIENTAL DEL LAGO",TRANSPORTE TERRESTRE,,,,
18889,VCN89A,KNMC4C2HM7P626495,NISSAN,ALMERA B-10,PLATA METALICO,SEDAN,Liviana,DESINCORPORADO,FUERA DE SERVICIO,TRANSPORTE TERRESTRE,TRANSPORTE TERRESTRE,,,,
18894,VCN-88B,KNMC4C2HM7P626499,NISSAN,ALMERA B-10,PLATA METALICO,SEDAN,Liviana,DESINCORPORADO,FUERA DE SERVICIO,ASUNTOS JURÍDICOS,TRANSPORTE TERRESTRE,,,,
18910,VCN95C,KNMC4C2HM7P626466,NISSAN,ALMERA B-10,NEGRO METALICO,SEDAN,Liviana,DESINCORPORADO,FUERA DE SERVICIO,GOIP,TRANSPORTE TERRESTRE,,,,
18930,VCT59M,KNMC4C2HM7P632477,NISSAN,ALMERA B-10,PLATA METALICO,SEDAN,Liviana,DESINCORPORADO,FUERA DE SERVICIO,CONTRATACION,TRANSPORTE TERRESTRE,,,,
20000,KBE63R,8YPFDFWKX58A37720,FORD,FOCUS,BLANCO,SEDAN,Liviana,DESINCORPORADO,FUERA DE SERVICIO,SEGURIDAD INTEGRAL (DSI),TRANSPORTE TERRESTRE,,,,
20010,GCJ74T,8YPFDFWK258A37727,FORD,FOCUS,PLATA,SEDAN,Liviana,DESINCORPORADO,FUERA DE SERVICIO,SEGURIDAD INTEGRAL (DSI),TRANSPORTE TERRESTRE,,,,
1952,AC241KB,3N1AB6AP1CL761952,NISSAN,SENTRA,BLANCO,SEDAN,Liviana,EN PROCESO DE DESINCORPORACION,FUERA DE SERVICIO,AUDITORIA INTERNA,TRANSPORTE TERRESTRE,,,,
4067,SIN PLACAS,1FADP3F20DL104067,FORD,FOCUS,GRIS PLOMO,SEDAN,Liviana,EN PROCESO DE DESINCORPORACION,PARADA POR FALLA,GERENCIA GENERAL DEPOCC,TRANSPORTE TERRESTRE,,,,
4312,AD876SV,LVVDC21B2BD409123,CHERY,ORINOCO,PLATA,SEDAN,Liviana,EN PROCESO DE DESINCORPORACION,FUERA DE SERVICIO,TRANSPORTE TERRESTRE,TRANSPORTE TERRESTRE,,,,
6595,AB580RR,3N1AB6AP1CL776595,NISSAN,SENTRA,GRIS,SEDAN,Liviana,EN PROCESO DE DESINCORPORACION,FUERA DE SERVICIO,TRANSPORTE TERRESTRE,TRANSPORTE TERRESTRE,,,,
18008,VBK92D,8XA53AEB122020792,TOYOTA,COROLLA,PLATA,SEDAN,Liviana,EN PROCESO DE DESINCORPORACION,FUERA DE SERVICIO,SALUD,TRANSPORTE TERRESTRE,,,,
18016,VBK78D,8XA53AEB122020901,TOYOTA,COROLLA,PLATA,SEDAN,Liviana,EN PROCESO DE DESINCORPORACION,FUERA DE SERVICIO,SERVICIOS ELECTRICOS,TRANSPORTE TERRESTRE,,,,
18030,VBK66D,8XA53AEB122020979,TOYOTA,COROLLA,PLATA,SEDAN,Liviana,EN PROCESO DE DESINCORPORACION,FUERA DE SERVICIO,SEGURIDAD INTEGRAL (DSI),TRANSPORTE TERRESTRE,,,,
18034,AEC73G,8XA53AEB122021966,TOYOTA,COROLLA,PLATA,SEDAN,Liviana,EN PROCESO DE DESINCORPORACION,FUERA DE SERVICIO,SEGURIDAD INTEGRAL (DSI),TRANSPORTE TERRESTRE,,,,
18036,AEC75G,8XA53AEB122021969,TOYOTA,COROLLA,PLATA,SEDAN,Liviana,EN PROCESO DE DESINCORPORACION,FUERA DE SERVICIO,TRANSPORTE TERRESTRE,TRANSPORTE TERRESTRE,,,,
18706,VBY06A,3N1CB51D65L544660,NISSAN,SENTRA GXE T/A,AZUL ZAFIRO,SEDAN,Liviana,EN PROCESO DE DESINCORPORACION,FUERA DE SERVICIO,GERENCIA REGIONAL DE VIVIENDA,TRANSPORTE TERRESTRE,,,,
18714,VBY14A,3N1CB51D65L529374,NISSAN,SENTRA GXE T/A,NEGRO,SEDAN,Liviana,EN PROCESO DE DESINCORPORACION,FUERA DE SERVICIO,SEGURIDAD INTEGRAL (DSI),TRANSPORTE TERRESTRE,,,,
18723,VBY23A,3N1CB51D25L553493,NISSAN,SENTRA GXE T/A,NEGRO,SEDAN,Liviana,EN PROCESO DE DESINCORPORACION,FUERA DE SERVICIO,GERENCIA REGIONAL DE VIVIENDA,TRANSPORTE TERRESTRE,,,,
18727,VBY27A,3N1CB51DX5L545674,NISSAN,SENTRA GXE T/A,NEGRO,SEDAN,Liviana,EN PROCESO DE DESINCORPORACION,FUERA DE SERVICIO,SERVICIOS LOGISTICOS,TRANSPORTE TERRESTRE,,,,
18736,VBY36A,3N1CB51D05L567263,NISSAN,SENTRA GXE T/A,BLANCO,SEDAN,Liviana,EN PROCESO DE DESINCORPORACION,FUERA DE SERVICIO,SERVICIOS ELECTRICOS,TRANSPORTE TERRESTRE,,,,
18762,VCB95G,3N1CB51DX5L547490,NISSAN,SENTRA GXE T/A,BLANCO,SEDAN,Liviana,EN PROCESO DE DESINCORPORACION,FUERA DE SERVICIO,TRANSPORTE TERRESTRE,TRANSPORTE TERRESTRE,,,,
18767,DBU76A,3N1EB31S66K301827,NISSAN,SENTRA CLASICO SINC.,MADERA OSCURO,SEDAN,Liviana,EN PROCESO DE DESINCORPORACION,FUERA DE SERVICIO,RECURSOS HUMANOS,TRANSPORTE TERRESTRE,,,,
18787,DBU96A,3N1EB31S66K302111,NISSAN,SENTRA CLASICO SINC.,AZUL OSCURO,SEDAN,Liviana,EN PROCESO DE DESINCORPORACION,FUERA DE SERVICIO,RECURSOS HUMANOS,TRANSPORTE TERRESTRE,,,,
18795,DBU95B,3N1EB31S96K302232,NISSAN,SENTRA CLASICO SINC.,PLATA,SEDAN,Liviana,EN PROCESO DE DESINCORPORACION,FUERA DE SERVICIO,TRANSPORTE TERRESTRE,TRANSPORTE TERRESTRE,,,,
18797,DBU78B,3N1EB31SX6K301834,NISSAN,SENTRA CLASICO SINC.,MADERA OSCURO,SEDAN,Liviana,EN PROCESO DE DESINCORPORACION,FUERA DE SERVICIO,SERVICIOS ELECTRICOS,TRANSPORTE TERRESTRE,,,,
18805,DBU86B,3N1EB31S96K312209,NISSAN,SENTRA CLASICO SINC.,MADERA OSCURO,SEDAN,Liviana,EN PROCESO DE DESINCORPORACION,FUERA DE SERVICIO,GOIP,TRANSPORTE TERRESTRE,,,,
18842,VCN44C,KNMC4C2HM7P624962,NISSAN,ALMERA B-10,AZUL INTENSO,SEDAN,Liviana,EN PROCESO DE DESINCORPORACION,FUERA DE SERVICIO,"COL, DIVISIÓN COSTA ORIENTAL DEL LAGO",TRANSPORTE TERRESTRE,,,,
18848,VCN98B,KNMC4C2HM7P625022,NISSAN,ALMERA B-10,BLANCO SOLIDO,SEDAN,Liviana,EN PROCESO DE DESINCORPORACION,FUERA DE SERVICIO,AUDITORIA INTERNA,TRANSPORTE TERRESTRE,,,,
18886,VCN47C,KNMC4C2HM7P626487,NISSAN,ALMERA B-10,AZUL ZAFIRO,SEDAN,Liviana,EN PROCESO DE DESINCORPORACION,FUERA DE SERVICIO,SEGURIDAD INTEGRAL (DSI),TRANSPORTE TERRESTRE,,,,
18907,VCN49D,KNMC4C2HM7P626587,NISSAN,ALMERA B-10,AZUL ZAFIRO,SEDAN,Liviana,EN PROCESO DE DESINCORPORACION,FUERA DE SERVICIO,DIVISIÓN LAGO,TRANSPORTE TERRESTRE,,,,
18909,VCN39D,KNMC4C2HM7P625028,NISSAN,ALMERA B-10,BLANCO PERLADO,SEDAN,Liviana,EN PROCESO DE DESINCORPORACION,FUERA DE SERVICIO,RECURSOS HUMANOS,TRANSPORTE TERRESTRE,,,,
24903,AD857SV,LVVDC21B4BD424903,CHERY,ORINOCO,PLATA,SEDAN,Liviana,EN PROCESO DE DESINCORPORACION,FUERA DE SERVICIO,GERENCIA GENERAL DEPOCC,TRANSPORTE TERRESTRE,,,,
18013,VBK87D,8XA53AEB12202084,TOYOTA,COROLLA,PLATA,SEDAN,Liviana,EN PROCESO DE DESINCORPORACION,FUERA DE SERVICIO,"COL, DIVISIÓN COSTA ORIENTAL DEL LAGO",TRANSPORTE TERRESTRE,,,,
18722,VBY22A,3N1CB51D15L547314,NISSAN,SENTRA GXE T/A,NEGRO,SEDAN,Liviana,EN PROCESO DE DESINCORPORACION,FUERA DE SERVICIO,"COL, DIVISIÓN COSTA ORIENTAL DEL LAGO",TRANSPORTE TERRESTRE,,,,
18896,VCN45B,KNMC4C2HM7P625011,NISSAN,ALMERA B-10,AZUL INTENSO,SEDAN,Liviana,EN PROCESO DE DESINCORPORACION,FUERA DE SERVICIO,"COL, DIVISIÓN COSTA ORIENTAL DEL LAGO",TRANSPORTE TERRESTRE,,,,
18021,VBK70D,8XA53AEB122020959,TOYOTA,COROLLA,PLATA,SEDAN,Liviana,EN PROCESO DE DESINCORPORACION,FUERA DE SERVICIO,COORDINACION OPERACIONAL,TRANSPORTE TERRESTRE,,,,
18741,VBY41A,3N1CB51D25L555972,NISSAN,SENTRA GXE T/A,BLANCO,SEDAN,Liviana,EN PROCESO DE DESINCORPORACION,FUERA DE SERVICIO,"COL, DIVISIÓN COSTA ORIENTAL DEL LAGO",TRANSPORTE TERRESTRE,,,,
18755,VCB88G,3N1CB51D25L565398,NISSAN,SENTRA GXE T/A,BLANCO,SEDAN,Liviana,EN PROCESO DE DESINCORPORACION,FUERA DE SERVICIO,"COL, DIVISIÓN COSTA ORIENTAL DEL LAGO",TRANSPORTE TERRESTRE,,,,
18837,VCN96C,KNMC4C2HM7P626426,NISSAN,ALMERA B-10,NEGRO METALICO,SEDAN,Liviana,EN PROCESO DE DESINCORPORACION,FUERA DE SERVICIO,SEGURIDAD INTEGRAL (DSI),TRANSPORTE TERRESTRE,,,,
18818,IAK11M,3N1EBSX6K319587,NISSAN,SENTRA CLASICO SINC.,BLANCO,SEDAN,Liviana,INOPERATIVA,RECUPERADA DE TALLER AYACUCHO 23-3-24,SEGURIDAD INTEGRAL (DSI),D'ANGELO ALVAREZ,,,,
701652,VCH 97F,8XICK1ASN6Y701652,MITSUBISHI,SIGNO,BEIGE,SEDAN,Liviana,INOPERATIVA,PARADA POR FALLA,DIVISIÓN LAGO,NESTOR RODRIGUEZ,,,,
18864,VCN49B,KNMC4C2HM7P626591,NISSAN,ALMERA B-10,PLATA METALICO,SEDAN,Liviana,OPERATIVA,OPERATIVA,RECURSOS HUMANOS,FLOR LIUZZA,,,,
16847,A38AB0G,8ZCEC14J08V321215,CHEVROLET,SILVERADO,BLANCO,PICK-UP,Liviana,OPERATIVA,OPERATIVA,SERVICIOS ELECTRICOS,OVIEL MEZA,,,,
21241,75FKAR,3FTRF17W57MA25649,FORD,F-150,BLANCO,PICK-UP,Liviana,OPERATIVA,OPERATIVA,SALUD,NORALIS GONZALEZ,,,,
16167,90EMAS,8ZCEC14T11V308187,CHEVROLET,CHEYENNE,BLANCO,PICK-UP,Liviana,OPERATIVA,OPERATIVA,GOIP,JOSE SOLARTE,,,,
286,A73AM4I,3TMJU4GN1DM140286,TOYOTA,TACOMA,GRIS,PICK-UP,Liviana,OPERATIVA,OPERATIVA,COORDINACION OPERACIONAL,CARLOS RINCON,,,,
7212,A51BU2K,1FTMF1CM5CFC17212,FORD,F-150,GRIS OSCURO,PICK-UP,Liviana,OPERATIVA,OPERATIVA,SERVICIOS LOGISTICOS,CARLOS PORTILLO,,,,
5445,A90CD9K,1N6AA0CJ8CN315445,NISSAN,TITAN,BLANCO,PICK-UP,Liviana,OPERATIVA,OPERATIVA,TRANSPORTE TERRESTRE,FRANKLIN ALBARRACIN,,,,
7735,AGF67Y,1GNFK13J77J287735,CHEVROLET,TAHOE,PLATA,PICK-UP,Liviana,INOPERATIVA,PARADA POR FALLA,TRANSPORTE TERRESTRE,WILLIAM RIOS,,,,
1640,A51BU3K,1FTMF1CM2DFA11640,FORD,F-150,BLANCO,PICK-UP,Liviana,OPERATIVA,OPERATIVA,SEGURIDAD INTEGRAL (DSI),ENDER CORDERO,,,,
3898,SIN PLACAS,1N6ADOEV8CC473898,NISSAN,FRONTIER,BLANCO,PICK-UP,Liviana,OPERATIVA,OPERATIVA,AIT,JOSE CHIRINOS,,,,
2332,SIN PLACAS,1N6ADOER4CC472332,NISSAN,FRONTIER,BLANCO,PICK-UP,Liviana,OPERATIVA,ENTREGADO CON CHECK LIFT A GOIP EL DIA 15-01-2024,GOIP,RAFAEL ROSAS,,,,
854,AD118UG,8Y8RI5DT1CG00854,JEEP,CHEROKEE,BLANCO,PICK-UP,Liviana,OPERATIVA,OPERATIVA,DAPOCC,CARLOS CONTRERAS,,,,
8154,SIN PLACAS,3TMJU4GN9CM138154,TOYOTA,TACOMA,BLANCO,PICK-UP,Liviana,OPERATIVA,OPERATIVA,COORDINACION OPERACIONAL,LUIS ZAMBRANO,,,,
16422,72MDAM,8ZCEC14T02V308277,CHEVROLET,CHEYENNE,BLANCO,PICK-UP,Liviana,INOPERATIVA,PARADA POR FALLA,PROYECTOS MAYORES,KEIBY PEREZ,,,,
16600,68XVAT,8ZCEC14T15V307577,CHEVROLET,CHEYENNE,BLANCO,PICK-UP,Liviana,OPERATIVA,OPERATIVA,AIT,JORGE URRIBARRI,,,,
21109,40FKAR,3FTRF17W97MA17344,FORD,F-150,BLANCO,PICK-UP,Liviana,OPERATIVA,OPERATIVA,SEGURIDAD INTEGRAL (DSI),JESUS VIELMA,,,,
7439,SIN PLACAS,1FTMF1CMXCFB27439,FORD,F-150,BLANCO,PICK-UP,Liviana,OPERATIVA,OPERATIVA,COORDINACION OPERACIONAL,MAURICIO ROSALES,,,,
6989,SIN PLACAS,1FTMF1CM2CFB36989,FORD,F-150,BLANCO,PICK-UP,Liviana,EN PROCESO DE DESINCORPORACION,FUERA DE SERVICIO,COORDINACION OPERACIONAL,TRANSPORTE TERRESTRE,,,,
8810,GEE27B,8XDEU748688A38810,FORD,EXPLORER,NEGRA,PICK-UP,Liviana,EN PROCESO DE DESINCORPORACION,FUERA DE SERVICIO,GERENCIA GENERAL DEPOCC,TRANSPORTE TERRESTRE,,,,
8962,33MVAC,AJF1VP39312,FORD,F-150,BLANCO,PICK-UP,Liviana,EN PROCESO DE DESINCORPORACION,FUERA DE SERVICIO,TRANSPORTE TERRESTRE,TRANSPORTE TERRESTRE,,,,
16299,SIN PLACAS,8ZCEC14T61V309173,CHEVROLET,CHEYENNE,BLANCO,PICK-UP,Liviana,EN PROCESO DE DESINCORPORACION,FUERA DE SERVICIO,AIT,TRANSPORTE TERRESTRE,,,,
16344,SIN PLACAS,8ZCEC14T81V313942,CHEVROLET,CHEYENNE,BLANCO,PICK-UP,Liviana,EN PROCESO DE DESINCORPORACION,FUERA DE SERVICIO,COORDINACION OPERACIONAL,TRANSPORTE TERRESTRE,,,,
16382,SIN PLACAS,8ZCEC14T51V316308,CHEVROLET,CHEYENNE,BLANCO,PICK-UP,Liviana,EN PROCESO DE DESINCORPORACION,FUERA DE SERVICIO,SERVICIOS LOGISTICOS,TRANSPORTE TERRESTRE,,,,
16501,36LDAM,8ZCEC14T32V309469,CHEVROLET,CHEYENNE,BLANCO,PICK-UP,Liviana,DESINCORPORADO,FUERA DE SERVICIO,COORDINACION OPERACIONAL,TRANSPORTE TERRESTRE,,,,
16526,52LDAM,8ZCEC14T02V309901,CHEVROLET,CHEYENNE,BLANCO,PICK-UP,Liviana,OPERATIVA,OPERATIVA,TRANSPORTE TERRESTRE,GUILLERMO MUJICA,,,,
16633,58CGAX,8ZCEC14T35V311761,CHEVROLET,CHEYENNE,BLANCO,PICK-UP,Liviana,OPERATIVA,OPERATIVA,COORDINACION OPERACIONAL,KETERIN MATERANO,,,,
16644,66CGAX,8ZCEC14T85V312081,CHEVROLET,CHEYENNE,BLANCO,PICK-UP,Liviana,EN PROCESO DE DESINCORPORACION,FUERA DE SERVICIO,GOIP,TRANSPORTE TERRESTRE,,,,
16645,63CGAX,8ZCEC14TX5V312065,CHEVROLET,CHEYENNE,BLANCO,PICK-UP,Liviana,DESINCORPORADO,FUERA DE SERVICIO,COORDINACION OPERACIONAL,TRANSPORTE TERRESTRE,,,,
757,A32AJ3V,8ZCNCRE00BV316253,CHEVROLET,SILVERADO,BLANCO,PICK-UP,Liviana,OPERATIVA,OPERATIVA,SERVICIOS LOGISTICOS,DOUGLAS FERNANDEZ,,,,
266,SIN PLACAS,1GC0CVCG1DF140266,CHEVROLET,SILVERADO,BLANCO,PICK-UP,Liviana,OPERATIVA,OPERATIVA,DIVISIÓN SUR DEL LAGO TRUJILLO,DSLT,,,,
726,SIN PLACAS,1FTMF1CM9CFC60726,FORD,F-150,BLANCO,PICK-UP,Liviana,INOPERATIVA,PARADA POR FALLA,COORDINACION OPERACIONAL,ALEXIS RAGA,,,,
778,A49AK7V,8ZCNCRE08BV323760,CHEVROLET,SILVERADO,BLANCO,PICK-UP,Liviana,OPERATIVA,OPERATIVA,SALUD,DIRECTOR DEL COROMOTO,,,,
787,A85AI4A,8ZCNCRE00BV339404,CHEVROLET,SILVERADO,BLANCO,PICK-UP,Liviana,OPERATIVA,OPERATIVA,TRANSPORTE TERRESTRE,JOSE RAMIREZ,,,,
804,A84AI4A,8ZCNCRE04BV339454,CHEVROLET,SILVERADO,BLANCO,PICK-UP,Liviana,OPERATIVA,OPERATIVA,SERVICIOS ELECTRICOS,ORLENKYS VERA,,,,
881,SIN PLACAS,1FTMF1CM5CFC70881,FORD,F-150,BLANCO,PICK-UP,Liviana,INOPERATIVA,PARADA POR FALLA,SEGURIDAD INTEGRAL (DSI),AIROBIT AVILA,,,,
1061,SIN PLACAS,1N6AD0ERXCC461061,NISSAN,FRONTIER,GRIS,PICK-UP,Liviana,OPERATIVA,OPERATIVA,PETROLERA SINO VENEZOLANA,ALBERTO PEREZ,,,,
1983,A85AS8C,1GC0CVCG1DF141983,CHEVROLET,SILVERADO,BLANCO,PICK-UP,Liviana,OPERATIVA,OPERATIVA,SEGURIDAD INTEGRAL (DSI),GUSTAVO LARREAL,,,,
72189,AL000DA,1N6AD0EV7CC472189,NISSAN,FRONTIER,BLANCO,PICK-UP,Liviana,OPERATIVA,OPERATIVA,AIT,YHOJANA NAVARRO,,,,
2194,A50BU9K,1N6BAOEC2CN322194,NISSAN,TITAN,BLANCO,PICK-UP,Liviana,OPERATIVA,OPERATIVA,SEGURIDAD INTEGRAL (DSI),HERNAN PINEDA,,,,
2374,SIN PLACAS,1N6ADOER3CC462374,NISSAN,FRONTIER,BLANCO,PICK-UP,Liviana,INOPERATIVA,PARADA POR FALLA,TRANSPORTE TERRESTRE,DEXCYBEL SALAZAR,,,,
2441,A73AM1I,1N6ADOEV6CC442441,NISSAN,FRONTIER,GRIS,PICK-UP,Liviana,OPERATIVA,OPERATIVA,SERVICIOS ELECTRICOS,ENDER PACHECO,,,,
2825,AA500XF,8XDEU7582B8A12825,FORD,EXPLORER,AZUL,PICK-UP,Liviana,OPERATIVA,OPERATIVA,PROYECTOS MAYORES,EDWARD GUTIERREZ,,,,
4516,SIN PLACAS,1N6AD0EV5CC454516,NISSAN,FRONTIER,GRIS OSCURO,PICK-UP,Liviana,INOPERATIVA,POR CERTIFICAR FALLA,SEGURIDAD INTEGRAL (DSI),ROBER MENDOZA,,,,
4723,A74AM3I,1N6BAOEC6CN304723,NISSAN,TITAN,BLANCO,PICK-UP,Liviana,OPERATIVA,OPERATIVA,DIVISIÓN LAGO,GABRIEL CLIMASTONE,,,,
7790,A73AM71,1GCOCVCG0CF147790,CHEVROLET,SILVERADO,BLANCO,PICK-UP,Liviana,OPERATIVA,OPERATIVA,GOIP,PEDRO HERNANDEZ,,,,
8550,SIN PLACAS,1N6AD0ERXCC458550,NISSAN,FRONTIER,GRIS,PICK-UP,Liviana,OPERATIVA,OPERATIVA,CONFIABILIDAD OPERACIONAL,RAFAEL PEREZ,,,,
16171,51WMAO,8ZCEC14T91V308258,CHEVROLET,CHEYENNE,BLANCO,PICK-UP,Liviana,OPERATIVA,OPERATIVA,BARIVEN,DAVID VELASQUEZ,,,,
3633,A62AV0V,8ZCPSSCZ1BV403633,CHEVROLET,LUV DMAX,BLANCO,PICK-UP,Liviana,OPERATIVA,OPERATIVA,BARIVEN,MAIKOL SANDREA,,,,
6938,AF933LV,POR CERTIFICAR,FORD,EXPLORER,S/I,PICK-UP,Liviana,OPERATIVA,OPERATIVA,DEPOCC,DEPOCC,,,,
16371,30NAAW,8ZCEC14T41V316025,CHEVROLET,CHEYENNE,BLANCO,PICK-UP,Liviana,OPERATIVA,OPERATIVA,COORDINACION OPERACIONAL,ALCIDES ESCOBAR,,,,
16561,SIN PLACAS,8ZCEC14T72V309863,CHEVROLET,CHEYENNE,BLANCO,PICK-UP,Liviana,INOPERATIVA,PARADA POR FALLA,SEGURIDAD INTEGRAL (DSI),DSI,,,,
A93AO5E,A93AO5E,8ZCEK14T25V309860,CHEVROLET,SILVERADO,GRIS,PICK-UP,Liviana,OPERATIVA,OPERATIVA,SEGURIDAD INTEGRAL (DSI),FRANCISCO BRICEÑO,,,,
16682,88IABI,8ZCEC14T15V313377,CHEVROLET,CHEYENNE,BLANCO,PICK-UP,Liviana,INOPERATIVA,PARADA POR FALLA,RELACIONES GUBERNAMENTALES PROPIEDADES Y CATASTRO,ORAIMA PAZ,,,,
16810,40XABN,8ZCEC14T47V330497,CHEVROLET,CHEYENNE,BLANCO,PICK-UP,Liviana,OPERATIVA,OPERATIVA,MPETROLEO,ALEXI TROCONIS,,,,
16822,42GXAC,1GCEC14J27Z628413,CHEVROLET,SILVERADO,BLANCO,PICK-UP,Liviana,OPERATIVA,OPERATIVA,"OCC, DIVISIÓN COSTA OCCIDENTAL",RAMIRO RINCON,,,,
16112,71PAAV,8ZCEC14T41V308135,CHEVROLET,CHEYENNE,BLANCO,PICK-UP,Liviana,OPERATIVA,OPERATIVA,SERVICIOS LOGISTICOS,WILMER FERNANDEZ,,,,
21101,37FKAR,3FTRF17W37MA17355,FORD,F-150,BLANCO,PICK-UP,Liviana,OPERATIVA,OPERATIVA,MPETROLEO,MPETROLEO,,,,
21240,87FKAR,3FTRF17W27MA25558,FORD,F-150,BLANCO,PICK-UP,Liviana,INOPERATIVA,PARADA POR FALLA,PETROPERIJA,JANETH MORALES,,,,
21277,SIN PLACAS,1N6BAOCH9CN315570,NISSAN,TITAN,BLANCO,PICK-UP,Liviana,A DESINCORPORAR,FUERA DE SERVICIO,GOIP,EDWIN ESTRADA,,,,
21809,03UVAT,JN1CNUD225X451369,NISSAN,FRONTIER,BLANCO,PICK-UP,Liviana,OPERATIVA,OPERATIVA,SERVICIOS ELECTRICOS,CARLOS MORALES,,,,
21840,61TVAT,JN1CNUD225A714204,NISSAN,FRONTIER,BLANCO,PICK-UP,Liviana,INOPERATIVA,PARADA POR FALLA,DIRECCION EJECUTIVA DE EXPLORACION Y EEII DE YACIMIENTOS(DEXEIY),FREDDY VARGAS,,,,
21884,96IVAU,JN1CNUD225X451299,NISSAN,FRONTIER,BLANCO,PICK-UP,Liviana,INOPERATIVA,PARADA POR FALLA,TRANSPORTE TERRESTRE,ALIRIO GODOY,,,,
36,A86BU4K,1N6BAOEC7CN330036,NISSAN,TITAN,BLANCO,PICK-UP,Liviana,INOPERATIVA,PARADA POR FALLA,SEGURIDAD INTEGRAL (DSI),MANUEL DIAZ,,,,
7103,A20BF2K,8YTSF2A62B8A47103,FORD,F-250,BLANCO,PICK-UP,Liviana,OPERATIVA,OPERATIVA,BARIVEN,JUAN VILLA,,,,
50791,SIN PLACAS,1GC0CVCG6CF150791,CHEVROLET,SILVERADO,BLANCO,PICK-UP,Liviana,INOPERATIVA,PARADA POR FALLA,BARIVEN,ROSA ALDANA,,,,
470798,SIN PLACAS,1N6AD0EVOCC470798,NISSAN,FRONTIER,GRIS,PICK-UP,Liviana,OPERATIVA,OPERATIVA,SERVICIOS ELECTRICOS,GUSTAVO CHACIN,,,,
1601,A96AZ7N,LJNTGUC31MN401601,DONGFENG,RICH 6,BLANCO,PICK-UP,Liviana,OPERATIVA,OPERATIVA,COORDINACION OPERACIONAL,EDDIE ROSALES,,,,
1636,A95AZ0N,LJNTGUC39MN401636,DONGFENG,RICH 6,BLANCO,PICK-UP,Liviana,INOPERATIVA,PARADA POR FALLA,COORDINACION OPERACIONAL,JULIO VALERA,,,,
1760,A96AZ5N,LJNTGUC3XMN401760,DONGFENG,RICH 6,BLANCO,PICK-UP,Liviana,INOPERATIVA,PARADA POR FALLA,TALLERES CENTRALES,CARLOS VILLALOBOS,,,,
2319,A74AM9I,1FTMF1CM7CFC82319,FORD,F-150,BLANCO,PICK-UP,Liviana,INOPERATIVA,PARADA POR FALLA,GOIP,EURO VILLALOBOS,,,,
2138,SIN PLACAS,1FTMF1CM6CFB62138,FORD,F-150,BLANCO,PICK-UP,Liviana,INOPERATIVA,PARADA POR FALLA,"COL, DIVISIÓN COSTA ORIENTAL DEL LAGO",IVAN PINO,,,,
16621,57ZVAT,8ZCEC14T55V311740,CHEVROLET,CHEYENNE,BLANCO,PICK-UP,Liviana,OPERATIVA,OPERATIVA,"COL, DIVISIÓN COSTA ORIENTAL DEL LAGO",ENDRY GARCIA,,,,
16717,12JABI,8ZCEC14T15V314478,CHEVROLET,CHEYENNE,BLANCO,PICK-UP,Liviana,OPERATIVA,OPERATIVA,SEGURIDAD INDUSTRIAL E HIGIENE OCUPACIONAL,KERVIN ROMERO,,,,
16787,67HCAD,8ZCEC14TX7V315602,CHEVROLET,CHEYENNE,BLANCO,PICK-UP,Liviana,INOPERATIVA,PARADA POR FALLA,"COL, DIVISIÓN COSTA ORIENTAL DEL LAGO",EDGAR BRICEÑO,,,,
763,A32AJ8V,8ZCNCRE05BV316135,CHEVROLET,SILVERADO,BLANCO,PICK-UP,Liviana,INOPERATIVA,INOPERATIVA,SEGURIDAD INTEGRAL (DSI),WILLIAN CARDOZO,,,,
368,A86AS1C,1GC0CVCG9DF140368,CHEVROLET,SILVERADO,BLANCO,PICK-UP,Liviana,INOPERATIVA,PARADA POR FALLA,"COL, DIVISIÓN COSTA ORIENTAL DEL LAGO",CARLOS URBINA,,,,
2826,SIN PLACAS,1FTMF1CM5CKD92826,FORD,F-150,BLANCO,PICK-UP,Liviana,OPERATIVA,OPERATIVA,"COL, DIVISIÓN COSTA ORIENTAL DEL LAGO",EDUARDO PORTILLO,,,,
7207,A72AM4I,3TMJU4GNXCM137207,TOYOTA,TACOMA,GRIS,PICK-UP,Liviana,OPERATIVA,OPERATIVA,"COL, DIVISIÓN COSTA ORIENTAL DEL LAGO",ALEXIS MAVAREZ,,,,
16495,15MDAM,8ZCEC14T22V306594,CHEVROLET,CHEYENNE,BLANCO,PICK-UP,Liviana,OPERATIVA,OPERATIVA,"COL, DIVISIÓN COSTA ORIENTAL DEL LAGO",FRANKLIN VERGARA,,,,
16649,69CGAX,8ZCEC14T35V312084,CHEVROLET,CHEYENNE,BLANCO,PICK-UP,Liviana,INOPERATIVA,PARADA POR FALLA,"COL, DIVISIÓN COSTA ORIENTAL DEL LAGO",EDIUVER RIOS,,,,
9447,A89AI3A,8ZCNCRE07BV339447,CHEVROLET,SILVERADO,BLANCO,PICK-UP,Liviana,OPERATIVA,OPERATIVA,DIVISIÓN LAGO,ALBERTO ACOSTA,,,,
16624,44ZVAT,8ZCEC14T25V311573,CHEVROLET,CHEYENNE,BLANCO,PICK-UP,Liviana,OPERATIVA,OPERATIVA,SEGURIDAD INTEGRAL (DSI),ALEXANDER DELGADO,,,,
12001,72JVAU,JN1CNUD225A714369,NISSAN,DOBLE CABINA,BLANCO,PICK-UP,Liviana,INOPERATIVA,PARADA POR FALLA,DIVISIÓN LAGO,DOUGLAS GARCIA,,,,
16670,61IABI,8ZCEC14T95V313661,CHEVROLET,CHEYENNE,BLANCO,PICK-UP,Liviana,OPERATIVA,OPERATIVA,DIVISIÓN SUR DEL LAGO TRUJILLO,MANUEL CHOURIO,,,,
11425,A72AM2I,1FTMF1CM9CFB36987,FORD,F-150,BLANCO,PICK-UP,Liviana,OPERATIVA,OPERATIVA,DIVISIÓN SUR DEL LAGO TRUJILLO,HENRY LEAL,,,,
3263,A85AS4C,5TFLU4EN6DX053263,TOYOTA,TACOMA,GRIS,PICK-UP,Liviana,OPERATIVA,OPERATIVA,DIVISIÓN SUR DEL LAGO TRUJILLO,JORGE PAREDES,,,,
3811,SIN PLACAS,1GCOCVCG4CF103811,CHEVROLET,SILVERADO,BLANCO,PICK-UP,Liviana,OPERATIVA,OPERATIVA,PETROPERIJA,JANETH MORALES,,,,
7549,SIN PLACAS,1N6AD0ER4CC467549,NISSAN,FRONTIER,BLANCO,PICK-UP,Liviana,OPERATIVA,OPERATIVA,DIVISIÓN SUR DEL LAGO TRUJILLO,DERWY COLMENARES,,,,
16460,62KDAM,8ZCEC14T42V309061,CHEVROLET,CHEYENNE,BLANCO,PICK-UP,Liviana,OPERATIVA,OPERATIVA,DIVISIÓN SUR DEL LAGO TRUJILLO,RICHARD ARRAIZ,,,,
16617,49ZVAT,8ZCEC14T05V311653,CHEVROLET,CHEYENNE,BLANCO,PICK-UP,Liviana,INOPERATIVA,PARADA POR FALLA,DIVISIÓN SUR DEL LAGO TRUJILLO,MONTANA TEWALKY,,,,
16806,07ICAD,8ZCEC14T87V315825,CHEVROLET,CHEYENNE,BLANCO,PICK-UP,Liviana,OPERATIVA,OPERATIVA,DIVISIÓN SUR DEL LAGO TRUJILLO,JEAN SANCHEZ,,,,
16831,99VBAR,1GCEC14J77Z628214,CHEVROLET,SILVERADO,BLANCO,PICK-UP,Liviana,OPERATIVA,OPERATIVA,DIVISIÓN SUR DEL LAGO TRUJILLO,ANGEL ACOSTA,,,,
21092,68HKAP,3FTRF17W97MA05727,FORD,F-150,BLANCO,PICK-UP,Liviana,OPERATIVA,OPERATIVA,DIVISIÓN SUR DEL LAGO TRUJILLO,RICHARD ARRAIZ,,,,
24187,SIN PLACAS,1N6AA0CCOCN324187,NISSAN,TITAN,BLANCO,PICK-UP,Liviana,OPERATIVA,OPERATIVA,DIVISIÓN SUR DEL LAGO TRUJILLO,ROGER MONTES,,,,
60529,SIN PLACAS,1N6AD0ER7CC460529,NISSAN,F-150,BLANCO,PICK-UP,Liviana,OPERATIVA,OPERATIVA,DIVISIÓN SUR DEL LAGO TRUJILLO,DEGLIS YEPEZ,,,,
65366,A85AS2C,1N6AD0ED1CC465366,NISSAN,FRONTIER,BLANCO,PICK-UP,Liviana,OPERATIVA,OPERATIVA,DIVISIÓN SUR DEL LAGO TRUJILLO,DANILO GARCIA,,,,
68363,SIN PLACAS,1N6AD0EVXCC468363,NISSAN,FRONTIER,BLANCO,PICK-UP,Liviana,OPERATIVA,OPERATIVA,DIVISIÓN SUR DEL LAGO TRUJILLO,RICHARD ARRAIZ,,,,
16703,89IABI,8ZCEC14T35V314109,CHEVROLET,CHEYENNE,BLANCO,PICK-UP,Liviana,OPERATIVA,OPERATIVA,"OCC, DIVISIÓN COSTA OCCIDENTAL",LARKIN CABRERA,,,,
6233,A11BAON,MR0DX9CD0N2646233,TOYOTA,HILUX,BLANCO,PICK-UP,Liviana,OPERATIVA,OPERATIVA,SEGURIDAD INTEGRAL (DSI),ERISMAR PEROZO,,,,
6476,A03BA5N,MR0DX9CD4N2646476,TOYOTA,HILUX,BLANCO,PICK-UP,Liviana,OPERATIVA,OPERATIVA,COORDINACION OPERACIONAL,CLEORANNYS RODRIGUEZ,,,,
6682,A10BA5N,MR0DX9CD7N2646682,TOYOTA,HILUX,BLANCO,PICK-UP,Liviana,OPERATIVA,OPERATIVA,COORDINACION OPERACIONAL,LUIS CARIDAD,,,,
6644,A01BA4N,MR0DX9CDXN2646644,TOYOTA,HILUX,BLANCO,PICK-UP,Liviana,INOPERATIVA,PARADA POR FALLA,COORDINACION OPERACIONAL,KATERIN MATERANO,,,,
6337,A02BA1N,MR0DX9CD1N2646337,TOYOTA,HILUX,BLANCO,PICK-UP,Liviana,OPERATIVA,OPERATIVA,SERVICIOS ELECTRICOS,JOSE CASTILLO,,,,
6444,A15BA7N,MR0DX9CD2N2646444,TOYOTA,HILUX,BLANCO,PICK-UP,Liviana,OPERATIVA,OPERATIVA,SERVICIOS LOGISTICOS,EGLEISYS MARTINEZ,,,,
6217,A02BA8N,MR0DX9CD2N2646217,TOYOTA,HILUX,BLANCO,PICK-UP,Liviana,OPERATIVA,OPERATIVA,SERVICIOS ELECTRICOS,RIGOBERTO VALERO,,,,
6652,A01BA7N,MR0DX9CD9N2646652,TOYOTA,HILUX,BLANCO,PICK-UP,Liviana,OPERATIVA,OPERATIVA,GOIP,DIXON PIRELA,,,,
A63A09V,A63A09V,8ZCPSSCZ0BV405626,CHEVROLET,LUV DMAX,BLANCO,PICK-UP,Liviana,INOPERATIVA,PARADA POR FALLA,BARIVEN,PAUL HERNANDEZ,,,,
5292,A73AM0I,3TMLU4EN3DM105292,TOYOTA,TACOMA,GRIS OSCURO,PICK-UP,Liviana,OPERATIVA,OPERATIVA,SEGURIDAD INTEGRAL (DSI),JESUS VIELMA,,,,
7363,AO2AL40,LSCBBZ2T9MG697363,CHANGAN,KAICENE F70 4X4,BLANCO,PICK-UP,Liviana,OPERATIVA,OPERATIVA,GOIP,ROY PACHECO,,,,
7324,A44BD7J,LSCBBZ2TXMG697324,CHANGAN,KAICENE F70 4X4,BLANCO,PICK-UP,Liviana,OPERATIVA,OPERATIVA,RECURSOS HUMANOS,ILIANA PEROZO,,,,
7422,A02AL3O,LSCBBZ2TXMG697422,CHANGAN,KAICENE F70 4X4,BLANCO,PICK-UP,Liviana,OPERATIVA,OPERATIVA,GOIP,JANDER DELGADO,,,,
7433,A13DF9S,LSCBBZ2T4MG697433,CHANGAN,KAICENE F70 4X4,BLANCO,PICK-UP,Liviana,OPERATIVA,OPERATIVA,RECURSOS HUMANOS,ILEANA PEROZO,,,,
7418,A47AU2T,LSCBBZ2T8MG697418,CHANGAN,KAICENE F70 4X4,BLANCO,PICK-UP,Liviana,INOPERATIVA,PARADA POR FALLA,SEGURIDAD INTEGRAL (DSI),RICHARD BELISARIO,,,,
7428,A45AU9T,LSCBBZ2T0MG697428,CHANGAN,KAICENE F70 4X4,BLANCO,PICK-UP,Liviana,INOPERATIVA,PARADA POR FALLA,COORDINACION OPERACIONAL,JUAN SILVA,,,,
7320,A13DF2S,LSCBBZ2T2MG697320,CHANGAN,KAICENE F70 4X4,BLANCO,PICK-UP,Liviana,OPERATIVA,OPERATIVA,GOIP,IMMER DATICA,,,,
7314,A02AL80,LSCBBZ2T7MG697314,CHANGAN,KAICENE F70 4X4,BLANCO,PICK-UP,Liviana,INOPERATIVA,PARADA POR FALLA,SERVICIOS ELECTRICOS,HUGO JIMENEZ,,,,
7296,A13DF7S,LSCBBZ2T9MG697296,CHANGAN,KAICENE F70 4X4,BLANCO,PICK-UP,Liviana,OPERATIVA,OPERATIVA,SEGURIDAD INDUSTRIAL E HIGIENE OCUPACIONAL,KEMIL CHACIN,,,,
7290,A36BA2N,LSCBBZ2T8MG697290,CHANGAN,KAICENE F70 4X4,BLANCO,PICK-UP,Liviana,OPERATIVA,OPERATIVA,SERVICIOS LOGISTICOS,JESUS BARRIOS,,,,
7432,A36BA5N,LSCBBZ2T2MG697432,CHANGAN,KAICENE F70 4X4,BLANCO,PICK-UP,Liviana,OPERATIVA,OPERATIVA,GOIP,DANILO CASTILLO,,,,
7310,A37BA0N,LSCBBZ2TXMG697310,CHANGAN,KAICENE F70 4X4,BLANCO,PICK-UP,Liviana,OPERATIVA,OPERATIVA,ASUNTOS PUBLICOS,EDILIO LOPEZ,,,,
7346,A36BA1N,LSCBBZ2T9MG697346,CHANGAN,KAICENE F70 4X4,BLANCO,PICK-UP,Liviana,OPERATIVA,OPERATIVA,COORDINACION OPERACIONAL,JULIO VALERA,,,,
7419,A13DF4S,LSCBBZ2TXMG697419,CHANGAN,KAICENE F70 4X4,BLANCO,PICK-UP,Liviana,OPERATIVA,OPERATIVA,MPETROLEO,CARLOS RIVAS,,,,
7421,A13DF8S,LSCBBZ2T8MG697421,CHANGAN,KAICENE F70 4X4,BLANCO,PICK-UP,Liviana,OPERATIVA,OPERATIVA,MPETROLEO,CARLOS RIVAS,,,,
2447,A56ED0G,LSCBBZ2T0NG602447,CHANGAN,KAICENE F70 4X4,BLANCO,PICK-UP,Liviana,OPERATIVA,OPERATIVA,SERVICIOS ELECTRICOS,ANIBAL SAEZ,,,,
602266,A56ED4G,LSCBBZ2T7NG602266,CHANGAN,KAICENE F70 4X4,BLANCO,PICK-UP,Liviana,OPERATIVA,OPERATIVA,SERVICIOS ELECTRICOS,OSMAN REYES,,,,
2432,A56ED8G,LSCBBZ2T9NG602432,CHANGAN,KAICENE F70 4X4,BLANCO,PICK-UP,Liviana,OPERATIVA,OPERATIVA,SEGURIDAD INTEGRAL (DSI),CARLOS BARRIOS,,,,
2435,A57ED4G,LSCBBZ2T4NG602435,CHANGAN,KAICENE F70 4X4,BLANCO,PICK-UP,Liviana,OPERATIVA,OPERATIVA,SEGURIDAD INTEGRAL (DSI),LUIS BUSTAMANTE,,,,
2401,A24AC9X,LSCBBZ2T9NG602401,CHANGAN,KAICENE F70 4X4,BLANCO,PICK-UP,Liviana,INOPERATIVA,PARADA POR FALLA,ASUNTOS JURÍDICOS,MIGUEL RAMOS,,,,
2425,A25AC7X,LSCBBZ2T1NG602425,CHANGAN,KAICENE F70 4X4,BLANCO,PICK-UP,Liviana,OPERATIVA,OPERATIVA,COORDINACION OPERACIONAL,CARLOS BALLESTEROS,,,,
2403,A56ED2G,LSCBBZ2T2NG602403,CHANGAN,KAICENE F70 4X4,BLANCO,PICK-UP,Liviana,OPERATIVA,OPERATIVA,COORDINACION OPERACIONAL,JOSE BOADA,,,,
2378,A56ED5G,LSCBBZ2T7NG602378,CHANGAN,KAICENE F70 4X4,BLANCO,PICK-UP,Liviana,OPERATIVA,OPERATIVA,SERVICIOS LOGISTICOS,YORVY GARCIA,,,,
7287,A33BA5N,LSCBBZ2T8MG697287,CHANGAN,KAICENE F70 4X4,BLANCO,PICK-UP,Liviana,OPERATIVA,OPERATIVA,DIVISIÓN SUR DEL LAGO TRUJILLO,ANTONIO CONTRERAS,,,,
2411,A57ED7G,LSCBBZ2T1NG602411,CHANGAN,KAICENE F70 4X4,BLANCO,PICK-UP,Liviana,OPERATIVA,OPERATIVA,DIVISIÓN LAGO,CARLOS CONTRERAS,,,,
7332,A29BA6N,LSCBBZ2T9MG697332,CHANGAN,KAICENE F70 4X4,BLANCO,PICK-UP,Liviana,INOPERATIVA,PARADA POR FALLA,"COL, DIVISIÓN COSTA ORIENTAL DEL LAGO",FRANCISCO SUAREZ,,,,
2265,A25AC1X,LSCBBZ2T5NG602265,CHANGAN,KAICENE F70 4X4,BLANCO,PICK-UP,Liviana,OPERATIVA,OPERATIVA,DIVISIÓN SUR DEL LAGO TRUJILLO,DANILO FERNANDEZ,,,,
2442,A58ED0G,LSCBBZ2T1NG602442,CHANGAN,KAICENE F70 4X4,BLANCO,PICK-UP,Liviana,OPERATIVA,OPERATIVA,"OCC, DIVISIÓN COSTA OCCIDENTAL",LUIS MARCANO,,,,
2272,A56ED9G,LSCBBZ2T2NG602272,CHANGAN,KAICENE F70 4X4,BLANCO,PICK-UP,Liviana,OPERATIVA,OPERATIVA,MPETROLEO,DIRECTOR MPETROLEO DR REGIÓN ZONA CENTRAL,,,,
2412,A57ED1G,LSCBBZ2T3NG602412,CHANGAN,KAICENE F70 4X4,BLANCO,PICK-UP,Liviana,OPERATIVA,OPERATIVA,MPETROLEO,DIRECTOR MPETROLEO DR REGIÓN ZONA CENTRAL,,,,
2438,A57ED8G,LSCBBZ2TXNG602438,CHANGAN,KAICENE F70 4X4,BLANCO,PICK-UP,Liviana,OPERATIVA,OPERATIVA,MPETROLEO,DOUYMARYS RODRIGUEZ,,,,
2394,A26AC1X,LSCBBZ2T5NG602394,CHANGAN,KAICENE F70 4X4,BLANCO,PICK-UP,Liviana,OPERATIVA,OPERATIVA,MPETROLEO,DIRECTOR MPETROLERO DR FALCON,,,,
2414,A59DE6S,LSCBBZ2T7NG602414,CHANGAN,KAICENE F70 4X4,BLANCO,PICK-UP,Liviana,OPERATIVA,OPERATIVA,MPETROLEO,JOSE LUIS PALACIOS,,,,
2388,A60DE0S,LSCBBZ2TXNG602388,CHANGAN,KAICENE F70 4X4,BLANCO,PICK-UP,Liviana,OPERATIVA,OPERATIVA,MPETROLEO,JOSE LUIS PALACIOS,,,,
2389,A60DE1S,LSCBBZ2T1NG602389,CHANGAN,KAICENE F70 4X4,BLANCO,PICK-UP,Liviana,OPERATIVA,CHOCADA,MPETROLEO,JOSE LUIS PALACIOS,,,,
2427,A25AC5X,LSCBBZ2T5NG602427,CHANGAN,KAICENE F70 4X4,BLANCO,PICK-UP,Liviana,OPERATIVA,OPERATIVA,MPETROLEO,JOSE LUIS PALACIOS,,,,
9857,A28BA4N,UNTGUC56MN229857,DONGFENG,RICH 6,BLANCO,PICK-UP,Liviana,INOPERATIVA,PARADA POR FALLA,SERVICIOS ELECTRICOS,JESUS RANGEL,,,,
9180,SIN PLACAS,1N6B0EJ5CN319180,NISSAN,TITAN,BLANCO,PICK-UP,Liviana,INOPERATIVA,PARADA POR FALLA,GOIP,ASTELIO SARACHE,,,,
3075,A41D05K,MR0AX8CD1N4483075,TOYOTA,HILUX,NEGRO,PICK-UP,Liviana,OPERATIVA,DIV.LAGO,DIVISIÓN LAGO,ALBERTO CARRILLO,,,,
243,A41D04K,MR0AX8CD1N4440243,TOYOTA,HILUX,NEGRO,PICK-UP,Liviana,OPERATIVA,OPERATIVA,COORDINACION OPERACIONAL,FERNANDO CASTEJON,,,,
2421,A24AC8X,LSCBBZ2T4NG602421,CHANGAN,KAICENE F70 4X4,BLANCO,PICK-UP,Liviana,OPERATIVA,OPERATIVA,DIVISIÓN LAGO,NELSON CASTRO,,,,
3511,SIN PLACAS,STFLU4ENXDX053511,TOYOTA,TACOMA,GRIS OSCURO,PICK-UP,Liviana,OPERATIVA,OPERATIVA,DIVISIÓN LAGO,KEYLA REBOLLEDO,,,,
3953,A74AM8I,1N6ADOEV1CC473953,NISSAN,FRONTIER,BLANCO,PICK-UP,Liviana,INOPERATIVA,PARADA POR FALLA,DIVISIÓN LAGO,JONATHAN ALBORNOZ,,,,
4266,A85AS3C,5TFRY5F18CX124266,TOYOTA,TUNDRA,BLANCO,PICK-UP,Liviana,OPERATIVA,OPERATIVA,DIVISIÓN LAGO,MERVIN FUENTES,,,,
5894,SIN PLACAS,1N6ADOEVXCC475894,NISSAN,FRONTIER,BLANCO,PICK-UP,Liviana,OPERATIVA,OPERATIVA,DIVISIÓN LAGO,EDUARDO MEDINA,,,,
6665,A10BA6N,MR0DX9CD7N2646665,TOYOTA,HILUX,BLANCO,PICK-UP,Liviana,OPERATIVA,OPERATIVA,DIVISIÓN LAGO,JOSE HERNANDEZ,,,,
7312,A37BA5N,LSCBBZ2T3MG697312,CHANGAN,KAICENE F70 4X4,BLANCO,PICK-UP,Liviana,OPERATIVA,OPERATIVA,DIVISIÓN LAGO,JEFFERSON RODRIGUEZ,,,,
7341,A69AZ7N,LSCBBZ2TXMG697341,CHANGAN,KAICENE F70 4X4,BLANCO,PICK-UP,Liviana,INOPERATIVA,PARADA POR FALLA,SERVICIOS ELECTRICOS,OVIEL MEZA,,,,
7379,A40BD8J,LSCBBZ2T2MG697379,CHANGAN,KAICENE F70 4X4,BLANCO,PICK-UP,Liviana,OPERATIVA,OPERATIVA,DIVISIÓN LAGO,ABRAHAM VILLEGAS,,,,
9403,A81AI5A,8ZCNCRE09BV339403,CHEVROLET,SILVERADO,BLANCO,PICK-UP,Liviana,OPERATIVA,OPERATIVA,DIVISIÓN LAGO,LEONARDO GONZALEZ,,,,
9439,A81AI4A,8ZCNCRE08BV339439,CHEVROLET,SILVERADO,BLANCO,PICK-UP,Liviana,OPERATIVA,OPERATIVA,DIVISIÓN LAGO,JOSE BOSCAN,,,,
14617,PAL26M,8XDDU74W568A10276,FORD,EXPLORER,NEGRO,PICK-UP,Liviana,OPERATIVA,OPERATIVA,DIVISIÓN LAGO,JOSE PINEDA,,,,
16625,41ZVAT,8ZCEC14T95V311487,CHEVROLET,CHEYENNE,BLANCO,PICK-UP,Liviana,OPERATIVA,OPERATIVA,DIVISIÓN LAGO,LEONARDO BOEZIO,,,,
16795,40HCAD,8ZCEC14T37V314730,CHEVROLET,CHEYENNE,BLANCO,PICK-UP,Liviana,INOPERATIVA,PARADA POR FALLA,DIVISIÓN LAGO,WILFREDO GOMEZ,,,,
21020,56AMBB,8YTRF172258A41738,FORD,F-150,BLANCO,PICK-UP,Liviana,OPERATIVA,OPERATIVA,DIVISIÓN LAGO,ELIO OCHOA,,,,
6106,A32AZ3J,5TFTU4GN6FX076106,TOYOTA,TACOMA,NEGRO,PICK-UP,Liviana,OPERATIVA,OPERATIVA,DIVISIÓN LAGO,KEIVIS PEREZ,,,,
5688,A32AZ4J,5TFTU4GN5FX075688,TOYOTA,TACOMA,S/I,PICK-UP,Liviana,OPERATIVA,OPERATIVA,DIVISIÓN LAGO,LUIS GONZALEZ,,,,
5582,A32AZ6J,5TFTU4GN0FX075582,TOYOTA,TACOMA,S/I,PICK-UP,Liviana,OPERATIVA,OPERATIVA,DIVISIÓN LAGO,OSMAR BALLERA,,,,
1800,A72AM7I,5TFRY5F19CX121800,TOYOTA,TUNDRA,BLANCO,PICK-UP,Liviana,INOPERATIVA,PARADA POR FALLA,DIVISIÓN LAGO,RUBEN BOLIVAR,,,,
22378,SIN PLACAS,JTERU71JXA4002730,TOYOTA,LAND CRUISER,BLANCO,RUSTICO,Liviana,OPERATIVA,OPERATIVA,SEGURIDAD INTEGRAL (DSI),MANUEL DIAZ,,,,
22024,SIN PLACAS,JTEFU71J2A4005432,TOYOTA,LAND CRUISER,BLANCO,RUSTICO,Liviana,INOPERATIVA,PARADA POR FALLA,SEGURIDAD INTEGRAL (DSI),ABRAHAM MARQUEZ,,,,
22227,AI858NG,JTEFU71J6A4005952,TOYOTA,LAND CRUISER,BLANCO,RUSTICO,Liviana,INOPERATIVA,PARADA POR FALLA,SEGURIDAD INTEGRAL (DSI),ENDER PEÑA,,,,
22109,AL075DA,JTEFU71J4A4005688,TOYOTA,LAND CRUISER,BLANCO,RUSTICO,Liviana,OPERATIVA,OPERATIVA,DIVISIÓN SUR DEL LAGO TRUJILLO,RICHARD ARRAIZ,,,,
22098,AL063DA,JTEFU71J3A4005200,TOYOTA,LAND CRUISER,BLANCO,RUSTICO,Liviana,INOPERATIVA,PARADA POR FALLA,TRANSPORTE TERRESTRE,JOSE RAMIREZ,,,,
22182,SIN PLACAS,JTEFU71J0A4005588,TOYOTA,LAND CRUISER,BLANCO,RUSTICO,Liviana,INOPERATIVA,PARADA POR FALLA,TRANSPORTE TERRESTRE,DOUGLAS OLLARVE,,,,
22229,SIN PLACAS,JTEFU71J1A4005910,TOYOTA,LAND CRUISER,BLANCO,RUSTICO,Liviana,OPERATIVA,OPERATIVA,SEGURIDAD INTEGRAL (DSI),JOSE UMBRIA,,,,
22031,SIN PLACAS,JTEFU71J8A4005466,TOYOTA,LAND CRUISER,BLANCO,RUSTICO,Liviana,OPERATIVA,OPERATIVA,SEGURIDAD INTEGRAL (DSI),TIBISAY ARREAGA,,,,
OCC70-011,AH801NA,JTERU71J4C4004590,TOYOTA,LAND CRUISER,BLANCO,RUSTICO,Liviana,OPERATIVA,OPERATIVA,TRANSPORTE TERRESTRE,DOUGLAS OLLARVE,,,,
OCC70-018,AA043PH,JTERU71J4C4004606,TOYOTA,LAND CRUISER,BLANCO,RUSTICO,Liviana,OPERATIVA,OPERATIVA,SEGURIDAD INDUSTRIAL E HIGIENE OCUPACIONAL,JOSE LOPEZ,,,,
22370,AE510JK,JTERU71J4A4002643,TOYOTA,LAND CRUISER,BLANCO,RUSTICO,Liviana,OPERATIVA,OPERATIVA,TRANSPORTE TERRESTRE,DOUGLAS OLLARVE,,,,
OCC70-075,AH190GA,JTERU71J6C4004509,TOYOTA,LAND CRUISER,BLANCO,RUSTICO,Liviana,OPERATIVA,OPERATIVA,PETROPERIJA,RAFAEL MARQUEZ,,,,
22326,AL079DA,JTERU71J8A4002368,TOYOTA,LAND CRUISER,BLANCO,RUSTICO,Liviana,OPERATIVA,OPERATIVA,SERVICIOS ELECTRICOS,GUSTAVO CHACIN,,,,
OCC70-036,AH317GA,JTERU71J0C4004585,TOYOTA,LAND CRUISER,BLANCO,RUSTICO,Liviana,OPERATIVA,OPERATIVA,AIT,RENZO DOMINGUEZ,,,,
22380,SIN PLACAS,JTERU71J9A4002783,TOYOTA,LAND CRUISER,BLANCO,RUSTICO,Liviana,INOPERATIVA,PARADA POR FALLA,SERVICIOS LOGISTICOS,RICARDO CONDE,,,,
2564,SIN PLACAS,JTERU71J8A4002564,TOYOTA,LAND CRUISER,BLANCO,RUSTICO,Liviana,OPERATIVA,OPERATIVA,PROYECTOS MAYORES,PEDRO BASTIDAS,,,,
2921,AA057TF,JTERU71J6A4002921,TOYOTA,LAND CRUISER,BLANCO,RUSTICO,Liviana,OPERATIVA,OPERATIVA,MPETROLEO,MENLEYDIS VELEZ,,,,
21507,TAL31F,8XA21UJ7258001474,TOYOTA,LAND CRUISER,BLANCO,RUSTICO,Liviana,INOPERATIVA,PARADA POR FALLA,SEGURIDAD INTEGRAL (DSI),ALEXANDER MILL,,,,
21519,TAL02F,8XA21UJ7258001446,TOYOTA,LAND CRUISER,BLANCO,RUSTICO,Liviana,INOPERATIVA,PARADA POR FALLA,SEGURIDAD INTEGRAL (DSI),GEANCARLO PEREZ,,,,
22037,AI871NG,JTEFU71JXA4005498,TOYOTA,LAND CRUISER,BLANCO,RUSTICO,Liviana,OPERATIVA,OPERATIVA,DIVISIÓN SUR DEL LAGO TRUJILLO,RICHARD ARRAIZ,,,,
22078,SIN PLACAS,JTEFU71J7A4005202,TOYOTA,LAND CRUISER,BLANCO,RUSTICO,Liviana,OPERATIVA,OPERATIVA,SEGURIDAD INTEGRAL (DSI),ALEXANDER MIILL,,,,
22108,SIN PLACAS,JTEFU71J7A4005684,TOYOTA,LAND CRUISER,BLANCO,RUSTICO,Liviana,OPERATIVA,OPERATIVA,AIT,EUNICES COLINA,,,,
22135,AL984CA,JTEFU71J6A4005191,TOYOTA,LAND CRUISER,BLANCO,RUSTICO,Liviana,INOPERATIVA,PARADA POR FALLA,COORDINACION OPERACIONAL,JESUS CORDERO,,,,
22165,SIN PLACAS,JTEFU71JXA4005100,TOYOTA,LAND CRUISER,BLANCO,RUSTICO,Liviana,OPERATIVA,OPERATIVA,SEGURIDAD INTEGRAL (DSI),NELSON ESPINOZA,,,,
22168,SIN PLACAS,JTEFU71J9A4005105,TOYOTA,LAND CRUISER,BLANCO,RUSTICO,Liviana,INOPERATIVA,PARADA POR FALLA,INTEVEP,JOHNNY FERIA,,,,
22179,AI862NG,JTEFU71J2A4005222,TOYOTA,LAND CRUISER,BLANCO,RUSTICO,Liviana,INOPERATIVA,PARADA POR FALLA,SEGURIDAD INTEGRAL (DSI),MARIO QUINTERO,,,,
22183,AE547JK,JTEFU71J7A4005328,TOYOTA,LAND CRUISER,BLANCO,RUSTICO,Liviana,INOPERATIVA,PARADA POR FALLA,SEGURIDAD INTEGRAL (DSI),KAREN AMAYA,,,,
22185,AI855NG,JTEFU71JXA4005940,TOYOTA,LAND CRUISER,BLANCO,RUSTICO,Liviana,OPERATIVA,OPERATIVA,COORDINACION OPERACIONAL,DANIEL RINCON,,,,
22190,SIN PLACAS,JTEFU71J4A4005500,TOYOTA,LAND CRUISER,BLANCO,RUSTICO,Liviana,OPERATIVA,OPERATIVA,SEGURIDAD INTEGRAL (DSI),LUIS SANDOVAL,,,,
22208,SIN PLACAS,JTEFU71J7A4005801,TOYOTA,LAND CRUISER,BLANCO,RUSTICO,Liviana,INOPERATIVA,CHOCADO,SEGURIDAD INTEGRAL (DSI),ENDER BAPTISTA,,,,
22209,SIN PLACAS,JTEFU71J0A4005817,TOYOTA,LAND CRUISER,BLANCO,RUSTICO,Liviana,INOPERATIVA,PARADA POR FALLA,SEGURIDAD INTEGRAL (DSI),REINALDO LEAL,,,,
22211,SIN PLACAS,JTEFU71J9A4005282,TOYOTA,LAND CRUISER,BLANCO,RUSTICO,Liviana,OPERATIVA,OPERATIVA,SEGURIDAD INTEGRAL (DSI),ROBINSON GEDLER,,,,
22214,SIN PLACAS,JTEFU71J3A4005326,TOYOTA,LAND CRUISER,BLANCO,RUSTICO,Liviana,INOPERATIVA,PARADA POR FALLA,SEGURIDAD INTEGRAL (DSI),WILLIAN CARDOZO,,,,
22232,SIN PLACAS,JTEFU71J2A4005544,TOYOTA,LAND CRUISER,BLANCO,RUSTICO,Liviana,INOPERATIVA,PARADA POR FALLA,SEGURIDAD INTEGRAL (DSI),HAROLD AZUAJE,,,,
22401,SIN PLACAS,JTERU71J7A4001907,TOYOTA,LAND CRUISER,BLANCO,RUSTICO,Liviana,OPERATIVA,OPERATIVA,MPETROLEO,JOSE FERNANDEZ,,,,
OCC70-013,AH332GA,JTERU71J2C4004569,TOYOTA,LAND CRUISER,BLANCO,RUSTICO,Liviana,OPERATIVA,OPERATIVA,SEGURIDAD INDUSTRIAL E HIGIENE OCUPACIONAL,LUIS OVIOL,,,,
OCC70-019,AH424WA,JTERU71J4C4004699,TOYOTA,LAND CRUISER,BLANCO,RUSTICO,Liviana,OPERATIVA,OPERATIVA,SEGURIDAD INDUSTRIAL E HIGIENE OCUPACIONAL,RICARDO ACOSTA,,,,
OCC70-021,AH239WA,JTERU71J9C4004617,TOYOTA,LAND CRUISER,BLANCO,RUSTICO,Liviana,OPERATIVA,OPERATIVA,SEGURIDAD INDUSTRIAL E HIGIENE OCUPACIONAL,LUIS HERNANDEZ,,,,
OCC70-035,AF597AM,JTERU71J2C4004510,TOYOTA,LAND CRUISER,BLANCO,RUSTICO,Liviana,OPERATIVA,OPERATIVA,AIT,JOSE CHIRINOS,,,,
OCC70-056,AH198GA,JTERU71J5C4004677,TOYOTA,LAND CRUISER,BLANCO,RUSTICO,Liviana,OPERATIVA,OPERATIVA,ASUNTOS PUBLICOS,JHONY ESIS,,,,
OCC70-060,AH152GA,JTERU71J3C4004726,TOYOTA,LAND CRUISER,BLANCO,RUSTICO,Liviana,OPERATIVA,OPERATIVA,SERVICIOS ELECTRICOS,RAFAEL PEREZ,,,,
OCC70-085,AH852NA,JTERU71J9C4004570,TOYOTA,LAND CRUISER,BLANCO,RUSTICO,Liviana,OPERATIVA,OPERATIVA,AIT,CESAR HERNANDEZ,,,,
OCC70-092,AF785UK,JTERU71J2C4005379,TOYOTA,LAND CRUISER,BLANCO,RUSTICO,Liviana,OPERATIVA,OPERATIVA,SERVICIOS ELECTRICOS,JOEL CRESPO,,,,
22331,SIN PLACAS,JTERU71J7A4002409,TOYOTA,LAND CRUISER,BLANCO,RUSTICO,Liviana,OPERATIVA,OPERATIVA,"COL, DIVISIÓN COSTA ORIENTAL DEL LAGO",ARTIN TAHAN,,,,
22360,AE513JK,JTERU71J5A4002599,TOYOTA,LAND CRUISER,BLANCO,RUSTICO,Liviana,OPERATIVA,OPERATIVA,"COL, DIVISIÓN COSTA ORIENTAL DEL LAGO",FRANK LOPEZ,,,,
22325,SIN PLACAS,JTERU71J3A4002360,TOYOTA,LAND CRUISER,BLANCO,RUSTICO,Liviana,A DESINCORPORAR,FUERA DE SERVICIO,"COL, DIVISIÓN COSTA ORIENTAL DEL LAGO",LUIS ARIAS,,,,
OCC70-028,SIN PLACAS,JTERU71J3C4004564,TOYOTA,LAND CRUISER,BLANCO,RUSTICO,Liviana,OPERATIVA,OPERATIVA,"COL, DIVISIÓN COSTA ORIENTAL DEL LAGO",WILFREDO CARABALLO,,,,
22291,AL097DA,JTERU71J2A4001605,TOYOTA,LAND CRUISER,BLANCO,RUSTICO,Liviana,A DESINCORPORAR,FUERA DE SERVICIO,"COL, DIVISIÓN COSTA ORIENTAL DEL LAGO",ANTONIO SANCHEZ,,,,
22060,SIN PLACAS,JTEFU71J3A4005598,TOYOTA,LAND CRUISER,BLANCO,RUSTICO,Liviana,INOPERATIVA,PARADA POR FALLA,"COL, DIVISIÓN COSTA ORIENTAL DEL LAGO",NECTARIO GOTERA,,,,
22089,SIN PLACAS,JTEFU71J6A4005112,TOYOTA,LAND CRUISER,BLANCO,RUSTICO,Liviana,INOPERATIVA,PARADA POR FALLA,"COL, DIVISIÓN COSTA ORIENTAL DEL LAGO",RICARDO SUAREZ,,,,
22113,AI845NG,JTEFU71J4A4005769,TOYOTA,LAND CRUISER,BLANCO,RUSTICO,Liviana,OPERATIVA,OPERATIVA,"COL, DIVISIÓN COSTA ORIENTAL DEL LAGO",EDGAR BRICEÑO,,,,
22392,AL095DA,JTERU71J6A4001736,TOYOTA,LAND CRUISER,BLANCO,RUSTICO,Liviana,OPERATIVA,OPERATIVA,"COL, DIVISIÓN COSTA ORIENTAL DEL LAGO",IVAN PINO,,,,
22328,AL080DA,JTERU71J5A4002392,TOYOTA,LAND CRUISER,BLANCO,RUSTICO,Liviana,OPERATIVA,OPERATIVA,"COL, DIVISIÓN COSTA ORIENTAL DEL LAGO",ALEXIS MAVARES,,,,
22067,AE654JK,JTEFU71J7A4005555,TOYOTA,LAND CRUISER,BLANCO,RUSTICO,Liviana,OPERATIVA,OPERATIVA,"COL, DIVISIÓN COSTA ORIENTAL DEL LAGO",MARCO FERNANDEZ,,,,
22193,SIN PLACAS,JTEFU71J9A4005718,TOYOTA,LAND CRUISER,BLANCO,RUSTICO,Liviana,INOPERATIVA,PARADA POR FALLA,"COL, DIVISIÓN COSTA ORIENTAL DEL LAGO",CESAR PEÑA,,,,
22290,AE549JK,JTERU71J0A4002803,TOYOTA,LAND CRUISER,BLANCO,RUSTICO,Liviana,INOPERATIVA,PARADA POR FALLA,"COL, DIVISIÓN COSTA ORIENTAL DEL LAGO",CARLOS PEROZZI,,,,
22294,SIN PLACAS,JTERU71J2A4002897,TOYOTA,LAND CRUISER,BLANCO,RUSTICO,Liviana,OPERATIVA,OPERATIVA,"COL, DIVISIÓN COSTA ORIENTAL DEL LAGO",ALBERTO BRICEÑO,,,,
22308,AL061DA,JTERU71J4A4002304,TOYOTA,LAND CRUISER,BLANCO,RUSTICO,Liviana,INOPERATIVA,PARADA POR FALLA,"COL, DIVISIÓN COSTA ORIENTAL DEL LAGO",MARCIAL MEDINA,,,,
22338,AL083DA,JTERU71J2A4002446,TOYOTA,LAND CRUISER,BLANCO,RUSTICO,Liviana,INOPERATIVA,PARADA POR FALLA,"COL, DIVISIÓN COSTA ORIENTAL DEL LAGO",GERAMEL GUTIERREZ,,,,
22343,SIN PLACAS,JTERU71J9A4002461,TOYOTA,LAND CRUISER,BLANCO,RUSTICO,Liviana,INOPERATIVA,PARADA POR FALLA,"COL, DIVISIÓN COSTA ORIENTAL DEL LAGO",JOHNY RIVAS,,,,
22361,SIN PLACAS,JTERU71J1A4002602,TOYOTA,LAND CRUISER,BLANCO,RUSTICO,Liviana,INOPERATIVA,PARADA POR FALLA,"COL, DIVISIÓN COSTA ORIENTAL DEL LAGO",JOSE MARTINEZ,,,,
22393,AL066DA,JTERU71JXA4001738,TOYOTA,LAND CRUISER,BLANCO,RUSTICO,Liviana,OPERATIVA,OPERATIVA,"COL, DIVISIÓN COSTA ORIENTAL DEL LAGO",ALEXIS MAVAREZ,,,,
22396,SIN PLACAS,JTERU71J6A4001784,TOYOTA,LAND CRUISER,BLANCO,RUSTICO,Liviana,OPERATIVA,OPERATIVA,"COL, DIVISIÓN COSTA ORIENTAL DEL LAGO",NECTARIO GOTERA,,,,
5321,AF312EM,JTERU71J4C4005321,TOYOTA,LAND CRUISER,BLANCO,RUSTICO,Liviana,INOPERATIVA,PARADA POR FALLA,"COL, DIVISIÓN COSTA ORIENTAL DEL LAGO",ANTONIO MOSQUERA,,,,
2714,AE523JK,JTERU71J1A4002714,TOYOTA,LAND CRUISER,BLANCO,RUSTICO,Liviana,A DESINCORPORAR,PARADA POR FALLA,DIVISIÓN LAGO,GENDIS QUERO,,,,
22242,AI853NG,JTERU71J8A4001575,TOYOTA,LAND CRUISER,BLANCO,RUSTICO,Liviana,OPERATIVA,OPERATIVA,DIVISIÓN LAGO,JONATHAN ALBORNOZ,,,,
22351,SIN PLACAS,JTERU71J0A4002560,TOYOTA,LAND CRUISER,BLANCO,RUSTICO,Liviana,OPERATIVA,OPERATIVA,TRANSPORTE TERRESTRE,DOUGLAS OLLARVE,,,,
22330,SIN PLACAS,JTERU71J3A4002407,TOYOTA,LAND CRUISER,BLANCO,RUSTICO,Liviana,OPERATIVA,OPERATIVA,DIVISIÓN SUR DEL LAGO TRUJILLO,MANUEL CHOURIO,,,,
22140,SIN PLACAS,JTEFU71J5A4005151,TOYOTA,LAND CRUISER,BLANCO,RUSTICO,Liviana,INOPERATIVA,PARADA POR FALLA,DIVISIÓN SUR DEL LAGO TRUJILLO,ALVARO CARDOZO,,,,
22147,SIN PLACAS,JTEFU71J3A4005388,TOYOTA,LAND CRUISER,BLANCO,RUSTICO,Liviana,OPERATIVA,OPERATIVA,DIVISIÓN SUR DEL LAGO TRUJILLO,CARLOS GRATEROL,,,,
22212,SIN PLACAS,JTEFU71J1A4005258,TOYOTA,LAND CRUISER,BLANCO,RUSTICO,Liviana,OPERATIVA,OPERATIVA,DIVISIÓN SUR DEL LAGO TRUJILLO,DANILO GARCIA,,,,
22368,AE512JK,JTERU71J8A4002631,TOYOTA,LAND CRUISER,BLANCO,RUSTICO,Liviana,OPERATIVA,OPERATIVA,DIVISIÓN SUR DEL LAGO TRUJILLO,JORGE CARREÑO,,,,
OCC70-033,AF604AM,JTERU71J7C4004633,TOYOTA,LAND CRUISER,BLANCO,RUSTICO,Liviana,OPERATIVA,OPERATIVA,DIVISIÓN SUR DEL LAGO TRUJILLO,JOSE SIVIRA,,,,
OCC70-034,AO433GA,JTERU71J6C4004607,TOYOTA,LAND CRUISER,BLANCO,RUSTICO,Liviana,OPERATIVA,OPERATIVA,DIVISIÓN SUR DEL LAGO TRUJILLO,JOSE VIELMA,,,,
22236,AL992CA,JTEFU71J3A4005830,TOYOTA,LAND CRUISER,BLANCO,RUSTICO,Liviana,OPERATIVA,OPERATIVA,"OCC, DIVISIÓN COSTA OCCIDENTAL",LUIS RAMIREZ,,,,
OCC70-026,AH868NA,JTERU71JXC4004724,TOYOTA,LAND CRUISER,BLANCO,RUSTICO,Liviana,INOPERATIVA,PARADA POR FALLA,"OCC, DIVISIÓN COSTA OCCIDENTAL",JUAN RODRIGUEZ,,,,
22091,AI847NG,JTEFU71J3A4005116,TOYOTA,LAND CRUISER,BLANCO,RUSTICO,Liviana,OPERATIVA,OPERATIVA,"OCC, DIVISIÓN COSTA OCCIDENTAL",CARLOS VELASQUEZ,,,,
TAM83T,TAM83T,8XA21UJ7268002100,TOYOTA,LAND CRUISER,BLANCO,RUSTICO,Liviana,OPERATIVA,OPERATIVA,SEGURIDAD INTEGRAL (DSI),KARLA GUANCHA,,,,
20020,54VDAN,8ZCEC14T02V31194,CHEVROLET,CHEYENNE,BLANCO,PICK-UP,Liviana,INOPERATIVA,PARADA POR FALLA,PDVSA GAS,BRUNO MOSCARELLI,,,,
4963,AH832NA,JTERU71J6C4004963,TOYOTA,LAND CRUISER,BLANCO,RUSTICO,Liviana,OPERATIVA,OPERATIVA,MPETROLEO,JOSE FERNANDEZ,,,,
4860,AH670NA,JTERU71J7C4004860,TOYOTA,LAND CRUISER,BLANCO,RUSTICO,Liviana,OPERATIVA,OPERATIVA,COORDINACION OPERACIONAL,MARIA JIMENEZ,,,,
4701,AH401WA,JTERU71J9C4004701,TOYOTA,LAND CRUISER,BLANCO,RUSTICO,Liviana,OPERATIVA,OPERATIVA,MPETROLEO,JAVIER HERNANDEZ,,,,
4909,AB245DL,JTERU71J0C4004909,TOYOTA,LAND CRUISER,BLANCO,RUSTICO,Liviana,OPERATIVA,OPERATIVA,MPETROLEO,ALBERTO BETANCOURT,,,,
2311,SIN PLACAS,JTERU71J2A4002311,TOYOTA,LAND CRUISER,BLANCO,RUSTICO,Liviana,OPERATIVA,OPERATIVA,DIVISIÓN LAGO,ALY TERAN,,,,
2462,SIN PLACAS,JTERU71J0A4002462,TOYOTA,LAND CRUISER,BLANCO,RUSTICO,Liviana,OPERATIVA,OPERATIVA,DIVISIÓN LAGO,EUCLIDES RODRIGUEZ,,,,
2838,SIN PLACAS,JTERU71J8A4002838,TOYOTA,LAND CRUISER,BLANCO,RUSTICO,Liviana,OPERATIVA,OPERATIVA,DIVISIÓN LAGO,ALI SIFUENTES,,,,
3166,SIN PLACAS,JTERU71J1A4003166,TOYOTA,LAND CRUISER,BLANCO,RUSTICO,Liviana,OPERATIVA,OPERATIVA,DIVISIÓN LAGO,MIGUEL SANCHEZ,,,,
22081,AI865NG,JTEFU71J1A4005535,TOYOTA,LAND CRUISER,BLANCO,RUSTICO,Liviana,INOPERATIVA,PARADA POR FALLA,DIVISIÓN LAGO,DIXON PIRELA,,,,
2266,SIN PLACAS,JTERU71J0A4002266,TOYOTA,LAND CRUISER,BLANCO,RUSTICO,Liviana,OPERATIVA,OPERATIVA,DIVISIÓN LAGO,MICHAEL VEGAS,,,,
SP-170,24IVAB,8YTDR10C8X8A14762,FORD,RANGER 4x2,BLANCO,PICK-UP,Liviana,OPERATIVA,OPERATIVA,DIVISIÓN LAGO,NESTOR RODRIGUEZ,,,,
1788,AD8690K,8XA21UJ7268001788,TOYOTA,LAND CRUISER,BLANCO,RUSTICO,Liviana,INOPERATIVA,PARADA POR FALLA,SEGURIDAD INTEGRAL (DSI),EDUARDO CHAVEZ,,,,
1785,AE016EM,JTERU71J8A4001785,TOYOTA,LAND CRUISER,BLANCO,RUSTICO,Liviana,OPERATIVA,OPERATIVA,SEGURIDAD INTEGRAL (DSI),DANIELA AVILA,,,,
4905,AB672CI,JTERU71J3C4004905,TOYOTA,LAND CRUISER,BLANCO,RUSTICO,Liviana,OPERATIVA,OPERATIVA,MPETROLEO,CESAR VILLALOBOS,,,,
18804,DBU85B,3N1EB31S76K312998,NISSAN,SENTRA CLASICO SINC.,MADERA OSCURO,SEDAN,Liviana,INOPERATIVA,PARADA POR FALLA,GOIP,MARIO MATOS,,,,
18913,VCN88C,KNMC4C2HM7P626496,NISSAN,ALMERA B-10,PLATA METALICO,SEDAN,Liviana,OPERATIVA,OPERATIVA,RECURSOS HUMANOS,RUDY QUINTERO,,,,
18759,VCB92G,3N1CB51D05L533226,NISSAN,SENTRA GXE T/A,BLANCO,SEDAN,Liviana,OPERATIVA,OPERATIVA,SERVICIOS LOGISTICOS,YRNEH ALVILLAR,,,,
8452,AB576RR,1FAHP3F29CL478452,FORD,FOCUS,BLANCO,SEDAN,Liviana,INOPERATIVA,PARADA POR FALLA,TRANSPORTE TERRESTRE,TRANSPORTE TERRESTRE,,,,
18827,KBF93U,1N4BL11E06C100211,NISSAN,ALTIMA 3.5 SE T/A,AZUL OSCURO,SEDAN,Liviana,INOPERATIVA,PARADA POR FALLA,FINANZAS,ANGELO LAURETTI,,,,
18917,VCN40C,KNMC4C2HM7P625030,NISSAN,ALMERA B-10,BLANCO PERLADO,SEDAN,Liviana,OPERATIVA,OPERATIVA,DESARROLLO SOCIAL,OSCAR PIÑERO,,,,
18704,VBY04A,3N1CB51D25L547547,NISSAN,SENTRA GXE T/A,AZUL ZAFIRO,SEDAN,Liviana,OPERATIVA,OPERATIVA,ASUNTOS PUBLICOS,DANIEL RODRIGUEZ,,,,
18844,VCN46C,KNMC4C2HM7P626445,NISSAN,ALMERA B-10,AZUL ZAFIRO,SEDAN,Liviana,OPERATIVA,OPERATIVA,CONTRATACION,CLAUDIA MUÑOZ,,,,
3417,AC235KB,3N1AB6AP5CL753417,NISSAN,SENTRA,GRIS,SEDAN,Liviana,INOPERATIVA,PARADA POR FALLA,TRANSPORTE TERRESTRE,GUSTAVO RAMIREZ,,,,
18925,VCT55J,KNMC4C2HM7P639572,NISSAN,ALMERA B-10,PLATA METALICO,SEDAN,Liviana,INOPERATIVA,PARADA POR FALLA,AIT,DUGLIMAR HERNANDEZ,,,,
18903,VCN90C,KNMC4C2HM7P626411,NISSAN,ALMERA B-10,PLATA METALICO,SEDAN,Liviana,OPERATIVA,OPERATIVA,TRANSPORTE TERRESTRE,DOUGLAS OLLARVES,,,,
18922,VCT52M,KNMC4C2HM7P639857,NISSAN,ALMERA B-10,AZUL INTENSO,SEDAN,Liviana,OPERATIVA,OPERATIVA,RECURSOS HUMANOS,KENDRY ROSALES,,,,
4429,SIN PLACAS,3N1AB6AP1CL764429,NISSAN,SENTRA,BLANCO,SEDAN,Liviana,INOPERATIVA,PARADA POR FALLA,FINANZAS,ALI AREVALO,,,,
18826,IAK19M,3N1EB31S86K319555,NISSAN,SENTRA CLASICO SINC.,BLANCO,SEDAN,Liviana,OPERATIVA,OPERATIVA,PROYECTOS MAYORES,EDWARD GUTIERREZ,,,,
18811,DBU92B,3N1EB31S76K313911,NISSAN,SENTRA CLASICO SINC.,MADERA OSCURO,SEDAN,Liviana,OPERATIVA,OPERATIVA,SERVICIOS LOGISTICOS,ELIEZER MELENDEZ,,,,
18873,VCN47D,KNMC4C2HM7P626515,NISSAN,ALMERA B-10,AZUL ZAFIRO,SEDAN,Liviana,INOPERATIVA,PARADA POR FALLA,SERVICIOS LOGISTICOS,MARLIS SAUMELL,,,,
18898,VCN44D,KNMC4C2HM7P624963,NISSAN,ALMERA B-10,AZUL INTENSO,SEDAN,Liviana,INOPERATIVA,PARADA POR FALLA,SERVICIOS LOGISTICOS,EDUARDO OTAMENDI,,,,
467,SIN PLACAS,1FAHP3F27CL420467,FORD,FOCUS,BLANCO,SEDAN,Liviana,INOPERATIVA,PARADA POR FALLA,PETROZAMORA,KATIUSKA RODRIGUEZ,,,,
52340,AL945CA,3N1AB6AP2CL752340,NISSAN,SENTRA,BLANCO,SEDAN,Liviana,INOPERATIVA,PARADA POR FALLA,DEPOCC,NATHALY NIÑO MARTINEZ,,,,
7062,AC247KB,3N1AB6AP8CL747062,NISSAN,SENTRA,BLANCO,SEDAN,Liviana,INOPERATIVA,PARADA POR FALLA,OFICINA DE APOYO DEPOCC,ADELIN GOZALEZ,,,,
18035,AEC74G,8XA53AEB122021968,TOYOTA,COROLLA,PLATA,SEDAN,Liviana,EN PROCESO DE DESINCORPORACION,FUERA DE SERVICIO,SERVICIOS LOGISTICOS,TRANSPORTE TERRESTRE,,,,
18716,VBY16A,3N1CB51D65L530783,NISSAN,SENTRA GXE T/A,NEGRO,SEDAN,Liviana,OPERATIVA,OPERATIVA,SALUD,CAROLINA PEREZ,,,,
18735,VBY35A,3N1CB51D05L557106,NISSAN,SENTRA GXE T/A,BLANCO,SEDAN,Liviana,OPERATIVA,OPERATIVA,SALUD,LENIOSKA CANELONES,,,,
18774,DBU83A,3N1EB31S66K302355,NISSAN,SENTRA CLASICO SINC.,MADERA OSCURO,SEDAN,Liviana,OPERATIVA,OPERATIVA,BARIVEN,FRANCO ARROYO,,,,
18782,DBU91A,3N1EB31S66K302141,NISSAN,SENTRA CLASICO SINC.,NEGRO,SEDAN,Liviana,OPERATIVA,OPERATIVA,SEGURIDAD INTEGRAL (DSI),JOSE PRADA,,,,
18793,EAO04F,3N1EB31S96K302117,NISSAN,SENTRA CLASICO SINC.,AZUL OSCURO,SEDAN,Liviana,OPERATIVA,OPERATIVA,RECURSOS HUMANOS,TERJES GUACARAN,,,,
18841,VCN93B,KNMC4C2HM7P626424,NISSAN,ALMERA B-10,BEIGE METALICO,SEDAN,Liviana,OPERATIVA,OPERATIVA,BARIVEN,FRANCO ARROYO,,,,
18853,VCN36B,KNMC4C2HM7P624870,NISSAN,ALMERA B-10,PLATA METALICO,SEDAN,Liviana,OPERATIVA,OPERATIVA,SEGURIDAD INTEGRAL (DSI),ANTONIO SILVA,,,,
18856,VCN42B,KNMC4C2HM7P625107,NISSAN,ALMERA B-10,AZUL INTENSO,SEDAN,Liviana,OPERATIVA,OPERATIVA,SEGURIDAD INTEGRAL (DSI),CARLOS URBINA,,,,
18888,VCN41D,KNMC4C2HM7P625059,NISSAN,ALMERA B-10,AZUL INTENSO,SEDAN,Liviana,OPERATIVA,OPERATIVA,RECURSOS HUMANOS,LUIRSE RODRIGUEZ,,,,
18900,VCN90A,KNMC4C2HM7P626469,NISSAN,ALMERA B-10,PLATA METALICO,SEDAN,Liviana,OPERATIVA,OPERATIVA,ASUNTOS JURÍDICOS,YARITZA PIÑA,,,,
18902,VCN38B,KNMC4C2HM7P625361,NISSAN,ALMERA B-10,BEIGE INTENSO,SEDAN,Liviana,OPERATIVA,OPERATIVA,BARIVEN,GERARDO FARIAS,,,,
18911,VCN43D,KNMC4C2HM7P625443,NISSAN,ALMERA B-10,AZUL INTENSO,SEDAN,Liviana,OPERATIVA,OPERATIVA,RECURSOS HUMANOS,JULIENYS MUJICA,,,,
18912,VCN94C,KNMC4C2HM7P626523,NISSAN,ALMERA B-10,NEGRO,SEDAN,Liviana,OPERATIVA,OPERATIVA,SERVICIOS LOGISTICOS,YENNY OROZCO,,,,
18929,VCT54K,KNMC4C2HM7P639484,NISSAN,ALMERA B-10,PLATA METALICO,SEDAN,Liviana,OPERATIVA,OPERATIVA,SEGURIDAD INTEGRAL (DSI),JOSE RODRIGUEZ,,,,
93877,SIN PLACAS,2T1BU4EEXCC893877,TOYOTA,COROLLA,GRIS,SEDAN,Liviana,OPERATIVA,OPERATIVA,BARIVEN,ANDREA SALAZAR,,,,
18857,VCN33D,KNMC4C2HM7P625009,NISSAN,ALMERA B-10,AZUL INDIGO,SEDAN,Liviana,OPERATIVA,OPERATIVA,RECURSOS HUMANOS,SOLUBY HARENDES,,,,
18879,VCN44B,KNMC4C2HM7P625493,NISSAN,ALMERA B-10,AZUL INTENSO,SEDAN,Liviana,OPERATIVA,OPERATIVA,BARIVEN,CATIANA RODRIGUEZ,,,,
18897,VCN93A,KNMC4C2HM7P626428,NISSAN,ALMERA B-10,BEIGE METALICO,SEDAN,Liviana,A DESINCORPORAR,FUERA DE SERVICIO,"OCC, DIVISIÓN COSTA OCCIDENTAL",TRANSPORTE TERRESTRE,,,,
18855,VCN91B,KNMC4C2HM7P626556,NISSAN,ALMERA B-10,BEIGE METALICO,SEDAN,Liviana,OPERATIVA,OPERATIVA,"COL, DIVISIÓN COSTA ORIENTAL DEL LAGO",ORLANDO VELASQUEZ,,,,
18892,VCN41C,KNMC4C2HM7P605055,NISSAN,ALMERA B-10,AZUL INTENSO,SEDAN,Liviana,OPERATIVA,OPERATIVA,"COL, DIVISIÓN COSTA ORIENTAL DEL LAGO",JOHANA MONTILLA,,,,
18731,VBY31A,3N1CB51D55L533688,NISSAN,SENTRA GXE T/A,BLANCO,SEDAN,Liviana,OPERATIVA,OPERATIVA,SEGURIDAD INTEGRAL (DSI),EDUARDO ARRIETA,,,,
18868,VCN87A,KNMC4C2HM7P626421,NISSAN,ALMERA B-10,PLATA METALICO,SEDAN,Liviana,INOPERATIVA,PARADA POR FALLA,"COL, DIVISIÓN COSTA ORIENTAL DEL LAGO",TOMAS GRANADILLO,,,,
18878,VCN43C,KNMC4C2HM7P625396,NISSAN,ALMERA B-10,AZUL INTENSO,SEDAN,Liviana,A DESINCORPORAR,FUERA DE SERVICIO,"COL, DIVISIÓN COSTA ORIENTAL DEL LAGO",MAUREEN SANCHEZ,,,,
23024,AD861SV,LVVDC21B4BD423024,CHERY,ORINOCO,PLATA,SEDAN,Liviana,INOPERATIVA,PARADA POR FALLA,DIVISIÓN LAGO,MARCOS RINCOS,,,,
9294,AD855SV,LVVDC21B7BD409294,CHERY,ORINOCO,PLATA,SEDAN,Liviana,INOPERATIVA,PARADA POR FALLA,DIVISIÓN LAGO,NELSON COLINA,,,,
3760,SIN PLACAS,1FAHP3F23CL413760,FORD,FOCUS,BLANCO,SEDAN,Liviana,OPERATIVA,OPERATIVA,TRANSPORTE TERRESTRE,VANESSA ROMERO,,,,
18779,DBU88A,3N1EB31S56K302311,NISSAN,SENTRA CLASICO SINC.,MADERA OSCURO,SEDAN,Liviana,INOPERATIVA,PARADA POR FALLA,DIVISIÓN LAGO,PSPSA PYLO LAGO,,,,
2290,AA957FB,3VWYV49M58M632290,WOLKSWAGEN,BORA,ROJO,SEDAN,Liviana,OPERATIVA,OPERATIVA,DIVISIÓN LAGO,XIOMELYS MAS Y RUBI,,,,
18862,VCN92C,KNMC4C2HM7P626452,NISSAN,ALMERA B-10,BEIGE METALICO,SEDAN,Liviana,OPERATIVA,OPERATIVA,"OCC, DIVISIÓN COSTA OCCIDENTAL",ARMINDA BRACHO,,,,
18865,VCN89B,KNMC4C2HM7P626478,NISSAN,ALMERA B-10,PLATA METALICO,SEDAN,Liviana,A DESINCORPORAR,FUERA DE SERVICIO,DIVISIÓN LAGO,DARIO VIELMA,,,,
74693,SIN PLACAS,3N1AB6AP2CL774693,NISSAN,SENTRA,BLANCO,SEDAN,Liviana,A DESINCORPORAR,PARADA POR FALLA,DIVISIÓN SUR DEL LAGO TRUJILLO,JORGE DIAZ,,,,
340,AB836BA,8Y5C11FB47D000340,CENTAURO,CENTAURO,BEIGE,SEDAN,Liviana,INOPERATIVA,PARADA POR FALLA,TRANSPORTE TERRESTRE,RICARDO DELGADO,,,,
1806,AC238KB,3N1AB6AP7CL771806,NISSAN,SENTRA,BLANCO,SEDAN,Liviana,OPERATIVA,OPERATIVA,DIVISIÓN LAGO,BELEGNY MOYA,,,,
338,AD781SV,8X7T1C124CD000338,CHERY,ORINOCO,ROJO,SEDAN,Liviana,OPERATIVA,OPERATIVA,DIVISIÓN LAGO,ALEXANDER QUIÑONES,,,,
5612,AHI60H,8Z1WF52K55V345612,CHEVROLET,IMPALA,GRIS,SEDAN,Liviana,INOPERATIVA,PARADA POR FALLA,DIVISIÓN LAGO,HERIBERTO CONTRERAS,,,,
6569,AC040MV,8Z1JJ5CB3BV336569,CHEVROLET,OPTRA,BLANCO,SEDAN,Liviana,OPERATIVA,OPERATIVA,DIVISIÓN LAGO,NANDY CUICAS,,,,
18799,DBU 80B,3N1EB31SX6K313286,NISSAN,SENTRA,GRIS,SEDAN,Liviana,OPERATIVA,OPERATIVA,DIVISIÓN LAGO,PEDRO YANCEN,,,,
18852,VCN98A,KNMC4C2HM7P625099,NISSAN,ALMERA B-10,BLANCO SOLIDO,SEDAN,Liviana,OPERATIVA,OPERATIVA,DIVISIÓN LAGO,DAVID RINCON,,,,
18867,VCN89C,KNMC4C2HM7P626470,NISSAN,ALMERA B-10,PLATA METALICO,SEDAN,Liviana,INOPERATIVA,PARADA POR FALLA,DIVISIÓN LAGO,SAID PEREZ,,,,
18870,VCN41B,KNMC4C2HM7P625078,NISSAN,ALMERA B-10,BLANCO PERLADO,SEDAN,Liviana,OPERATIVA,OPERATIVA,DIVISIÓN LAGO,OSMAR BALLERA,,,,
18874,VCN91A,KNMC4C2HM7P626557,NISSAN,ALMERA B-10,BEIGE METALICO,SEDAN,Liviana,OPERATIVA,OPERATIVA,DIVISIÓN LAGO,ARNALDO IBARRA,,,,
18877,VCN96B,KNMC4C2HM7P626449,NISSAN,ALMERA B-10,NEGRO METALICO,SEDAN,Liviana,OPERATIVA,OPERATIVA,DIVISIÓN LAGO,GERLYS GOMEZ,,,,
18906,VCN98C,KNMC4C2HM7P624991,NISSAN,ALMERA B-10,BLANCO SOLIDO,SEDAN,Liviana,A DESINCORPORAR,FUERA DE SERVICIO,DIVISIÓN LAGO,EFRAIN OROZCO,,,,
16804,05ICAD,8ZCEC14T77V315797,CHEVROLET,CHEYENNE,BLANCO,PICK-UP,Liviana,OPERATIVA,OPERATIVA,COORDINACION OPERACIONAL,COORDINACION OPERACIONAL,,,,
OCC70-079,AH410WA,JTERU71J7C4004700,TECHO DURO,TOYOTA,BLANCO,RUSTICO,Liviana,INOPERATIVA,PARADA POR FALLA,AIT,YHOJANA NAVARRO,,,,
16801,43HCAD,8ZCEC14TX7V315566,CHEVROLET,CHEYENNE,BLANCO,PICK-UP,Liviana,A DESINCORPORAR,FUERA DE SERVICIO,TRANSPORTE TERRESTRE,DIVISION COL,,,,
5860,A50BU6K,1N6ADOEV9CC465860,NISSAN,FRONTIER,BLANCO,PICK-UP,Liviana,INOPERATIVA,RECUPERADA DE PSPSA,PDVSA SERVICIOS PETROLEROS,JORGE BOSCAN,,,,
5368,A51BU1K,1N6ADOEVOCC475368,NISSAN,FRONTIER,BLANCO,PICK-UP,Liviana,OPERATIVA,OPERATIVA,PDVSA SERVICIOS PETROLEROS,RODOLFO RIVAS,,,,
1012,06ABAS,8LBETF1M780004530,CHEVROLET,LUV DMAX,BLANCO,PICK-UP,Liviana,EN PROCESO DE DESINCORPORACION,FUERA DE SERVICIO,SEGURIDAD INTEGRAL (DSI),TRANSPORTE TERRESTRE,,,,
4674,SIN PLACAS,3GNGK26G85G284674,CHEVROLET,SUBURBAN,VERDE,PICK-UP,Liviana,OPERATIVA,OPERATIVA,TRANSPORTE TERRESTRE,RONALT RINCON,,,,
755,A32AJ0V,8ZCNCRE05BV316250,CHEVROLET,SILVERADO,BLANCO,PICK-UP,Liviana,INOPERATIVA,PARADA POR FALLA,SERVICIOS LOGISTICOS,RICARDO CONDE,,,,
2947,AC129UV,8XDEU7585B8A12947,FORD,EXPLORER,GRIS,PICK-UP,Liviana,OPERATIVA,OPERATIVA,GOIP,EDWIN CHACIN,,,,
7616,SIN PLACAS,3TMJU4GN5CM137616,TOYOTA,TACOMA,GRIS PLATA,PICK-UP,Liviana,OPERATIVA,OPERATIVA,SERVICIOS ELECTRICOS,GERMAN VILORIA,,,,
1587,A72AM6I,1N6AD0EV3CC471587,NISSAN,FRONTIER,GRIS,PICK-UP,Liviana,OPERATIVA,OPERATIVA,SERVICIOS ELECTRICOS,HARRISON OLIVARES,,,,
2869,AC123UV,8XDEU758OB8A12869,FORD,EXPLORER,GRIS MARRON,PICK-UP,Liviana,OPERATIVA,OPERATIVA,GOIP,JOSE BARBOZA,,,,
1105,SIN PLACAS,1FTMF1CMXCFC71105,FORD,F-150,BLANCO,PICK-UP,Liviana,EN PROCESO DE DESINCORPORACION,FUERA DE SERVICIO,TRANSPORTE TERRESTRE,TRANSPORTE TERRESTRE,,,,
4831,SIN PLACAS,1N6BAOCH6CN314831,NISSAN,TITAN,BLANCO,PICK-UP,Liviana,A DESINCORPORAR,PARADA POR FALLA,DIRECCION EJECUTIVA DE EXPLORACION Y EEII DE YACIMIENTOS(DEXEIY),FREDY NAVA,,,,
8693,SIN PLACAS,5TFJU4GN1CX028693,TOYOTA,TACOMA,GRIS,PICK-UP,Liviana,INOPERATIVA,PARADA POR FALLA,TRANSPORTE TERRESTRE,TRANSPORTE TERRESTRE,,,,
776,A49AK6V,8ZCNCRE0XBV323744,CHEVROLET,SILVERADO,BLANCO,PICK-UP,Liviana,INOPERATIVA,RECUPERADA DE PSPSA,PDVSA SERVICIOS PETROLEROS,CLAUDIA FARIAS,,,,
5492,SIN PLACAS,8ZNCL73C67V375492,CHEVROLET,VITARA,AZUL,PICK-UP,Liviana,INOPERATIVA,PARADA POR FALLA,SERVICIOS LOGISTICOS,MERLY CASTILLO,,,,
16528,99UDAN,8ZCEC14T82V310326,CHEVROLET,CHEYENNE,BLANCO,PICK-UP,Liviana,INOPERATIVA,RECUPERADA DE TALLER EXTERNO,TRANSPORTE TERRESTRE,TRANSPORTE TERRESTRE,,,,
21078,57HKAP,3FTRF17W77MA05726,FORD,F-150,BLANCO,PICK-UP,Liviana,INOPERATIVA,PARADA POR FALLA,SERVICIOS LOGISTICOS,EN PROCESO DE ASIGNACION,,,,
16606,61KVAT,8ZCEC14T75V307485,CHEVROLET,CHEYENNE,BLANCO,PICK-UP,Liviana,DESINCORPORADO,FUERA DE SERVICIO,COORDINACION OPERACIONAL,TRANSPORTE TERRESTRE,,,,
16739,03JABI,8ZCEC14T25V314411,CHEVROLET,CHEYENNE,BLANCO,PICK-UP,Liviana,A DESINCORPORAR,PARADA POR FALLA,GOIP,RAFAEL ROSAS,,,,
47096,A34BF3K,8YTSF2A69B8A47096,FORD,F-250,BLANCO,PICK-UP,Liviana,OPERATIVA,OPERATIVA,BARIVEN,JOSE VARGAS,,,,
16461,42KDAM,8ZCEC14T92V308858,CHEVROLET,CHEYENNE,BLANCO,PICK-UP,Liviana,EN PROCESO DE DESINCORPORACION,FUERA DE SERVICIO,TRANSPORTE TERRESTRE,TRANSPORTE TERRESTRE,,,,
786,A10AL5V,8ZCNCRE09BV326103,CHEVROLET,SILVERADO,BLANCO,PICK-UP,Liviana,A DESINCORPORAR,PARADA POR FALLA,COORDINACION OPERACIONAL,JESUS GOMEZ,,,,
799,A29AI5A,8ZCNCRE09BV336419,CHEVROLET,SILVERADO,BLANCO,PICK-UP,Liviana,INOPERATIVA,PARADA POR FALLA,SEGURIDAD INTEGRAL (DSI),ERVIN ECHEVERRIA,,,,
802,A84AI3A,8ZCNCRE06BV339455,CHEVROLET,SILVERADO,BLANCO,PICK-UP,Liviana,INOPERATIVA,PARADA POR FALLA,SERVICIOS ELECTRICOS,SERVICIOS ELECTRICOS,,,,
1101,SIN PLACAS,1GC0CVCG7DF141101,CHEVROLET,SILVERADO,BLANCO,PICK-UP,Liviana,INOPERATIVA,PARADA POR FALLA,SEGURIDAD INTEGRAL (DSI),JUAN MORILLO,,,,
5861,A72AM9I,1N6AD0EV6CC475861,NISSAN,FRONTIER,BLANCO,PICK-UP,Liviana,OPERATIVA,OPERATIVA,GOIP,HENRY GUTIERREZ,,,,
5925,SIN PLACAS,1N6AD0ER7CC465925,NISSAN,FRONTIER,BLANCO,PICK-UP,Liviana,OPERATIVA,OPERATIVA,DIVISIÓN SUR DEL LAGO TRUJILLO,DERWY COLMENARES,,,,
6918,SIN PLACAS,1N6ADOER4CC466918,NISSAN,FRONTIER,BLANCO,PICK-UP,Liviana,INOPERATIVA,PARADA POR FALLA,SERVICIOS ELECTRICOS,CARLOS RAMONES,,,,
8229,SIN PLACAS,1N6AAOCCXCN328229,NISSAN,TITAN,BLANCO,PICK-UP,Liviana,INOPERATIVA,PARADA POR FALLA,GOIP,GABRIEL GARCIA,,,,
8332,A73AM8I,1N6BAOCC8CN328332,NISSAN,TITAN,PLATA,PICK-UP,Liviana,A DESINCORPORAR,FUERA DE SERVICIO,SEGURIDAD INTEGRAL (DSI),NO APLICA,,,,
16651,14DGAX,8ZCEC14T25V310567,CHEVROLET,CHEYENNE,BLANCO,PICK-UP,Liviana,OPERATIVA,OPERATIVA,SERVICIOS ELECTRICOS,HECTOR SOLORZANO,,,,
16798,38HCAD,8ZCEC14T07V314300,CHEVROLET,CHEYENNE,BLANCO,PICK-UP,Liviana,INOPERATIVA,PARADA POR FALLA,SALUD,ANA REYES,,,,
20893,SIN PLACAS,1FTMF1CM8CFB20893,FORD,F-150,BLANCO,PICK-UP,Liviana,A DESINCORPORAR,FUERA DE SERVICIO,COORDINACION OPERACIONAL,VICTOR LATAN,,,,
21180,99SNAH,3FTRF17W07MA25283,FORD,F-150,BLANCO,PICK-UP,Liviana,INOPERATIVA,PARADA POR FALLA,TRANSPORTE TERRESTRE,JOSE CORDERO,,,,
21625,43SVAV,JN1CNUD227X461414,NISSAN,DOBLE CABINA,BLANCO,PICK-UP,Liviana,A DESINCORPORAR,FUERA DE SERVICIO,TRANSPORTE TERRESTRE,TRANSPORTE TERRESTRE,,,,
21890,17UVAT,JN1CNUD225X451281,NISSAN,DOBLE CABINA,BLANCO,PICK-UP,Liviana,A DESINCORPORAR,PARADA POR FALLA,SEGURIDAD INTEGRAL (DSI),RAFAEL SALAS,,,,
16616,48ZVAT,8ZCEC14T45V311624,CHEVROLET,CHEYENNE,BLANCO,PICK-UP,Liviana,DESINCORPORADO,FUERA DE SERVICIO,SERVICIOS LOGISTICOS,TRANSPORTE TERRESTRE,,,,
1688,A96AZ6N,LJNTGUC36MN401688,DONGFENG,RICH 6,BLANCO,PICK-UP,Liviana,A DESINCORPORAR,PARADA POR FALLA,SERVICIOS ELECTRICOS,KENNY NAVARRO,,,,
16628,62ZVAT,8ZCEC14T25V311945,CHEVROLET,CHEYENNE,BLANCO,PICK-UP,Liviana,OPERATIVA,OPERATIVA,TRANSPORTE TERRESTRE,JOSE RAMIREZ,,,,
13661,33PMBL,3FTRF17WX8MA13661,FORD,F-150,BLANCO,PICK-UP,Liviana,OPERATIVA,OPERATIVA,GOIP,ANGEL CALDERON,,,,
403652,A62AV1V,8ZCPSSCZ5BV403652,CHEVROLET,LUV DMAX,S/I,PICK-UP,Liviana,OPERATIVA,OPERATIVA,BARIVEN,GERARDO FARIAS,,,,
OCC70-017,AH427GA,JTERU71J9C4004505,TOYOTA,LAND CRUISER,BLANCO,RUSTICO,Liviana,INOPERATIVA,PARADA POR FALLA,SERVICIOS LOGISTICOS,JAICKER GONZALEZ,,,,
22261,SIN PLACAS,JTERU71J0A4001652,TOYOTA,LAND CRUISER,BLANCO,RUSTICO,Liviana,EN PROCESO DE DESINCORPORACION,FUERA DE SERVICIO,COORDINACION OPERACIONAL,TRANSPORTE TERRESTRE,,,,
22143,AE521JK,JTEFU71J2A4005611,TOYOTA,LAND CRUISER,BLANCO,RUSTICO,Liviana,A DESINCORPORAR,"RECUPERADA DE MUELLE SUR SSLL, POSEE DENUNCIA ANTE EL CICPC",SERVICIOS LOGISTICOS,JAICKER GONZALEZ,,,,
22306,SIN PLACAS,JTERU71J8A4002290,TOYOTA,LAND CRUISER,BLANCO,RUSTICO,Liviana,A DESINCORPORAR,FUERA DE SERVICIO,TRANSPORTE TERRESTRE,TRANSPORTE TERRESTRE,,,,
3187,SIN PLACAS,JTERU71J9A4003187,TOYOTA,LAND CRUISER,BLANCO,RUSTICO,Liviana,INOPERATIVA,PARADA POR FALLA,TRANSPORTE TERRESTRE,DOUGLAS OLLARVE,,,,
22273,AE658JK,JTERU71J5A4001551,TOYOTA,LAND CRUISER,BLANCO,RUSTICO,Liviana,INOPERATIVA,PARADA POR FALLA,TRANSPORTE TERRESTRE,EMILIO TORREALBA,,,,
22321,SIN PLACAS,JTERU71J8A4002354,TOYOTA,LAND CRUISER,BLANCO,RUSTICO,Liviana,EN PROCESO DE DESINCORPORACION,FUERA DE SERVICIO,SERVICIOS ELECTRICOS,TRANSPORTE TERRESTRE,,,,
22340,SIN PLACAS,JTERU71J1A4002454,TOYOTA,LAND CRUISER,BLANCO,RUSTICO,Liviana,A DESINCORPORAR,RECUPERADA DE PUERTO MIRANDA,COORDINACION OPERACIONAL,LUIS CHIRINOS,,,,
22329,AL081DA,JTERU71J9A4002394,TOYOTA,LAND CRUISER,BLANCO,RUSTICO,Liviana,A DESINCORPORAR,RECUPERADA DE TALLER AYACUCHO,SERVICIOS LOGISTICOS,TRANSPORTE TERRESTRE,,,,
22194,AE655JK,JTEFU71J8A4005127,TOYOTA,LAND CRUISER,BLANCO,RUSTICO,Liviana,A DESINCORPORAR,RECUPERADA DE PATIO TANQUES ULE,SEGURIDAD INTEGRAL (DSI),ALFREDO CARDOZO,,,,
22337,AI842NG,JTERU71J9A4002444,TOYOTA,LAND CRUISER,BLANCO,RUSTICO,Liviana,A DESINCORPORAR,FUERA DE SERVICIO,DIVISIÓN LAGO,TRANSPORTE TERRESTRE,,,,
2490,SIN PLACAS,JTERU71J5A4002490,TOYOTA,LAND CRUISER,BLANCO,RUSTICO,Liviana,EN PROCESO DE DESINCORPORACION,FUERA DE SERVICIO,DIVISIÓN LAGO,TRANSPORTE TERRESTRE,,,,
6226,AC236CB,3N1AB6AP3CL776226,NISSAN,SENTRA,GRIS,SEDAN,Liviana,OPERATIVA,OPERATIVA,AUDITORIA INTERNA,MOIRA ACURERO,,,,
18808,DBU88B,3N1EB31S26K313833,NISSAN,SENTRA CLASICO SINC.,PLATA,SEDAN,Liviana,INOPERATIVA,"REPARACION DE MOTOR, PINTURA Y REPARACION DEL SISTEMA DE AIRE.",TRANSPORTE TERRESTRE,JUAN ESCALONA,,,,
1498,AB579RR,1FADP3E20DL121498,FORD,FOCUS,GRIS OSCURO,SEDAN,Liviana,INOPERATIVA,PARADA POR FALLA,PPYG,VIRGILIO ARTEAGA,,,,
7861,SIN PLACAS,1FAHP3F23CL377861,FORD,FOCUS,GRIS,SEDAN,Liviana,OPERATIVA,OPERATIVA,DEPOCC,ALVARO OCANDO,,,,
18885,VCN97A,KNMC4C2HM7P626414,NISSAN,ALMERA B-10,NEGRO METALICO,SEDAN,Liviana,INOPERATIVA,PARADA POR FALLA,SEGURIDAD INTEGRAL (DSI),OSCAR MUJICA,,,,
5972,AL089DA,3N1AB6AP6CL785972,NISSAN,SENTRA,BLANCO,SEDAN,Liviana,OPERATIVA,OPERATIVA,OFICINA DE APOYO DEPOCC,LORENA RIVERA,,,,
6247,AB578RR,1FADP3F28DL136247,FORD,FOCUS,GRIS,SEDAN,Liviana,INOPERATIVA,PARADA POR FALLA,RECURSOS HUMANOS,ROGELIO COLMENARES,,,,
18932,VCT60K,KNMC4C2HM7P632562,NISSAN,ALMERA B-10,AZUL ZAFIRO,SEDAN,Liviana,INOPERATIVA,PARADA POR FALLA,SALUD,JOSE BRICEÑO,,,,
8473,SIN PLACAS,1FAHP3F26CL478473,FORD,FOCUS,VERDE,SEDAN,Liviana,OPERATIVA,OPERATIVA,SALUD,MAIRETH ACOSTA,,,,
18834,VCN42D,KNMC4C2HM7P625109,NISSAN,ALMERA B-10,AZUL INTENSO,SEDAN,Liviana,INOPERATIVA,PARADA POR FALLA,AIT,ALBERTO MARIN,,,,
2275,SIN PLACAS,1FAHP3F2XCL462275,FORD,FOCUS,GRIS,SEDAN,Liviana,INOPERATIVA,PARADA POR FALLA,SEGURIDAD INDUSTRIAL E HIGIENE OCUPACIONAL,JOSE PIÑA,,,,
3310,AL092DA,1FAHP3E26CL473310,FORD,FOCUS,GRIS OSCURO,SEDAN,Liviana,INOPERATIVA,PARADA POR FALLA,COORDINACION OPERACIONAL,JUAN GAMBOA,,,,
4419,AC161KB,1FADP3F25DL104419,FORD,FOCUS,GRIS,SEDAN,Liviana,INOPERATIVA,PARADA POR FALLA,ASUNTOS JURÍDICOS,ANA DUMITRU,,,,
18734,VBY34A,3N1CB51D75L53336,NISSAN,SENTRA GXE T/A,BLANCO,SEDAN,Liviana,INOPERATIVA,PARADA POR FALLA,SEGURIDAD INDUSTRIAL E HIGIENE OCUPACIONAL,PEDRO DIAZ,,,,
18776,DBU85A,3N1EB31S46K302283,NISSAN,SENTRA CLASICO SINC.,PLATA,SEDAN,Liviana,INOPERATIVA,INOPERATIVA,TRANSPORTE TERRESTRE,HOWARD GOTOPO,,,,
18786,DBU95A,3N1EB31S66K301774,NISSAN,SENTRA CLASICO SINC.,BLANCO,SEDAN,Liviana,INOPERATIVA,PARADA POR FALLA,AUDITORIA INTERNA,FEDERICO MOLERO,,,,
18817,IAK10M,3N1EB31S96K319225,NISSAN,SENTRA CLASICO SINC.,BLANCO,SEDAN,Liviana,OPERATIVA,OPERATIVA,TRANSPORTE TERRESTRE,JUAN ESCALONA,,,,
18849,VCN45C,KNMC4C2HM7P625012,NISSAN,ALMERA B-10,AZUL INTENSO,SEDAN,Liviana,OPERATIVA,OPERATIVA,GOIP,LUIS PEREZ,,,,
18850,VCN32D,KNMC4C2HM7P624683,NISSAN,ALMERA B-10,AZUL INDIGO,SEDAN,Liviana,INOPERATIVA,PARADA POR FALLA,TRANSPORTE TERRESTRE,JOSE ALVARADO,,,,
18854,VCN46D,KNMC4C2HM7P626484,NISSAN,ALMERA B-10,AZUL ZAFIRO,SEDAN,Liviana,INOPERATIVA,PARADA POR FALLA,GOIP,JAVIER FUENMAYOR,,,,
6118,AL946CA,3N1AB6AP4CL746118,NISSAN,SENTRA,GRIS,SEDAN,Liviana,INOPERATIVA,PARADA POR FALLA,DIVISIÓN LAGO,ALEJANDRO RONDON,,,,
336,AD779SV,8X7T1C120CD000336,CHERY,ORINOCO,ROJO,SEDAN,Liviana,EN PROCESO DE DESINCORPORACION,FUERA DE SERVICIO,DIVISIÓN LAGO,TRANSPORTE TERRESTRE,,,,
3689,AC111WA,8Z1JD5CB4BV323689,CHEVROLET,OPTRA,AZUL,SEDAN,Liviana,INOPERATIVA,PARADA POR FALLA,SERVICIOS LOGISTICOS,ALEJANDRO FERRER,,,,
18893,VCN96A,KNMC4C2HM7P626462,NISSAN,ALMERA B-10,NEGRO METALICO,SEDAN,Liviana,OPERATIVA,OPERATIVA,TRANSPORTE TERRESTRE,PEDRO POLANCO,,,,
16709,78IABI,8ZCEC14TX5V313099,CHEVROLET,CHEYENNE,BLANCO,PICK-UP,Liviana,A DESINCORPORAR,FUERA DE SERVICIO,"COL, DIVISIÓN COSTA ORIENTAL DEL LAGO",TRANSPORTE TERRESTRE,,,,
16342,SIN PLACAS,8ZCEC14T11V313891,CHEVROLET,CHEYENNE,BLANCO,PICK-UP,Liviana,EN FISCALIA,CHOCADA,SEGURIDAD INTEGRAL (DSI),NO APLICA,,,,
14806,SIN PLACAS,8YTER22X618-A11148,FORD,RANGER 4x4,BLANCO,PICK-UP,Liviana,EN FISCALIA,CHOCADA,GOIP,NO APLICA,,,,
16317,48VAAV,8ZCEC14T81V308381,CHEVROLET,CHEYENNE,BLANCO,PICK-UP,Liviana,EN FISCALIA,CHOCADA,SEGURIDAD INTEGRAL (DSI),NO APLICA,,,,
16366,SIN PLACAS,8ZCEC14T21V316072,CHEVROLET,CHEYENNE,BLANCO,PICK-UP,Liviana,EN FISCALIA,CHOCADA,GERENCIA REGIONAL DE VIVIENDA,NO APLICA,,,,
16395,03NDAM,8ZCEC14T82V306650,CHEVROLET,CHEYENNE,BLANCO,PICK-UP,Liviana,EN FISCALIA,CHOCADA,BARIVEN,NO APLICA,,,,
16396,04NDAM,8ZCEC14T92V306642,CHEVROLET,CHEYENNE,BLANCO,PICK-UP,Liviana,EN FISCALIA,CHOCADA,AIT,NO APLICA,,,,
16430,68MDAM,8ZCEC14T32V308287,CHEVROLET,CHEYENNE,BLANCO,PICK-UP,Liviana,A DESINCORPORAR,FUERA DE SERVICIO,SERVICIOS LOGISTICOS,NO APLICA,,,,
16599,69XVAT,8ZCEC14T15V307580,CHEVROLET,CHEYENNE,BLANCO,PICK-UP,Liviana,EN FISCALIA,CHOCADA,AIT,NO APLICA,,,,
16762,46EGAX,8ZCEC14T35V318807,CHEVROLET,CHEYENNE,BLANCO,PICK-UP,Liviana,EN FISCALIA,CHOCADA,COORDINACION OPERACIONAL,NO APLICA,,,,
21158,12VNAH,3FTRF17WX7MA25274,FORD,F-150,BLANCO,PICK-UP,Liviana,EN FISCALIA,CHOCADA,SERVICIOS ELECTRICOS,NO APLICA,,,,
21605,34UVAV,JN1CNUD227X461391,NISSAN,DOBLE CABINA,BLANCO,PICK-UP,Liviana,EN FISCALIA,CHOCADA,SEGURIDAD INTEGRAL (DSI),NO APLICA,,,,
21613,41SVAV,JU1CNUD227X461411,NISSAN,DOBLE CABINA,BLANCO,PICK-UP,Liviana,EN FISCALIA,CHOCADA,SEGURIDAD INTEGRAL (DSI),ARNOLDO ACOSTA,,,,
21901,91TVAT,JN1CNUD225A714296,NISSAN,DOBLE CABINA,BLANCO,PICK-UP,Liviana,EN FISCALIA,CHOCADA,SERVICIOS LOGISTICOS,NO APLICA,,,,
16354,SIN PLACAS,8ZCEC14T31V315920,CHEVROLET,CHEYENNE,BLANCO,PICK-UP,Liviana,EN FISCALIA,DETENIDA POR GUARDIA NACIONAL PUENTE RAFAEL URDANETA,"COL, DIVISIÓN COSTA ORIENTAL DEL LAGO",NO APLICA,,,,
16133,57WMAO,8ZCEC14T41V307566,CHEVROLET,CHEYENNE,BLANCO,PICK-UP,Liviana,EN FISCALIA,ROBO-RECUPERADO,"COL, DIVISIÓN COSTA ORIENTAL DEL LAGO",NO APLICA,,,,
16168,72MAAW,8ZCEC14T31V308224,CHEVROLET,CHEYENNE,BLANCO,PICK-UP,Liviana,EN FISCALIA,DETENIDA (ESTACIONAMIENTOS JUDICIALES),DIVISIÓN LAGO,NO APLICA,,,,
16318,40EAAW,8ZCEC14T61V308637,CHEVROLET,CHEYENNE,BLANCO,PICK-UP,Liviana,OPERATIVA,OPERATIVA,TRANSPORTE TERRESTRE,RICHARD RODRIGUEZ,,,,
16618,51ZVAT,8ZCEC14T95V311666,CHEVROLET,CHEYENNE,BLANCO,PICK-UP,Liviana,EN FISCALIA,DETENIDA (ESTACIONAMIENTOS JUDICIALES),DIVISIÓN LAGO,NO APLICA,,,,
16696,76IABI,8ZCEC14T35V313087,CHEVROLET,CHEYENNE,BLANCO,PICK-UP,Liviana,EN FISCALIA,DETENIDA (ESTACIONAMIENTOS JUDICIALES),DIVISIÓN LAGO,NO APLICA,,,,
16479,20MDAM,8ZCEC14T12V306604,CHEVROLET,CHEYENNE,BLANCO,PICK-UP,Liviana,EN FISCALIA,QUEMADA,"OCC, DIVISIÓN COSTA OCCIDENTAL",NO APLICA,,,,
21500,TAL11F,8XA21UJ7258001368,TOYOTA,LAND CRUISER,BLANCO,RUSTICO,Liviana,EN FISCALIA,CHOCADA,SEGURIDAD INTEGRAL (DSI),NO APLICA,,,,
21520,TAL01F,8XA21UJ7258001445,TOYOTA,LAND CRUISER,BLANCO,RUSTICO,Liviana,EN FISCALIA,CHOCADA,SEGURIDAD INTEGRAL (DSI),NO APLICA,,,,
21523,TAL56F,8XA21UJ7258001475,TOYOTA,LAND CRUISER,BLANCO,RUSTICO,Liviana,EN FISCALIA,ROBO-RECUPERADO,SEGURIDAD INTEGRAL (DSI),NO APLICA,,,,
22045,SIN PLACAS,JTEFU71JOA4005557,TOYOTA,LAND CRUISER,BLANCO,RUSTICO,Liviana,EN FISCALIA,VOLCADA,SEGURIDAD INTEGRAL (DSI),NO APLICA,,,,
22206,SIN PLACAS,JTEFU71J0A4005123,TOYOTA,LAND CRUISER,BLANCO,RUSTICO,Liviana,EN FISCALIA,DESMANTELADA,SEGURIDAD INTEGRAL (DSI),FREDDY MENDOZA,,,,
22298,SIN PLACAS,JTERU71JXA4001870,TOYOTA,LAND CRUISER,BLANCO,RUSTICO,Liviana,EN FISCALIA,CHOCADA VOLCADA PERDIDA TOTAL,RELACIONES GUBERNAMENTALES PROPIEDADES Y CATASTRO,NO APLICA,,,,
22341,SIN PLACAS,JTERU71J5A4002456,TOYOTA,LAND CRUISER,BLANCO,RUSTICO,Liviana,EN FISCALIA,ROBO RECUPERADO,SEGURIDAD INTEGRAL (DSI),NO APLICA,,,,
22395,AL064DA,JTERU71J8A4001754,TOYOTA,LAND CRUISER,BLANCO,RUSTICO,Liviana,EN FISCALIA,CHOCADA,SEGURIDAD INTEGRAL (DSI),NO APLICA,,,,
OCC70-029,AF587AM,JTERU71JXC4004464,TOYOTA,LAND CRUISER,BLANCO,RUSTICO,Liviana,EN FISCALIA,CHOCADA,TRANSPORTE TERRESTRE,NO APLICA,,,,
OCC70-047,AA010PH,JTERU71J1C4004577,TOYOTA,LAND CRUISER,BLANCO,RUSTICO,Liviana,EN FISCALIA,ROBO RECUPERADO,AMBIENTE,NO APLICA,,,,
22130,SIN PLACAS,JTEFU71J1A4005955,TOYOTA,LAND CRUISER,BLANCO,RUSTICO,Liviana,EN FISCALIA,DETENIDA (ESTACIONAMIENTOS JUDICIALES),"COL, DIVISIÓN COSTA ORIENTAL DEL LAGO",NO APLICA,,,,
OCC70-071,SIN PLACAS,JTERU71J8C4004527,TOYOTA,LAND CRUISER,BLANCO,RUSTICO,Liviana,EN FISCALIA,ROBO RECUPERADO,"COL, DIVISIÓN COSTA ORIENTAL DEL LAGO",NO APLICA,,,,
OCC70-024,AA046PH,JTERU71J1C4004563,TOYOTA,LAND CRUISER,BLANCO,RUSTICO,Liviana,EN FISCALIA,DETENIDA (ESTACIONAMIENTOS JUDICIALES),"COL, DIVISIÓN COSTA ORIENTAL DEL LAGO",NO APLICA,,,,
OCC70-046,AF532AM,JTERU71J7C4004468,TOYOTA,LAND CRUISER,BLANCO,RUSTICO,Liviana,EN FISCALIA,DETENIDA POLICIA DE YARACUY,"COL, DIVISIÓN COSTA ORIENTAL DEL LAGO",ALIAN ROJAS,,,,
2753,SIN PLACAS,JTERU71JOA4002753,TOYOTA,LAND CRUISER,BLANCO,RUSTICO,Liviana,EN FISCALIA,CHOCADA,DIVISIÓN LAGO,NO APLICA,,,,
3208,SIN PLACAS,JTERU71J2A4003208,TOYOTA,LAND CRUISER,BLANCO,RUSTICO,Liviana,EN FISCALIA,FUERA DE SERVICIO,DIVISIÓN LAGO,NO APLICA,,,,
22188,SIN PLACAS,JTEFU71J1A4005762,TOYOTA,LAND CRUISER,BLANCO,RUSTICO,Liviana,EN FISCALIA,CHOCADA PUNTA GORDA,DIVISIÓN LAGO,NO APLICA,,,,
22389,AE652JK,JTERU71J5A4003140,TOYOTA,LAND CRUISER,BLANCO,RUSTICO,Liviana,EN FISCALIA,CHOCADA PERDIDA TOTAL,DIVISIÓN SUR DEL LAGO TRUJILLO,NO APLICA,,,,
22233,SIN PLACAS,JTEFU71J5A4005554,TOYOTA,LAND CRUISER,BLANCO,RUSTICO,Liviana,EN FISCALIA,CHOCADA,"OCC, DIVISIÓN COSTA OCCIDENTAL",NO APLICA,,,,
22390,AL085DA,JTERU71J4A4003159,TOYOTA,LAND CRUISER,BLANCO,RUSTICO,Liviana,EN FISCALIA,ROBO RECUPERADO,"OCC, DIVISIÓN COSTA OCCIDENTAL",NO APLICA,,,,
18890,VCN39B,KNMC4C2HM7P625451,NISSAN,ALMERA B-10,BEIGE INTENSO,SEDAN,Liviana,EN FISCALIA,ROBADA / RECUPERADA,GOIP,NO APLICA,,,,
2173,AC239KB,3N1AB6AP9CL752173,NISSAN,SENTRA,GRIS,SEDAN,Liviana,EN FISCALIA,ROBO-RECUPERADO,AIT,NO APLICA,,,,
18027,VBK63D,8XA53AEB122020989,TOYOTA,COROLLA,PLATA,SEDAN,Liviana,EN FISCALIA,CHOCADA,SEGURIDAD INTEGRAL (DSI),NO APLICA,,,,
18028,VBK64D,8XA53AEB122020988,TOYOTA,COROLLA,PLATA,SEDAN,Liviana,EN FISCALIA,CHOCADA,INTI,NO APLICA,,,,
18809,DBU90B,3N1EB31S36K313615,NISSAN,SENTRA CLASICO SINC.,PLATA,SEDAN,Liviana,EN FISCALIA,CHOCADA,BARIVEN,NO APLICA,,,,
18763,VCB96G,3N1CB51D95L518935,NISSAN,SENTRA GXE T/A,BLANCO,SEDAN,Liviana,EN FISCALIA,DETENIDA (ESTACIONAMIENTOS JUDICIALES),DIVISIÓN LAGO,NO APLICA,,,,
16304,70SMAP,8ZCEC14TX1V308754,CHEVROLET,CHEYENNE,BLANCO,PICK-UP,Liviana,SOLICITADO,ROBADA,GOIP,NO APLICA,,,,
16494,86KDAM,8ZCEC14T52V309294,CHEVROLET,CHEYENNE,BLANCO,PICK-UP,Liviana,SOLICITADO,ROBADA,GOIP,NO APLICA,,,,
16761,47EGAX,8ZCEC14T55V318825,CHEVROLET,CHEYENNE,BLANCO,PICK-UP,Liviana,SOLICITADO,ROBADA,GOIP,NO APLICA,,,,
21893,05UVAT,JN1CNUD225X451372,NISSAN,DOBLE CABINA,BLANCO,PICK-UP,Liviana,SOLICITADO,ROBADA,GOIP,NO APLICA,,,,
780,A10AL3V,8ZCNCRE08BV325802,CHEVROLET,SILVERADO,BLANCO,PICK-UP,Liviana,SOLICITADO,ROBADA,SERVICIOS LOGISTICOS,NO APLICA,,,,
795,A29AI6A,8ZCNCRE07BV336466,CHEVROLET,SILVERADO,BLANCO,PICK-UP,Liviana,SOLICITADO,ROBADA,TRANSPORTE TERRESTRE,NO APLICA,,,,
797,A63AI4A,8ZCNCRE01BV336107,CHEVROLET,SILVERADO,BLANCO,PICK-UP,Liviana,SOLICITADO,ROBADA,SEGURIDAD INTEGRAL (DSI),NO APLICA,,,,
1794,SIN PLACAS,8XCEC24J59V331794,CHEVROLET,SILVERADO,BLANCO,PICK-UP,Liviana,SOLICITADO,ROBADA,AIT,NO APLICA,,,,
3420,SIN PLACAS,1GCOCVCG9CF243420,CHEVROLET,SILVERADO,BLANCO,PICK-UP,Liviana,SOLICITADO,ROBADA,GOIP,NO APLICA,,,,
13692,87WVAA,AJF1VP21723,FORD,F-150,BLANCO,PICK-UP,Liviana,SOLICITADO,ROBADA,SEGURIDAD INTEGRAL (DSI),NO APLICA,,,,
16296,26UAAU,8ZCEC14T11V309159,CHEVROLET,CHEYENNE,BLANCO,PICK-UP,Liviana,SOLICITADO,ROBADA,SERVICIOS ELECTRICOS,NO APLICA,,,,
16301,56KMAS,8ZCEC14T61V308766,CHEVROLET,CHEYENNE,BLANCO,PICK-UP,Liviana,SOLICITADO,ROBADA,BARIVEN,NO APLICA,,,,
16309,79DAAW,8ZCEC14TX1V309242,CHEVROLET,CHEYENNE,BLANCO,PICK-UP,Liviana,SOLICITADO,ROBADA,GOIP,NO APLICA,,,,
16364,SIN PLACAS,8ZCEC14T51V316017,CHEVROLET,CHEYENNE,BLANCO,PICK-UP,Liviana,SOLICITADO,ROBADA,GOIP,NO APLICA,,,,
16370,SIN PLACAS,8ZCEC14T71V315774,CHEVROLET,CHEYENNE,BLANCO,PICK-UP,Liviana,SOLICITADO,ROBADA,SEGURIDAD INTEGRAL (DSI),NO APLICA,,,,
16384,SIN PLACAS,8ZCEC14T81V310714,CHEVROLET,CHEYENNE,BLANCO,PICK-UP,Liviana,SOLICITADO,ROBADA,TRANSPORTE TERRESTRE,NO APLICA,,,,
16469,63KDAM,8ZCEC14T42V309075,CHEVROLET,CHEYENNE,BLANCO,PICK-UP,Liviana,SOLICITADO,ROBADA,GOIP,NO APLICA,,,,
16517,55LDAM,8ZCEC14T02V309896,CHEVROLET,CHEYENNE,BLANCO,PICK-UP,Liviana,SOLICITADO,ROBADA,SERVICIOS ELECTRICOS,NO APLICA,,,,
16565,03VDAN,8ZCEC14TX2V310442,CHEVROLET,CHEYENNE,BLANCO,PICK-UP,Liviana,SOLICITADO,ROBADA,COORDINACION OPERACIONAL,NO APLICA,,,,
16602,64XVAT,8ZCEC14T95V307570,CHEVROLET,CHEYENNE,BLANCO,PICK-UP,Liviana,SOLICITADO,ROBADA,SEGURIDAD INTEGRAL (DSI),NO APLICA,,,,
16604,62KVAT,8ZCEC14T45V307492,CHEVROLET,CHEYENNE,BLANCO,PICK-UP,Liviana,SOLICITADO,ROBADA,SERVICIOS ELECTRICOS,NO APLICA,,,,
16705,95IABI,8ZCEC14T55V314285,CHEVROLET,CHEYENNE,BLANCO,PICK-UP,Liviana,SOLICITADO,ROBADA,GOIP,NO APLICA,,,,
16755,52EGAX,8ZCEC14T35V318872,CHEVROLET,CHEYENNE,BLANCO,PICK-UP,Liviana,SOLICITADO,ROBADA,GOIP,NO APLICA,,,,
16768,41EGAX,8ZCEC14T75V318776,CHEVROLET,CHEYENNE,BLANCO,PICK-UP,Liviana,SOLICITADO,ROBADA,SEGURIDAD INDUSTRIAL E HIGIENE OCUPACIONAL,NO APLICA,,,,
16771,57JABI,8ZCEC14T75V314663,CHEVROLET,CHEYENNE,BLANCO,PICK-UP,Liviana,SOLICITADO,ROBADA,MPETROLEO,NO APLICA,,,,
16776,65JABI,8ZCEC14T55V315598,CHEVROLET,CHEYENNE,BLANCO,PICK-UP,Liviana,SOLICITADO,ROBADA,MPETROLEO,NO APLICA,,,,
16800,36HCAD,8ZCEC14T17V314094,CHEVROLET,CHEYENNE,BLANCO,PICK-UP,Liviana,SOLICITADO,ROBADA,MPETROLEO,NO APLICA,,,,
16813,29WVAY,1GCEC14J27Z628220,CHEVROLET,SILVERADO,BLANCO,PICK-UP,Liviana,SOLICITADO,ROBADA,COORDINACION OPERACIONAL,NO APLICA,,,,
16845,A36AB2G,8ZCEC14J68V321154,CHEVROLET,SILVERADO,BLANCO,PICK-UP,Liviana,SOLICITADO,ROBADA,SEGURIDAD INTEGRAL (DSI),NO APLICA,,,,
16851,A36AB1G,8ZCEC14J38V322309,CHEVROLET,SILVERADO,BLANCO,PICK-UP,Liviana,SOLICITADO,ROBADA,GERENCIA REGIONAL DE VIVIENDA,NO APLICA,,,,
21073,57NKAM,8YTRF172958A43325,FORD,F-150,BLANCO,PICK-UP,Liviana,SOLICITADO,ROBADA,SEGURIDAD INTEGRAL (DSI),NO APLICA,,,,
21119,48FKAR,3FTRF17W47MA17347,FORD,F-150,BLANCO,PICK-UP,Liviana,SOLICITADO,ROBADA,PROYECTOS MAYORES,NO APLICA,,,,
21173,18TNAH,3FTRF17W77MA25443,FORD,F-150,BLANCO,PICK-UP,Liviana,SOLICITADO,ROBADA,MPETROLEO,NO APLICA,,,,
21182,37TNAH,3FTRF17W47MA25321,FORD,F-150,BLANCO,PICK-UP,Liviana,SOLICITADO,ROBADA,GOIP,NO APLICA,,,,
21700,53TVAT,JN1CNUD225A714262,NISSAN,DOBLE CABINA,BLANCO,PICK-UP,Liviana,SOLICITADO,ROBADA,GERENCIA REGIONAL DE VIVIENDA,NO APLICA,,,,
21862,98UVAT,JN1CNUD225A714249,NISSAN,DOBLE CABINA,BLANCO,PICK-UP,Liviana,SOLICITADO,ROBADA,MPETROLEO,NO APLICA,,,,
21863,62TVAT,JN1CNUD225A714270,NISSAN,DOBLE CABINA,BLANCO,PICK-UP,Liviana,SOLICITADO,ROBADA,MPETROLEO,NO APLICA,,,,
21864,58TVAT,JN1CNUD225A714199,NISSAN,DOBLE CABINA,BLANCO,PICK-UP,Liviana,SOLICITADO,ROBADA,MPETROLEO,NO APLICA,,,,
1763,A00A02A,8ZCNCRE05BG351763,CHEVROLET,SILVERADO,BLANCO,PICK-UP,Liviana,SOLICITADO,ROBADA,DIVISIÓN LAGO,NO APLICA,,,,
8351,SIN PLACAS,1N6ADOEVCC468351,NISSAN,FRONTIER,BLANCO,PICK-UP,Liviana,SOLICITADO,ROBADA,DIVISIÓN LAGO,NO APLICA,,,,
21604,31UVAV,JN1CNUD227X461385,NISSAN,DOBLE CABINA,BLANCO,PICK-UP,Liviana,SOLICITADO,ROBADA,DIVISIÓN LAGO,NO APLICA,,,,
21085,12ENAH,3FTRF117W37MA19610,FORD,F-150,BLANCO,PICK-UP,Liviana,SOLICITADO,ROBADA,DIVISIÓN SUR DEL LAGO TRUJILLO,NO APLICA,,,,
774,A49AK3V,8ZCNCRE01BV323714,CHEVROLET,SILVERADO,BLANCO,PICK-UP,Liviana,SOLICITADO,ROBADA,"OCC, DIVISIÓN COSTA OCCIDENTAL",NO APLICA,,,,
2377,SIN PLACAS,JTERU71J9A4002377,TOYOTA,LAND CRUISER,BLANCO,RUSTICO,Liviana,SOLICITADO,ROBADA,GOIP,NO APLICA,,,,
1597,SIN PLACAS,JTERU71J7A4001597,TOYOTA,LAND CRUISER,BLANCO,RUSTICO,Liviana,SOLICITADO,ROBADA,GERENCIA REGIONAL DE VIVIENDA,NO APLICA,,,,
2473,SIN PLACAS,JTERU71J5A4002473,TOYOTA,LAND CRUISER,BLANCO,RUSTICO,Liviana,SOLICITADO,ROBADA,GOIP,NO APLICA,,,,
22041,SIN PLACAS,JTEFU71J4A4005657,TOYOTA,LAND CRUISER,BLANCO,RUSTICO,Liviana,SOLICITADO,ROBADA,SEGURIDAD INTEGRAL (DSI),NO APLICA,,,,
22068,AE502JK,JTEFU71J2A4005639,TOYOTA,LAND CRUISER,BLANCO,RUSTICO,Liviana,SOLICITADO,ROBADA,GERENCIA REGIONAL DE VIVIENDA,NO APLICA,,,,
22077,SIN PLACAS,JTEFU71J6A4005370,TOYOTA,LAND CRUISER,BLANCO,RUSTICO,Liviana,SOLICITADO,ROBADA,PROYECTOS MAYORES,NO APLICA,,,,
22120,AL981CA,JTEFU71J4A4005867,TOYOTA,LAND CRUISER,BLANCO,RUSTICO,Liviana,SOLICITADO,ROBADA,GERENCIA REGIONAL DE VIVIENDA,NO APLICA,,,,
22154,SIN PLACAS,JTEFU71J3A4005777,TOYOTA,LAND CRUISER,BLANCO,RUSTICO,Liviana,SOLICITADO,ROBADA,SERVICIOS ELECTRICOS,NO APLICA,,,,
22167,SIN PLACAS,JTEFU71J4A4005402,TOYOTA,LAND CRUISER,BLANCO,RUSTICO,Liviana,SOLICITADO,ROBADA,GERENCIA REGIONAL DE VIVIENDA,NO APLICA,,,,
22170,AL988CA,JTEFU71J7A4005958,TOYOTA,LAND CRUISER,BLANCO,RUSTICO,Liviana,SOLICITADO,ROBADA,GERENCIA REGIONAL DE VIVIENDA,NO APLICA,,,,
22243,SIN PLACAS,JTERU71J6A4001624,TOYOTA,LAND CRUISER,BLANCO,RUSTICO,Liviana,SOLICITADO,ROBADA,TRANSPORTE TERRESTRE,NO APLICA,,,,
22279,SIN PLACAS,JTERU71J7A4001647,TOYOTA,LAND CRUISER,BLANCO,RUSTICO,Liviana,SOLICITADO,ROBADA,TRANSPORTE TERRESTRE,NO APLICA,,,,
22323,SIN PLACAS,JTERU71J3A4002357,TOYOTA,LAND CRUISER,BLANCO,RUSTICO,Liviana,SOLICITADO,ROBADA,SERVICIOS LOGISTICOS,NO APLICA,,,,
22332,SIN PLACAS,JTERU71J9A4002413,TOYOTA,LAND CRUISER,BLANCO,RUSTICO,Liviana,SOLICITADO,ROBADA,COORDINACION OPERACIONAL,NO APLICA,,,,
22347,SIN PLACAS,JTERU71J6A4002529,TOYOTA,LAND CRUISER,BLANCO,RUSTICO,Liviana,SOLICITADO,ROBADA,COORDINACION OPERACIONAL,NO APLICA,,,,
22350,SIN PLACAS,JTERU71J8A4002547,TOYOTA,LAND CRUISER,BLANCO,RUSTICO,Liviana,SOLICITADO,ROBADA,SERVICIOS LOGISTICOS,NO APLICA,,,,
22369,SIN PLACAS,JTERU71J1A4002633,TOYOTA,LAND CRUISER,BLANCO,RUSTICO,Liviana,SOLICITADO,ROBADA,SERVICIOS ELECTRICOS,NO APLICA,,,,
22264,SIN PLACAS,JTERU71J3A4001533,TOYOTA,LAND CRUISER,BLANCO,RUSTICO,Liviana,SOLICITADO,ROBADA,SERVICIOS LOGISTICOS,NO APLICA,,,,
22387,AL088DA,JTERU71J2A4003113,TOYOTA,LAND CRUISER,BLANCO,RUSTICO,Liviana,SOLICITADO,ROBADA,SERVICIOS ELECTRICOS,NO APLICA,,,,
22403,SIN PLACAS,JTERU71J8A4001995,TOYOTA,LAND CRUISER,BLANCO,RUSTICO,Liviana,SOLICITADO,ROBADA,SERVICIOS ELECTRICOS,NO APLICA,,,,
22409,AL084DA,JTERU71J4A4002223,TOYOTA,LAND CRUISER,BLANCO,RUSTICO,Liviana,SOLICITADO,ROBADA,SERVICIOS ELECTRICOS,NO APLICA,,,,
OCC70-007,AA048PH,JTERU71J2C4004605,TOYOTA,LAND CRUISER,BLANCO,RUSTICO,Liviana,SOLICITADO,ROBADA,SERVICIOS LOGISTICOS,NO APLICA,,,,
OCC70-014,AH238WA,JTERU71J1C4004675,TOYOTA,LAND CRUISER,BLANCO,RUSTICO,Liviana,SOLICITADO,ROBADA,COORDINACION OPERACIONAL,NO APLICA,,,,
OCC70-015,AH342GA,JTERU71J4C4004539,TOYOTA,LAND CRUISER,BLANCO,RUSTICO,Liviana,SOLICITADO,ROBADA,GERENCIA REGIONAL DE VIVIENDA,NO APLICA,,,,
OCC70-016,AF591AM,JTERU71J8C4004673,TOYOTA,LAND CRUISER,BLANCO,RUSTICO,Liviana,SOLICITADO,ROBADA,TRANSPORTE TERRESTRE,NO APLICA,,,,
OCC70-020,AH232WA,JTERU71J7C4004552,TOYOTA,LAND CRUISER,BLANCO,RUSTICO,Liviana,SOLICITADO,ROBADA,SEGURIDAD INDUSTRIAL E HIGIENE OCUPACIONAL,NO APLICA,,,,
OCC70-038,AH226WA,JTERU71J5C4004680,TOYOTA,LAND CRUISER,BLANCO,RUSTICO,Liviana,SOLICITADO,ROBADA,SERVICIOS LOGISTICOS,NO APLICA,,,,
OCC70-044,AF507AM,JTERU71J7C4004549,TOYOTA,LAND CRUISER,BLANCO,RUSTICO,Liviana,SOLICITADO,ROBADA,AIT,NO APLICA,,,,
OCC70-051,AH217WA,JTERU71J0C4004571,TOYOTA,LAND CRUISER,BLANCO,RUSTICO,Liviana,SOLICITADO,ROBADA,GERENCIA REGIONAL DE VIVIENDA,NO APLICA,,,,
OCC70-052,AA041PH,JTERU71J0C4004683,TOYOTA,LAND CRUISER,BLANCO,RUSTICO,Liviana,SOLICITADO,ROBADA,AMBIENTE,NO APLICA,,,,
OCC70-059,AH419GA,JTERU71J2C4004670,TOYOTA,LAND CRUISER,BLANCO,RUSTICO,Liviana,SOLICITADO,ROBADA,SERVICIOS ELECTRICOS,NO APLICA,,,,
OCC70-061,AH327GA,JTERU71J9C4004584,TOYOTA,LAND CRUISER,BLANCO,RUSTICO,Liviana,SOLICITADO,ROBADA,COORDINACION OPERACIONAL,NO APLICA,,,,
OCC70-062,AH231WA,JTERU71JSC4004629,TOYOTA,LAND CRUISER,BLANCO,RUSTICO,Liviana,SOLICITADO,ROBADA,COORDINACION OPERACIONAL,NO APLICA,,,,
OCC70-063,AA027PH,JTERU71J2C4004684,TOYOTA,LAND CRUISER,BLANCO,RUSTICO,Liviana,SOLICITADO,ROBADA,COORDINACION OPERACIONAL,NO APLICA,,,,
OCC70-069,AF567AM,JTERU71J9C4004682,TOYOTA,LAND CRUISER,BLANCO,RUSTICO,Liviana,SOLICITADO,ROBADA,AIT,NO APLICA,,,,
OCC70-072,AF536AM,JTERU71J4C4004508,TOYOTA,LAND CRUISER,BLANCO,RUSTICO,Liviana,SOLICITADO,ROBADA,TRANSPORTE TERRESTRE,NO APLICA,,,,
OCC70-078,AF539AM,JTERU71J8C4004706,TOYOTA,LAND CRUISER,BLANCO,RUSTICO,Liviana,SOLICITADO,ROBADA,AIT,NO APLICA,,,,
OCC70-080,AF534AM,JTERU71J5C4004470,TOYOTA,LAND CRUISER,BLANCO,RUSTICO,Liviana,SOLICITADO,ROBADA,GOBERNACION DE TRUJILLO,NO APLICA,,,,
22334,SIN PLACAS,JTERU71J6A4002420,TOYOTA,LAND CRUISER,BLANCO,RUSTICO,Liviana,SOLICITADO,ROBADA,"COL, DIVISIÓN COSTA ORIENTAL DEL LAGO",NO APLICA,,,,
22171,SIN PLACAS,JTEFU71J0A4005767,TOYOTA,LAND CRUISER,BLANCO,RUSTICO,Liviana,SOLICITADO,ROBADA,"COL, DIVISIÓN COSTA ORIENTAL DEL LAGO",NO APLICA,,,,
OCC70-042,AF571AM,JTERU71J2C4004488,TOYOTA,LAND CRUISER,BLANCO,RUSTICO,Liviana,SOLICITADO,ROBADA,"COL, DIVISIÓN COSTA ORIENTAL DEL LAGO",NO APLICA,,,,
22095,SIN PLACAS,JTEFU71J9A4005153,TOYOTA,LAND CRUISER,BLANCO,RUSTICO,Liviana,SOLICITADO,ROBADA,"COL, DIVISIÓN COSTA ORIENTAL DEL LAGO",NO APLICA,,,,
22112,SIN PLACAS,JTEFU71J9A4005766,TOYOTA,LAND CRUISER,BLANCO,RUSTICO,Liviana,SOLICITADO,ROBADA,"COL, DIVISIÓN COSTA ORIENTAL DEL LAGO",NO APLICA,,,,
22123,SIN PLACAS,JTEFU71J9A4005878,TOYOTA,LAND CRUISER,BLANCO,RUSTICO,Liviana,SOLICITADO,ROBADA,"COL, DIVISIÓN COSTA ORIENTAL DEL LAGO",NO APLICA,,,,
22357,SIN PLACAS,JTERU71J6A4002594,TOYOTA,LAND CRUISER,BLANCO,RUSTICO,Liviana,SOLICITADO,ROBADA,"COL, DIVISIÓN COSTA ORIENTAL DEL LAGO",NO APLICA,,,,
22371,SIN PLACAS,JTERU71J6A4002644,TOYOTA,LAND CRUISER,BLANCO,RUSTICO,Liviana,SOLICITADO,ROBADA,"COL, DIVISIÓN COSTA ORIENTAL DEL LAGO",NO APLICA,,,,
OCC70-090,AF128EM,JTERU71J2C4005298,TOYOTA,LAND CRUISER,BLANCO,RUSTICO,Liviana,SOLICITADO,ROBADA,"COL, DIVISIÓN COSTA ORIENTAL DEL LAGO",NO APLICA,,,,
1557,SIN PLACAS,JTERU71J6A4001557,TOYOTA,LAND CRUISER,BLANCO,RUSTICO,Liviana,SOLICITADO,ROBADA,DIVISIÓN LAGO,NO APLICA,,,,
2479,SIN PLACAS,JTERU716A4002479,TOYOTA,LAND CRUISER,BLANCO,RUSTICO,Liviana,SOLICITADO,ROBADA,DIVISIÓN LAGO,HUMPRHEY ARIZA,,,,
2498,SIN PLACAS,JTERU71J1A4002498,TOYOTA,LAND CRUISER,BLANCO,RUSTICO,Liviana,SOLICITADO,ROBADA,DIVISIÓN LAGO,NO APLICA,,,,
3038,SIN PLACAS,JTERU71J3A4003038,TOYOTA,LAND CRUISER,BLANCO,RUSTICO,Liviana,SOLICITADO,ROBADA,DIVISIÓN LAGO,NO APLICA,,,,
3130,AE530JK,JTERU71J2A4003130,TOYOTA,LAND CRUISER,BLANCO,RUSTICO,Liviana,SOLICITADO,ROBADA,DIVISIÓN LAGO,NO APLICA,,,,
11012,SIN PLACAS,JTERU71J0A4002431,TOYOTA,LAND CRUISER,BLANCO,RUSTICO,Liviana,SOLICITADO,ROBO RECUPERADO,DIVISIÓN LAGO,NO APLICA,,,,
22297,SIN PLACAS,JTERU71J0A4001859,TOYOTA,LAND CRUISER,BLANCO,RUSTICO,Liviana,SOLICITADO,ROBADA,DIVISIÓN LAGO,NO APLICA,,,,
22315,SIN PLACAS,JTERU71J7A4002331,TOYOTA,LAND CRUISER,BLANCO,RUSTICO,Liviana,SOLICITADO,ROBADA,DIVISIÓN LAGO,NO APLICA,,,,
22402,SIN PLACAS,JTERU71J5A4001940,TOYOTA,LAND CRUISER,BLANCO,RUSTICO,Liviana,SOLICITADO,ROBADA,DIVISIÓN LAGO,NO APLICA,,,,
22404,SIN PLACAS,JTERU71J0A4002042,TOYOTA,LAND CRUISER,BLANCO,RUSTICO,Liviana,SOLICITADO,ROBADA,DIVISIÓN LAGO,NO APLICA,,,,
OCC70-040,AH195GA,JTERU71J0C4004697,TOYOTA,LAND CRUISER,BLANCO,RUSTICO,Liviana,SOLICITADO,ROBADA,DIVISIÓN LAGO,NO APLICA,,,,
OCC70-041,AA021PH,JTERU71J2C4004622,TOYOTA,LAND CRUISER,BLANCO,RUSTICO,Liviana,SOLICITADO,ROBADA,DIVISIÓN LAGO,NO APLICA,,,,
22149,SIN PLACAS,JTEFU71JXA4005419,TOYOTA,LAND CRUISER,BLANCO,RUSTICO,Liviana,SOLICITADO,ROBADA,DIVISIÓN SUR DEL LAGO TRUJILLO,NO APLICA,,,,
22158,AI844NG,JTEFU71J8A4005080,TOYOTA,LAND CRUISER,BLANCO,RUSTICO,Liviana,SOLICITADO,ROBADA,DIVISIÓN SUR DEL LAGO TRUJILLO,NO APLICA,,,,
22372,SIN PLACAS,JTERU71JXA4002694,TOYOTA,LAND CRUISER,BLANCO,RUSTICO,Liviana,SOLICITADO,ROBADA,DIVISIÓN SUR DEL LAGO TRUJILLO,NO APLICA,,,,
22065,SIN PLACAS,JTEFU71JXA4005503,TOYOTA,LAND CRUISER,BLANCO,RUSTICO,Liviana,SOLICITADO,ROBADA,"OCC, DIVISIÓN COSTA OCCIDENTAL",NO APLICA,,,,
22180,SIN PLACAS,JTEFU71J3A4005472,TOYOTA,LAND CRUISER,BLANCO,RUSTICO,Liviana,SOLICITADO,ROBADA,"OCC, DIVISIÓN COSTA OCCIDENTAL",NO APLICA,,,,
22235,SIN PLACAS,JTEFU71JXA4005324,TOYOTA,LAND CRUISER,BLANCO,RUSTICO,Liviana,SOLICITADO,ROBADA,"OCC, DIVISIÓN COSTA OCCIDENTAL",NO APLICA,,,,
22172,SIN PLACAS,JTEFU71J9A4005721,TOYOTA,LAND CRUISER,BLANCO,RUSTICO,Liviana,SOLICITADO,ROBADA,"OCC, DIVISIÓN COSTA OCCIDENTAL",NO APLICA,,,,
22349,SIN PLACAS,JTERU71J0A4002543,TOYOTA,LAND CRUISER,BLANCO,RUSTICO,Liviana,SOLICITADO,ROBADA,"COL, DIVISIÓN COSTA ORIENTAL DEL LAGO",NO APLICA,,,,
AF860CM,AF860CM,POR CERTIFICAR,TOYOTA,LAND CRUISER,BLANCO,RUSTICO,Liviana,SOLICITADO,ROBADA,"COL, DIVISIÓN COSTA ORIENTAL DEL LAGO",NO APLICA,,,,
18003,VBK94D,8XA53AEB122020789,TOYOTA,COROLLA,PLATA,SEDAN,Liviana,SOLICITADO,ROBADA,COORDINACION OPERACIONAL,NO APLICA,,,,
18700,VBY-00A,3N1CB51D45L530412,NISSAN,SENTRA GXE T/A,AZUL ZAFIRO,SEDAN,Liviana,SOLICITADO,ROBADA,GERENCIA REGIONAL DE VIVIENDA,NO APLICA,,,,
18765,VCB98G,3N1CB51D15L527340,NISSAN,SENTRA GXE T/A,AZUL ZAFIRO,SEDAN,Liviana,SOLICITADO,ROBADA,RECURSOS HUMANOS,NO APLICA,,,,
18790,DBU99A,3N1EB31S86K302528,NISSAN,SENTRA CLASICO SINC.,NEGRO,SEDAN,Liviana,SOLICITADO,ROBADA,SERVICIOS LOGISTICOS,NO APLICA,,,,
18810,DBU91B,3N1EB31S36K313890,NISSAN,SENTRA CLASICO SINC.,MADERA OSCURO,SEDAN,Liviana,SOLICITADO,ROBADA,SALUD,NO APLICA,,,,
20002,TAK21T,8YPFDDFWK258A32219,FORD,FOCUS,PLATA,SEDAN,Liviana,SOLICITADO,ROBADA,SEGURIDAD INTEGRAL (DSI),NO APLICA,,,,
20011,KBE-57R,8YPFDFWK958A37725,FORD,FOCUS,GRIS,SEDAN,Liviana,SOLICITADO,ROBADA,SEGURIDAD INTEGRAL (DSI),OMAR MORAN,,,,
18824,IAK17M,3N1EB31S56K319870,NISSAN,SENTRA CLASICO SINC.,BLANCO,SEDAN,Liviana,SOLICITADO,ROBADA,DIVISIÓN LAGO,NO APLICA,,,,
18905,VCN48B,KNMC4C2HM7P626536,NISSAN,ALMERA B-10,AZUL ZAFIRO,SEDAN,Liviana,SOLICITADO,ROBADA,DIVISIÓN LAGO,NO APLICA,,,,
42707,A46EC4P,JTEBB71J5NB042707,TOYOTA,HZJ79L-DKMRSV(HEMBRITA),BEIGE,RUSTICO,Liviana,OPERATIVA,OPERATIVA,SERVICIOS ELECTRICOS,MIGUEL YBAÑEZ,,,,
39855,A47EC2P,JTEBB71J5NB039855,TOYOTA,HZJ79L-DKMRSV(HEMBRITA),BEIGE,RUSTICO,Liviana,OPERATIVA,OPERATIVA,SERVICIOS ELECTRICOS,CARLOS MORALES,,,,
44845,A29EB4P,JTEBB71J5NBO44845,TOYOTA,HZJ79L-DKMRSV(HEMBRITA),BLANCO,RUSTICO,Liviana,OPERATIVA,OPERATIVA,TRANSPORTE TERRESTRE,NELSON GUTIERREZ,,,,
39771,A29EB2P,JTEBB71JXNBO39771,TOYOTA,HZJ79L-DKMRSV(HEMBRITA),BLANCO,RUSTICO,Liviana,OPERATIVA,OPERATIVA,DESARROLLO SOCIAL,ALVARO CONTRERAS,,,,
42663,A31EB4P,JTEBB71JONBO42663,TOYOTA,HZJ79L-DKMRSV(HEMBRITA),BLANCO,RUSTICO,Liviana,OPERATIVA,OPERATIVA,SEGURIDAD INTEGRAL (DSI),CLAUDIO FIGUEROA,,,,
44287,A28EB8P,JTEBB71J8NB044287,TOYOTA,HZJ79L-DKMRSV(HEMBRITA),BLANCO,RUSTICO,Liviana,OPERATIVA,OPERATIVA,AIT,JAVIER MARQUEZ,,,,
39840,A29EB3P,JTEBB71J3NBO39840,TOYOTA,HZJ79L-DKMRSV(HEMBRITA),BLANCO,RUSTICO,Liviana,OPERATIVA,OPERATIVA,DIVISIÓN SUR DEL LAGO TRUJILLO,JESUS RIVERA,,,,
43790,A30EB6P,JTEBB71J1NBO43790,TOYOTA,HZJ79L-DKMRSV(HEMBRITA),BLANCO,RUSTICO,Liviana,OPERATIVA,OPERATIVA,SEGURIDAD INTEGRAL (DSI),EDUARDO CHAVEZ,,,,
10008,SIN PLACAS,LL8ATTHW6R0G10008,LINHAI,T-ARCHON-550L,ROJO,RUSTICO,Liviana,INOPERATIVA,PARADA POR FALLA,SEGURIDAD INTEGRAL (DSI),JESUS VIELMA,,,,
10005,SIN PLACAS,LL8ATTHWOROG1005,LINHAI,T-ARCHON-550L,ROJO,RUSTICO,Liviana,OPERATIVA,OPERATIVA,SEGURIDAD INTEGRAL (DSI),MIGUEL ANGEL GIL,,,,
G10017,SIN PLACAS,LL8ATTW7ROG10017,LINHAI,T-ARCHON-550L,ROJO,RUSTICO,Liviana,OPERATIVA,OPERATIVA,SEGURIDAD INTEGRAL (DSI),KARLA GUANCHA,,,,
10001,SIN PLACAS,LL8ATTHW3ROG10001,LINHAI,T-ARCHON-550L,ROJO,RUSTICO,Liviana,INOPERATIVA,PARADA POR FALLA,SEGURIDAD INTEGRAL (DSI),MIGUEL ANGEL GIL,,,,
10009,SIN PLACAS,LL8ATTHW8ROG10009,LINHAI,T-ARCHON-550L,ROJO,RUSTICO,Liviana,OPERATIVA,OPERATIVA,SEGURIDAD INTEGRAL (DSI),JOSE UMBRIA,,,,
10004,SIN PLACAS,LL8ATTHW9ROG10004,LINHAI,T-ARCHON-550L,ROJO,RUSTICO,Liviana,INOPERATIVA,PARADA POR FALLA,COORDINACION OPERACIONAL,JOAN FIGUEROA,,,,
10007,SIN PLACAS,LL8ATTHW4ROG10007,LINHAI,T-ARCHON-550L,ROJO,RUSTICO,Liviana,INOPERATIVA,PARADA POR FALLA,COORDINACION OPERACIONAL,JOSUE RANGEL,,,,
10010,SIN PLACAS,LL8ATTHW4ROG10010,LINHAI,T-ARCHON-550L,ROJO,RUSTICO,Liviana,OPERATIVA,OPERATIVA,COORDINACION OPERACIONAL,ALFREDO BARRIOS,,,,
10011,SIN PLACAS,LL8ATTHWGROG10011,LINHAI,T-ARCHON-550L,ROJO,RUSTICO,Liviana,OPERATIVA,OPERATIVA,COORDINACION OPERACIONAL,ALFREDO BARRIOS,,,,
10013,SIN PLACAS,LL8ATTHW8XROG10013,LINHAI,T-ARCHON-550L,ROJO,RUSTICO,Liviana,OPERATIVA,OPERATIVA,COORDINACION OPERACIONAL,ALFREDO BARRIOS,,,,
10014,SIN PLACAS,LL8ATTHW1ROG10014,LINHAI,T-ARCHON-550L,ROJO,RUSTICO,Liviana,OPERATIVA,OPERATIVA,COORDINACION OPERACIONAL,ALFREDO BARRIOS,,,,
10015,SIN PLACAS,LL8ATTHW3ROG10015,LINHAI,T-ARCHON-550L,ROJO,RUSTICO,Liviana,INOPERATIVA,PARADA POR FALLA,COORDINACION OPERACIONAL,JOSUE RANGEL,,,,
10012,SIN PLACAS,LL8ATTHW8ROG10012,LINHAI,T-ARCHON-550L,ROJO,RUSTICO,Liviana,INOPERATIVA,PARADA POR FALLA,SERVICIOS ELECTRICOS,JOSE CASTILLO,,,,
10006,SIN PLACAS,LL8ATTHW2ROG10006,LINHAI,T-ARCHON-550L,ROJO,RUSTICO,Liviana,INOPERATIVA,PARADA POR FALLA,SERVICIOS ELECTRICOS,ENDER PACHECO,,,,
10002,SIN PLACAS,LL8ATTHW5ROG10002,LINHAI,T-ARCHON-550L,ROJO,RUSTICO,Liviana,INOPERATIVA,PARADA POR FALLA,COORDINACION OPERACIONAL,JOAN FIGUEROA,,,,
10003,SIN PLACAS,LL8ATTHW7ROG10003,LINHAI,T-ARCHON-550L,ROJO,RUSTICO,Liviana,INOPERATIVA,PARADA POR FALLA,COORDINACION OPERACIONAL,JOSE ZAMORA,,,,
10016,SIN PLACAS,LL8ATTHW5ROG10016,LINHAI,T-ARCHON-550L,ROJO,RUSTICO,Liviana,OPERATIVA,OPERATIVA,COORDINACION OPERACIONAL,ERWIN HERRERA,,,,
10018,SIN PLACAS,LL8ATTHW5ROG10018,LINHAI,T-ARCHON-550L,ROJO,RUSTICO,Liviana,OPERATIVA,OPERATIVA,COORDINACION OPERACIONAL,JOSE AMAYA,,,,
10019,SIN PLACAS,LL8ATTHW0ROG10019,LINHAI,T-ARCHON-550L,ROJO,RUSTICO,Liviana,INOPERATIVA,PARADA POR FALLA,COORDINACION OPERACIONAL,ADELIS BARRIO,,,,
10020,SIN PLACAS,LL8ATTHW7R3G10020,LINHAI,T-ARCHON-550L,ROJO,RUSTICO,Liviana,INOPERATIVA,PARADA POR FALLA,COORDINACION OPERACIONAL,ALFREDO BARRIOS,,,,
7633,A20EN8P,MR0BX8CD4S2807633,TOYOTA,HILUX,BLANCO,PICK-UP,Liviana,OPERATIVA,OPERATIVA,COORDINACION OPERACIONAL,ALFREDO BARRIOS,,,,
57788,A20EN6P,MR0BX8CD8S2857788,TOYOTA,HILUX,BLANCO,PICK-UP,Liviana,OPERATIVA,OPERATIVA,DESARROLLO SOCIAL,SHEILA SAAVEDRA,,,,
57672,A20EN9P,MR0BX8CD0S2857672,TOYOTA,HILUX,BLANCO,PICK-UP,Liviana,OPERATIVA,OPERATIVA,SEGURIDAD INTEGRAL (DSI),ERNESTO MORA,,,,
7674,A20EN7P,MR0BX8CD7S2807674,TOYOTA,HILUX,BLANCO,PICK-UP,Liviana,OPERATIVA,OPERATIVA,AMBIENTE,JOVIER DE LA VICTORIA,,,,
16732,63JABI,8ZCEC14T85V314767,CHEVROLET,CHEYENNE,BLANCO,PICK-UP,Liviana,OPERATIVA,OPERATIVA,GOIP,EDWIN ESTRADA,,,,
OCC-095,A85EL7P,MR0BX8CD3S2812077,TOYOTA,HILUX,BLANCO,PICK-UP,Liviana,OPERATIVA,OPERATIVA,SEGURIDAD INTEGRAL (DSI),RAFAEL PARADA,,,,
OCC-092,A85EL1P,MR0BX8CD4S2812041,TOYOTA,HILUX,BLANCO,PICK-UP,Liviana,OPERATIVA,OPERATIVA,DEPOCC,ALEXANDER ALBORNOZ,,,,
OCC-093,A18AW1R,MR0BX8CD1S2861360,TOYOTA,HILUX,BLANCO,PICK-UP,Liviana,OPERATIVA,OPERATIVA,DEPOCC,ALVARO OCANDO,,,,
OCC-094,A85EL4P,MR0BX8CD3S2860940,TOYOTA,HILUX,BLANCO,PICK-UP,Liviana,OPERATIVA,OPERATIVA,AIT,ALEXANDER PIRELA,,,,
OCC-096,A86EL3P,MR0BX8CD3S2811544,TOYOTA,HILUX,BLANCO,PICK-UP,Liviana,OPERATIVA,OPERATIVA,GOIP,EDWIN CHACIN,,,,
OCC-097,A49BD2R,MR0BX8CD8S2809871,TOYOTA,HILUX,BLANCO,PICK-UP,Liviana,OPERATIVA,OPERATIVA,DIVISIÓN LAGO,RAMÓN BALDALLO,,,,
OCC-098,A85EL5P,MR0BX8CD3S2812113,TOYOTA,HILUX,BLANCO,PICK-UP,Liviana,OPERATIVA,OPERATIVA,DIVISIÓN LAGO,HEBERT MOROS,,,,
OCC-099,A84EL9P,MR0BX8CDXS2810343,TOYOTA,HILUX,BLANCO,PICK-UP,Liviana,OPERATIVA,OPERATIVA,DIVISIÓN SUR DEL LAGO TRUJILLO,JULIO GARCIA,,,,
OCC-100,A49BD6R,MR0BX8CD6S2810338,TOYOTA,HILUX,BLANCO,PICK-UP,Liviana,OPERATIVA,OPERATIVA,DIVISIÓN SUR DEL LAGO TRUJILLO,ALVARO CARDOZO,,,,
OCC-101,A15AW4R,MR0BX8CD4S2861112,TOYOTA,HILUX,BLANCO,PICK-UP,Liviana,OPERATIVA,OPERATIVA,SALUD,ERNESTO FERNANDEZ,,,,
OCC-102,A49BD5R,MR0BX8CD6S2810761,TOYOTA,HILUX,BLANCO,PICK-UP,Liviana,OPERATIVA,OPERATIVA,MPETROLEO,DOUMARIS RODRIGUEZ,,,,
10162,SIN PLACAS,LL8ATTHW8S0G10162,LINHAI,T-ARCHON-550L,ROJO,RUSTICO,Liviana,OPERATIVA,OPERATIVA,BARIVEN,RAMON BARRIOS,,,,
10212,SIN PLACAS,LL8ATTHW8S0G10212,LINHAI,T-ARCHON-550L,ROJO,RUSTICO,Liviana,OPERATIVA,OPERATIVA,BARIVEN,DAVID VELASQUEZ,,,,
10181,SIN PLACAS,LL8ATTHW1S0G10181,LINHAI,T-ARCHON-550L,ROJO,RUSTICO,Liviana,OPERATIVA,OPERATIVA,BARIVEN,RAMON BARRIOS,,,,
10042,SIN PLACAS,LL8ATTHW9S0G10042,LINHAI,T-ARCHON-550L,ROJO,RUSTICO,Liviana,OPERATIVA,OPERATIVA,COORDINACION OPERACIONAL,JOSE SARMIENTO,,,,
10258,SIN PLACAS,LL8ATTHWXS0G10258,LINHAI,T-ARCHON-550L,ROJO,RUSTICO,Liviana,OPERATIVA,OPERATIVA,COORDINACION OPERACIONAL,GABRIEL CHACON,,,,
10268,SIN PLACAS,LL8ATTHW2S0G10268,LINHAI,T-ARCHON-550L,ROJO,RUSTICO,Liviana,OPERATIVA,OPERATIVA,COORDINACION OPERACIONAL,ERICK VILLARROEL,,,,
10072,SIN PLACAS,LL8ATTHW7S0G10072,LINHAI,T-ARCHON-550L,ROJO,RUSTICO,Liviana,OPERATIVA,OPERATIVA,COORDINACION OPERACIONAL,ERICK VILLARROEL,,,,
10121,SIN PLACAS,LL8ATTHW5S0G10121,LINHAI,T-ARCHON-550L,ROJO,RUSTICO,Liviana,OPERATIVA,OPERATIVA,COORDINACION OPERACIONAL,LEONARDO QUINTERO,,,,
G10016,SIN PLACAS,LL8ATTHW8S0G10016,LINHAI,T-ARCHON-550L,ROJO,RUSTICO,Liviana,OPERATIVA,OPERATIVA,COORDINACION OPERACIONAL,JOSE GARCIA,,,,
10157,SIN PLACAS,LL8ATTHW4S0G10157,LINHAI,T-ARCHON-550L,ROJO,RUSTICO,Liviana,OPERATIVA,OPERATIVA,COORDINACION OPERACIONAL,MERVIN INCIARTE,,,,
10143,SIN PLACAS,LL8ATTHW4S0G10143,LINHAI,T-ARCHON-550L,ROJO,RUSTICO,Liviana,OPERATIVA,OPERATIVA,COORDINACION OPERACIONAL,JUAN MALDONADO,,,,
10189,SIN PLACAS,LL8ATTHW6S0G10189,LINHAI,T-ARCHON-550L,ROJO,RUSTICO,Liviana,OPERATIVA,OPERATIVA,COORDINACION OPERACIONAL,ANDRES PINEDA,,,,
10246,SIN PLACAS,LL8ATTHW3S0G10246,LINHAI,T-ARCHON-550L,ROJO,RUSTICO,Liviana,OPERATIVA,OPERATIVA,COORDINACION OPERACIONAL,MARGARET GONZALEZ,,,,
G10019,SIN PLACAS,LL8ATTHW3S0G10019,LINHAI,T-ARCHON-550L,ROJO,RUSTICO,Liviana,OPERATIVA,OPERATIVA,COORDINACION OPERACIONAL,ALDEMAR MOYA,,,,
10213,SIN PLACAS,LL8ATTHWXS0G10213,LINHAI,T-ARCHON-550L,ROJO,RUSTICO,Liviana,OPERATIVA,OPERATIVA,COORDINACION OPERACIONAL,RHONNY MUÑOZ,,,,
10201,SIN PLACAS,LL8ATTHW3S0G10201,LINHAI,T-ARCHON-550L,ROJO,RUSTICO,Liviana,OPERATIVA,OPERATIVA,COORDINACION OPERACIONAL,JEAN BERROTERAN,,,,
10279,SIN PLACAS,LL8ATTHW7S0G10279,LINHAI,T-ARCHON-550L,ROJO,RUSTICO,Liviana,INOPERATIVA,PARADA POR FALLA,SEGURIDAD INTEGRAL (DSI),SEGURIDAD INTEGRAL (DSI),,,,
10186,SIN PLACAS,LL8ATTHWO5G10186,LINHAI,T-ARCHON-550L,ROJO,RUSTICO,Liviana,OPERATIVA,OPERATIVA,SEGURIDAD INTEGRAL (DSI),SEGURIDAD INTEGRAL (DSI),,,,
10161,SIN PLACAS,LL8ATTHW650G10161,LINHAI,T-ARCHON-550L,ROJO,RUSTICO,Liviana,OPERATIVA,OPERATIVA,SEGURIDAD INTEGRAL (DSI),SEGURIDAD INTEGRAL (DSI),,,,
10205,SIN PLACAS,LL8ATTHW05G10205,LINHAI,T-ARCHON-550L,ROJO,RUSTICO,Liviana,OPERATIVA,OPERATIVA,SEGURIDAD INTEGRAL (DSI),SEGURIDAD INTEGRAL (DSI),,,,
10245,SIN PLACAS,LL8ATTHW1S0G10245,LINHAI,T-ARCHON-550L,ROJO,RUSTICO,Liviana,OPERATIVA,OPERATIVA,SEGURIDAD INTEGRAL (DSI),SEGURIDAD INTEGRAL (DSI),,,,
10138,SIN PLACAS,LL8ATTHW0S0G10138,LINHAI,T-ARCHON-550L,ROJO,RUSTICO,Liviana,INOPERATIVA,PARADA POR FALLA,SEGURIDAD INTEGRAL (DSI),SEGURIDAD INTEGRAL (DSI),,,,
10228,SIN PLACAS,LL8ATTHW1S0G10228,LINHAI,T-ARCHON-550L,ROJO,RUSTICO,Liviana,INOPERATIVA,PARADA POR FALLA,SEGURIDAD INTEGRAL (DSI),SEGURIDAD INTEGRAL (DSI),,,,
10280,SIN PLACAS,LL8ATTHW3S0G10280,LINHAI,T-ARCHON-550L,ROJO,RUSTICO,Liviana,OPERATIVA,OPERATIVA,SEGURIDAD INTEGRAL (DSI),SEGURIDAD INTEGRAL (DSI),,,,
10180,SIN PLACAS,LL8ATTHWXS0G10180,LINHAI,T-ARCHON-550L,ROJO,RUSTICO,Liviana,OPERATIVA,OPERATIVA,SEGURIDAD INTEGRAL (DSI),SEGURIDAD INTEGRAL (DSI),,,,
10288,SIN PLACAS,LL8ATTHW850G10288,LINHAI,T-ARCHON-550L,ROJO,RUSTICO,Liviana,OPERATIVA,OPERATIVA,SEGURIDAD INTEGRAL (DSI),SEGURIDAD INTEGRAL (DSI),,,,
10208,SIN PLACAS,LL8ATTHW6S0G10208,LINHAI,T-ARCHON-550L,ROJO,RUSTICO,Liviana,OPERATIVA,OPERATIVA,SEGURIDAD INTEGRAL (DSI),SEGURIDAD INTEGRAL (DSI),,,,
10150,SIN PLACAS,LL8ATTHW1S0G10150,LINHAI,T-ARCHON-550L,ROJO,RUSTICO,Liviana,OPERATIVA,OPERATIVA,SEGURIDAD INTEGRAL (DSI),SEGURIDAD INTEGRAL (DSI),,,,
10281,SIN PLACAS,LL8ATTHW550G10281,LINHAI,T-ARCHON-550L,ROJO,RUSTICO,Liviana,OPERATIVA,OPERATIVA,GOIP,GOIP,,,,
10248,SIN PLACAS,LL8ATTHW7S0G10248,LINHAI,T-ARCHON-550L,ROJO,RUSTICO,Liviana,OPERATIVA,OPERATIVA,GOIP,GOIP,,,,
10070,SIN PLACAS,LL8ATTHW350G10070,LINHAI,T-ARCHON-550L,ROJO,RUSTICO,Liviana,OPERATIVA,OPERATIVA,GOIP,GOIP,,,,
10037,SIN PLACAS,LL8ATTHW550G10037,LINHAI,T-ARCHON-550L,ROJO,RUSTICO,Liviana,OPERATIVA,OPERATIVA,GOIP,CARLOS ARENAS,,,,
10022,SIN PLACAS,LL8ATTHW3S0G10022,LINHAI,T-ARCHON-550L,ROJO,RUSTICO,Liviana,OPERATIVA,OPERATIVA,GOIP,GOIP,,,,
10133,SIN PLACAS,LL8ATTHW1S0G10133,LINHAI,T-ARCHON-550L,ROJO,RUSTICO,Liviana,OPERATIVA,OPERATIVA,GOIP,GOIP,,,,
10073,SIN PLACAS,LL8ATTHW9S0G10073,LINHAI,T-ARCHON-550L,ROJO,RUSTICO,Liviana,OPERATIVA,OPERATIVA,COORDINACION OPERACIONAL,COORDINACION OPERACIONAL,,,,
10234,SIN PLACAS,LL8ATTHW7S0G10234,LINHAI,T-ARCHON-550L,ROJO,RUSTICO,Liviana,OPERATIVA,OPERATIVA,COORDINACION OPERACIONAL,COORDINACION OPERACIONAL,,,,
OCC-103,A46AP3R,MR0BX8CD1S2814314,TOYOTA,HILUX,BLANCO,PICK-UP,Liviana,OPERATIVA,OPERATIVA,GOIP,DARWINNG GARCIA,,,,
10170,SIN PLACAS,LL8ATTHW7S0G10170,LINHAI,TGN126L-DTMHKV,BLANCO,PICK-UP,Liviana,OPERATIVA,OPERATIVA,DIVISIÓN SUR DEL LAGO TRUJILLO,DIVISIÓN SUR DEL LAGO TRUJILLO,,,,
10092,SIN PLACAS,LL8ATTHW2S0G10092,LINHAI,TGN126L-DTMHKV,BLANCO,PICK-UP,Liviana,OPERATIVA,OPERATIVA,DIVISIÓN SUR DEL LAGO TRUJILLO,DIVISIÓN SUR DEL LAGO TRUJILLO,,,,
10179,SIN PLACAS,LL8ATTHW3S0G10179,LINHAI,T-ARCHON-550L,BLANCO,PICK-UP,Liviana,OPERATIVA,OPERATIVA,TRANSPORTE TERRESTRE,EDECIO AGREDA,,,,
OCC-104,A09BD1R,MR0BXCD9S2809412,TOYOTA,HILUX,BLANCO,PICK-UP,Liviana,OPERATIVA,OPERATIVA,DIVISIÓN SUR DEL LAGO TRUJILLO,LUIS BRAVO,,,,
OCC-105,A46AP1R,MR0BX8CD452814422,TOYOTA,HILUX,BLANCO,PICK-UP,Liviana,OPERATIVA,OPERATIVA,GOIP,LINDOMAR MOSQUERA,,,,
OCC-106,A46AP0R,MR0BX8CD552814011,TOYOTA,HILUX,BLANCO,PICK-UP,Liviana,OPERATIVA,OPERATIVA,GOIP,LEONEL PARRA,,,,
OCC-125,A45AP9R,MR0BX8CD052862340,TOYOTA,HILUX,BLANCO,PICK-UP,Liviana,OPERATIVA,OPERATIVA,"OCC, DIVISIÓN COSTA OCCIDENTAL",VIRGILIO ARTEAGA,,,,
OCC-108,A45AP8R,MR0BX8CD7S2813667,TOYOTA,HILUX,BLANCO,PICK-UP,Liviana,OPERATIVA,OPERATIVA,DIVISIÓN LAGO,WOLMER SANCHEZ,,,,
OCC-109,A09BD3R,MR0BXCD852809482,TOYOTA,HILUX,BLANCO,PICK-UP,Liviana,OPERATIVA,OPERATIVA,DIVISIÓN SUR DEL LAGO TRUJILLO,RAFAEL QUINTERO,,,,
OCC-110,A09BD2R,MR0BXCD1S2859513,TOYOTA,HILUX,BLANCO,PICK-UP,Liviana,OPERATIVA,OPERATIVA,DIVISIÓN LAGO,JOSE MARCANO,,,,
OCC-111,A46AP4R,MR0BX8CD4S2813576,TOYOTA,HILUX,BLANCO,PICK-UP,Liviana,OPERATIVA,OPERATIVA,DIVISIÓN LAGO,RAUL OJEDA,,,,
OCC-112,A08BD8R,MR0BX8CD0S2859390,TOYOTA,HILUX,BLANCO,PICK-UP,Liviana,OPERATIVA,OPERATIVA,SERVICIOS ELECTRICOS,GIORDANI PINEDA,,,,
OCC-113,A08BD5R,MR0BX8CD6S2859281,TOYOTA,HILUX,BLANCO,PICK-UP,Liviana,OPERATIVA,OPERATIVA,"COL, DIVISIÓN COSTA ORIENTAL DEL LAGO",FRANCISCO SUAREZ,,,,
OCC-114,A09BD5R,MR0BX8CD3S2858928,TOYOTA,HILUX,BLANCO,PICK-UP,Liviana,OPERATIVA,OPERATIVA,COORDINACION OPERACIONAL,KELVI CHIRINOS,,,,
OCC-115,A09BD6R,MR0BX8CD052858840,TOYOTA,HILUX,BLANCO,PICK-UP,Liviana,OPERATIVA,OPERATIVA,SERVICIOS LOGISTICOS,MIGUEL ALVAREZ,,,,
OCC-117,A48BD3R,MR0BX8CD6S2813420,TOYOTA,HILUX,BLANCO,PICK-UP,Liviana,OPERATIVA,OPERATIVA,COORDINACION OPERACIONAL,FREDDE PADRON,,,,
OCC-121,A47BD7R,MR0BX8CD0S2812800,TOYOTA,HILUX,BLANCO,PICK-UP,Liviana,OPERATIVA,OPERATIVA,SERVICIOS ELECTRICOS,ERNESTO HERNANDEZ,,,,
OCC-116,A46AP2R,MR0BX8CD5S2813540,TOYOTA,HILUX,BLANCO,PICK-UP,Liviana,OPERATIVA,OPERATIVA,DAPOCC,CARLOS CONTRERAS,,,,
OCC-118,A46AP5R,MR0BX8CD3S2814511,TOYOTA,HILUX,BLANCO,PICK-UP,Liviana,OPERATIVA,OPERATIVA,DIVISIÓN SUR DEL LAGO TRUJILLO,LUIS GUTIERREZ,,,,
OCC-120,A47AP2R,MR0BX8CD3S2813956,TOYOTA,HILUX,BLANCO,PICK-UP,Liviana,OPERATIVA,OPERATIVA,RELACIONES GUBERNAMENTALES PROPIEDADES Y CATASTRO,NINOSKA BONANNI,,,,
OCC-122,A46BD2R,MR0BX8CD552813540,TOYOTA,HILUX,BLANCO,PICK-UP,Liviana,OPERATIVA,OPERATIVA,DEPOCC,RAFAEL ROSAS,,,,
OCC-123,A08BD9R,MR0BX8CD9S2859047,TOYOTA,HILUX,BLANCO,PICK-UP,Liviana,OPERATIVA,OPERATIVA,SERVICIOS LOGISTICOS,JACQUELINE ZAMBRANO,,,,
OCC-124,A46BD0R,MR0BX8CD9S2812651,TOYOTA,HILUX,BLANCO,PICK-UP,Liviana,OPERATIVA,OPERATIVA,SERVICIOS LOGISTICOS,CARLOS OCHOA,,,,
OCC-126,A46BD4R,MR0BX8CDXS2812884,TOYOTA,HILUX,BLANCO,PICK-UP,Liviana,OPERATIVA,OPERATIVA,PETROPERIJA,JANETH MORALES,,,,
OCC-127,A47AP3R,MR0BX8CD2S2862131,TOYOTA,HILUX,BLANCO,PICK-UP,Liviana,OPERATIVA,OPERATIVA,PETROPERIJA,JORGE GONZALEZ,,,,
OCC-130,A47BD2R,MR0BX8CD5S2813022,TOYOTA,HILUX,BLANCO,PICK-UP,Liviana,OPERATIVA,OPERATIVA,TRANSPORTE TERRESTRE,OSWALDO SANTIAGO,,,,
OCC-132,A47AP0R,MR0BX8CD6S2814552,TOYOTA,HILUX,BLANCO,PICK-UP,Liviana,OPERATIVA,OPERATIVA,INGENIERIA DE COSTOS,LUIS BARBOZA,,,,
OCC-107,A45BD5R,MR0BX8CD5S2861801,TOYOTA,HILUX,BLANCO,PICK-UP,Liviana,OPERATIVA,OPERATIVA,MPETROLEO,ALBERTO BETANCOURT,,,,
16689,80IABI,8ZCEC14T65V313147,CHEVROLET,CHEYENNE,BLANCO,PICK-UP,Liviana,OPERATIVA,OPERATIVA,GOIP,JOSE BERRIOS,,,,
3473,DAM90L,626NIA-03473,MAZDA,MAZDA 626,GRIS,SEDAN,Liviana,OPERATIVA,OPERATIVA,TRANSPORTE TERRESTRE,WALTER FANEITE,,,,
OCC-128,A46AP9R,MR0BX8CDXS2862779,TOYOTA,HILUX,BLANCO,PICK-UP,Liviana,OPERATIVA,OPERATIVA,COORDINACION OPERACIONAL,ROBERTO BELTRAN,,,,
OCC-129,A46AP6R,MR0BX8CD9S2862627,TOYOTA,HILUX,BLANCO,PICK-UP,Liviana,OPERATIVA,OPERATIVA,FINANZAS,ALI AREVALO,,,,
OCC-131,A46AP7R,MR0BX8CD6S2882522,TOYOTA,HILUX,BLANCO,PICK-UP,Liviana,OPERATIVA,OPERATIVA,SERVICIOS ELECTRICOS,LUIS GONZALEZ,,,,
OCC-119,A47AP1R,MR0BX8CD3S2814010,TOYOTA,HILUX,BLANCO,PICK-UP,Liviana,OPERATIVA,OPERATIVA,DIVISIÓN LAGO,GASPAR COY,,,,
10272,S/P,1184TTHW450G10272,LINHAI,T-ARCHON-550L,BLANCO,RUSTICO,Liviana,OPERATIVA,OPERATIVA,SERVICIOS ELECTRICOS,GUSTAVO CHACIN,,,,
9488,AA580LT,8Y8P45FP7A1109488,JEEP,CHEROKEE,BEIGE,PICK-UP,Liviana,OPERATIVA,OPERATIVA,TRANSPORTE TERRESTRE,OSWALDO SANTIAGO,,,,
1867,S/P,1N6D0EV8CC451867,NISSAN,FRONTIER,BLANCO,PICK-UP,Liviana,INOPERATIVA,INOPERATIVA,GOIP,EDWARD VALERO,,,,
10051,SIN PLACAS,LL8ATTHWXS0G10051,LINHAI,T-ARCHON-550L,ROJO,RUSTICO,Liviana,OPERATIVA,OPERATIVA,MPETROLEO,MPETROLEO,,,,
10227,SIN PLACAS,LL8ATTHWXS0G10227,LINHAI,T-ARCHON-550L,ROJO,RUSTICO,Liviana,OPERATIVA,OPERATIVA,MPETROLEO,MPETROLEO,,,,
10249,SIN PLACAS,LL8ATTHW9S0G10249,LINHAI,T-ARCHON-550L,ROJO,RUSTICO,Liviana,OPERATIVA,OPERATIVA,DIVISIÓN LAGO,RAMÓN BALDALLO,,,,
10199,SIN PLACAS,LL8ATTHW9S0G10199,LINHAI,T-ARCHON-550L,ROJO,RUSTICO,Liviana,OPERATIVA,OPERATIVA,SERVICIOS ELECTRICOS,OVIEL MEZA,,,,
10190,SIN PLACAS,LL8ATTHW2S0G10190,LINHAI,T-ARCHON-550L,ROJO,RUSTICO,Liviana,OPERATIVA,OPERATIVA,"COL, DIVISIÓN COSTA ORIENTAL DEL LAGO","COL, DIVISIÓN COSTA ORIENTAL DEL LAGO",,,,
10270,SIN PLACAS,LL8ATTHW0S0G10270,LINHAI,T-ARCHON-550L,ROJO,RUSTICO,Liviana,OPERATIVA,OPERATIVA,TRANSPORTE TERRESTRE,TRANSPORTE TERRESTRE,,,,
10173,SIN PLACAS,LL8ATTHW2S0G10173,LINHAI,T-ARCHON-550L,ROJO,RUSTICO,Liviana,OPERATIVA,OPERATIVA,TRANSPORTE TERRESTRE,TRANSPORTE TERRESTRE,,,,
10076,SIN PLACAS,LL8ATTHW4S0G10076,LINHAI,T-ARCHON-550L,ROJO,RUSTICO,Liviana,OPERATIVA,OPERATIVA,COORDINACION OPERACIONAL,COORDINACION OPERACIONAL,,,,
10044,SIN PLACAS,LL8ATTHW2S0G10044,LINHAI,T-ARCHON-550L,ROJO,RUSTICO,Liviana,OPERATIVA,OPERATIVA,TRANSPORTE TERRESTRE,TRANSPORTE TERRESTRE,,,,
10074,SIN PLACAS,LL8ATTHW0S0G10074,LINHAI,T-ARCHON-550L,ROJO,RUSTICO,Liviana,OPERATIVA,OPERATIVA,COORDINACION OPERACIONAL,COORDINACION OPERACIONAL,,,,
10251,SIN PLACAS,LL8ATTHW7S0G10251,LINHAI,T-ARCHON-550L,ROJO,RUSTICO,Liviana,OPERATIVA,OPERATIVA,TRANSPORTE TERRESTRE,TRANSPORTE TERRESTRE,,,,
10090,SIN PLACAS,LL8ATTHW9S0G10090,LINHAI,T-ARCHON-550L,ROJO,RUSTICO,Liviana,OPERATIVA,OPERATIVA,EM PETROPERIJA,JANETH MORALES,,,,
3718,A49AK4V,8ZCNCRE09BV323718,CHEVROLET,CHEYENNE,BLANCO,PICK-UP,Liviana,A DESINCORPORAR,FUERA DE SERVICIO,DIVISIÓN LAGO,NO APLICA,,,,
5670,53T-AAV,8ZCEC14T01V305670,CHEVROLET,CHEYENNE,BLANCO,PICK-UP,Liviana,OPERATIVA,OPERATIVA,DIVISIÓN LAGO,WIBER MONTIEL,,,,
OCC-1601,AH224FD,LFMAYA0C7S0861625,TOYOTA,COROLLA,BLANCO,SEDAN,Liviana,OPERATIVA,OPERATIVA,FINANZAS,ALI AREVALO,,,,
OCC-1602,AH225FD,LFMAYA0C6S0861650,TOYOTA,COROLLA,BLANCO,SEDAN,Liviana,OPERATIVA,OPERATIVA,INGENIERIA DE COSTOS,LUIS BARBOZA,,,,
OCC-1603,AH221FD,LFMAYA0C8S0861648,TOYOTA,COROLLA,BLANCO,SEDAN,Liviana,OPERATIVA,OPERATIVA,POR ASIGNAR,POR ASIGNAR,,,,
OCC-1604,AH222FD,LFMAYA0C5S0861638,TOYOTA,COROLLA,BLANCO,SEDAN,Liviana,OPERATIVA,OPERATIVA,POR ASIGNAR,POR ASIGNAR,,,,
19511,VC1308,N/T,MERCEDES BENZ,,BLANCO,MINIBUS,Pesada,A DESINCORPORAR,DESMANTELADA,TRANSPORTE TERRESTRE,OSWALDO SANTIAGO,,,,
7304,S/P,N/T,IVECO,,ROJO,MINIBUS,Pesada,COMODATO,DESCONOCIDO,ALCALDIA DEL MUNICIPIO MARA,OSWALDO SANTIAGO,,,,
8046,S/P,N/T,IVECO,,ROJO,MINIBUS,Pesada,COMODATO,DESCONOCIDO,ALCALDIA DEL MUNICIPIO MARA,OSWALDO SANTIAGO,,,,
4308,S/P,N/T,IVECO,,ROJO,MINIBUS,Pesada,COMODATO,DESCONOCIDO,ALCALDIA DEL MUNICIPIO MARA,OSWALDO SANTIAGO,,,,
6369,S/P,N/T,IVECO,,ROJO,MINIBUS,Pesada,COMODATO,DESCONOCIDO,ALCALDIA DEL MUNICIPIO MARA,OSWALDO SANTIAGO,,,,
19648,S/P,N/T,YUTONG,,VINOTINTO,AUTOBUSES,Pesada,EN PROCESO DE DESINCORPORACION,FUERA DE SERVICIO,TRANSPORTE TERRESTRE,OSWALDO SANTIAGO,,,,
19662,S/P,N/T,YUTONG,,VINOTINTO,AUTOBUSES,Pesada,EN PROCESO DE DESINCORPORACION,FUERA DE SERVICIO,TRANSPORTE TERRESTRE,OSWALDO SANTIAGO,,,,
19515,EAR31I,9VD6881566V475336,MERCEDES BENZ,,BLANCO,AUTOBUSES,Pesada,INOPERATIVA,PARADA POR FALLAS,TRANSPORTE TERRESTRE,OSWALDO SANTIAGO,,,,
19679,S/P,N/T,YUTONG,,VINOTINTO,AUTOBUSES,Pesada,EN PROCESO DE DESINCORPORACION,FUERA DE SERVICIO,TRANSPORTE TERRESTRE,OSWALDO SANTIAGO,,,,
19517,KBM81F,N/T,FIAT,,BLANCO,AUTOBUSES,Pesada,A DESINCORPORAR,DESMANTELADA,COL(DIVISIÓN COSTA ORIENTAL DEL LAGO),FRANCISCO SUAREZ,,,,
796,AH208YA,N/T,YUTONG,,VINOTINTO,AUTOBUSES,Pesada,EN PROCESO DE DESINCORPORACION,FUERA DE SERVICIO,TRANSPORTE TERRESTRE,OSWALDO SANTIAGO,,,,
19668,S/P,N/T,YUTONG,,VINOTINTO,AUTOBUSES,Pesada,EN PROCESO DE DESINCORPORACION,FUERA DE SERVICIO,TRANSPORTE TERRESTRE,OSWALDO SANTIAGO,,,,
19692,S/P,N/T,YUTONG,,VINOTINTO,AUTOBUSES,Pesada,EN PROCESO DE DESINCORPORACION,FUERA DE SERVICIO,TRANSPORTE TERRESTRE,OSWALDO SANTIAGO,,,,
19694,S/P,N/T,YUTONG,,VINOTINTO,AUTOBUSES,Pesada,EN PROCESO DE DESINCORPORACION,FUERA DE SERVICIO,TRANSPORTE TERRESTRE,OSWALDO SANTIAGO,,,,
19653,S/P,N/T,YUTONG,,VINOTINTO,AUTOBUSES,Pesada,EN PROCESO DE DESINCORPORACION,FUERA DE SERVICIO,TRANSPORTE TERRESTRE,OSWALDO SANTIAGO,,,,
19706,AH207YA,N/T,YUTONG,,VINOTINTO,AUTOBUSES,Pesada,EN PROCESO DE DESINCORPORACION,FUERA DE SERVICIO,TRANSPORTE TERRESTRE,OSWALDO SANTIAGO,,,,
19670,S/P,N/T,YUTONG,,VINOTINTO,AUTOBUSES,Pesada,EN PROCESO DE DESINCORPORACION,FUERA DE SERVICIO,TRANSPORTE TERRESTRE,OSWALDO SANTIAGO,,,,
19721,AF019HM,N/T,YUTONG,,VINOTINTO,AUTOBUSES,Pesada,EN PROCESO DE DESINCORPORACION,FUERA DE SERVICIO,TRANSPORTE TERRESTRE,OSWALDO SANTIAGO,,,,
19725,S/P,N/T,YUTONG,,VINOTINTO,AUTOBUSES,Pesada,EN PROCESO DE DESINCORPORACION,FUERA DE SERVICIO,TRANSPORTE TERRESTRE,OSWALDO SANTIAGO,,,,
PB-VP00654,AA015AD,N/T,IVECO,,BLANCO,AUTOBUSES,Pesada,INOPERATIVA,PARADA POR FALLAS,TRANSPORTE TERRESTRE,OSWALDO SANTIAGO,,,,
2895,70CGAF,N/T,ENCAVA,,BLANCO,AUTOBUSES,Pesada,A DESINCORPORAR,DESMANTELADA,TRANSPORTE TERRESTRE,OSWALDO SANTIAGO,,,,
19658,S/P,N/T,YUTONG,,VINOTINTO,AUTOBUSES,Pesada,EN PROCESO DE DESINCORPORACION,FUERA DE SERVICIO,TRANSPORTE TERRESTRE,OSWALDO SANTIAGO,,,,
19518,KBM83F,93W244K7162006349,FIAT,,BLANCO,AUTOBUSES,Pesada,A DESINCORPORAR,DESMANTELADA,TRANSPORTE TERRESTRE,OSWALDO SANTIAGO,,,,
19519,KBM82F,N/T,FIAT,,BLANCO,AUTOBUSES,Pesada,A DESINCORPORAR,DESMANTELADA,TRANSPORTE TERRESTRE,OSWALDO SANTIAGO,,,,
5318,LAU21R,N/T,MERCEDES BENZ,,BLANCO,AUTOBUSES,Pesada,INOPERATIVA,PARADA POR FALLAS,TRANSPORTE TERRESTRE,OSWALDO SANTIAGO,,,,
19640,S/P,N/T,YUTONG,,VINOTINTO,AUTOBUSES,Pesada,EN PROCESO DE DESINCORPORACION,FUERA DE SERVICIO,TRANSPORTE TERRESTRE,OSWALDO SANTIAGO,,,,
19664,S/P,N/T,YUTONG,,VINOTINTO,AUTOBUSES,Pesada,EN PROCESO DE DESINCORPORACION,FUERA DE SERVICIO,TRANSPORTE TERRESTRE,OSWALDO SANTIAGO,,,,
19665,S/P,N/T,YUTONG,,VINOTINTO,AUTOBUSES,Pesada,EN PROCESO DE DESINCORPORACION,FUERA DE SERVICIO,TRANSPORTE TERRESTRE,OSWALDO SANTIAGO,,,,
19671,S/P,N/T,YUTONG,,VINOTINTO,AUTOBUSES,Pesada,EN PROCESO DE DESINCORPORACION,FUERA DE SERVICIO,TRANSPORTE TERRESTRE,OSWALDO SANTIAGO,,,,
19672,S/P,N/T,YUTONG,,VINOTINTO,AUTOBUSES,Pesada,EN PROCESO DE DESINCORPORACION,FUERA DE SERVICIO,TRANSPORTE TERRESTRE,OSWALDO SANTIAGO,,,,
19674,S/P,N/T,YUTONG,,VINOTINTO,AUTOBUSES,Pesada,EN PROCESO DE DESINCORPORACION,FUERA DE SERVICIO,TRANSPORTE TERRESTRE,OSWALDO SANTIAGO,,,,
19675,S/P,N/T,YUTONG,,VINOTINTO,AUTOBUSES,Pesada,EN PROCESO DE DESINCORPORACION,FUERA DE SERVICIO,TRANSPORTE TERRESTRE,OSWALDO SANTIAGO,,,,
19676,S/P,N/T,YUTONG,,VINOTINTO,AUTOBUSES,Pesada,EN PROCESO DE DESINCORPORACION,FUERA DE SERVICIO,TRANSPORTE TERRESTRE,OSWALDO SANTIAGO,,,,
19691,S/P,N/T,YUTONG,,VINOTINTO,AUTOBUSES,Pesada,EN PROCESO DE DESINCORPORACION,FUERA DE SERVICIO,TRANSPORTE TERRESTRE,OSWALDO SANTIAGO,,,,
19680,S/P,N/T,YUTONG,,VINOTINTO,AUTOBUSES,Pesada,EN PROCESO DE DESINCORPORACION,FUERA DE SERVICIO,TRANSPORTE TERRESTRE,OSWALDO SANTIAGO,,,,
19681,S/P,N/T,YUTONG,,VINOTINTO,AUTOBUSES,Pesada,EN PROCESO DE DESINCORPORACION,FUERA DE SERVICIO,TRANSPORTE TERRESTRE,OSWALDO SANTIAGO,,,,
19683,S/P,N/T,YUTONG,,VINOTINTO,AUTOBUSES,Pesada,EN PROCESO DE DESINCORPORACION,FUERA DE SERVICIO,TRANSPORTE TERRESTRE,OSWALDO SANTIAGO,,,,
19686,S/P,N/T,YUTONG,,VINOTINTO,AUTOBUSES,Pesada,EN PROCESO DE DESINCORPORACION,FUERA DE SERVICIO,TRANSPORTE TERRESTRE,OSWALDO SANTIAGO,,,,
19689,S/P,N/T,YUTONG,,VINOTINTO,AUTOBUSES,Pesada,EN PROCESO DE DESINCORPORACION,FUERA DE SERVICIO,TRANSPORTE TERRESTRE,OSWALDO SANTIAGO,,,,
19699,S/P,N/T,YUTONG,,VINOTINTO,AUTOBUSES,Pesada,EN PROCESO DE DESINCORPORACION,FUERA DE SERVICIO,TRANSPORTE TERRESTRE,OSWALDO SANTIAGO,,,,
19702,AH202YA,N/T,YUTONG,,VINOTINTO,AUTOBUSES,Pesada,EN PROCESO DE DESINCORPORACION,FUERA DE SERVICIO,TRANSPORTE TERRESTRE,OSWALDO SANTIAGO,,,,
19713,S/P,N/T,YUTONG,,VINOTINTO,AUTOBUSES,Pesada,EN PROCESO DE DESINCORPORACION,FUERA DE SERVICIO,TRANSPORTE TERRESTRE,OSWALDO SANTIAGO,,,,
19719,AH234YA,N/T,YUTONG,,VINOTINTO,AUTOBUSES,Pesada,EN PROCESO DE DESINCORPORACION,FUERA DE SERVICIO,TRANSPORTE TERRESTRE,OSWALDO SANTIAGO,,,,
19639,S/P,N/T,YUTONG,,VINOTINTO,AUTOBUSES,Pesada,EN PROCESO DE DESINCORPORACION,FUERA DE SERVICIO,TRANSPORTE TERRESTRE,OSWALDO SANTIAGO,,,,
19638,S/P,N/T,YUTONG,,VINOTINTO,AUTOBUSES,Pesada,EN PROCESO DE DESINCORPORACION,FUERA DE SERVICIO,TRANSPORTE TERRESTRE,OSWALDO SANTIAGO,,,,
19651,S/P,N/T,YUTONG,,VINOTINTO,AUTOBUSES,Pesada,EN PROCESO DE DESINCORPORACION,FUERA DE SERVICIO,TRANSPORTE TERRESTRE,OSWALDO SANTIAGO,,,,
19609,AB882VA,LZYTETD6X81000113,YUTONG,,VINOTINTO,AUTOBUSES,Pesada,A DESINCORPORAR,FUERA DE SERVICIO,TRANSPORTE TERRESTRE,OSWALDO SANTIAGO,,,,
19623,S/P,N/T,YUTONG,,VINOTINTO,AUTOBUSES,Pesada,EN PROCESO DE DESINCORPORACION,FUERA DE SERVICIO,TRANSPORTE TERRESTRE,OSWALDO SANTIAGO,,,,
19637,S/P,N/T,YUTONG,,VINOTINTO,AUTOBUSES,Pesada,EN PROCESO DE DESINCORPORACION,FUERA DE SERVICIO,TRANSPORTE TERRESTRE,OSWALDO SANTIAGO,,,,
19684,S/P,N/T,YUTONG,,VINOTINTO,AUTOBUSES,Pesada,EN PROCESO DE DESINCORPORACION,FUERA DE SERVICIO,TRANSPORTE TERRESTRE,OSWALDO SANTIAGO,,,,
19642,S/P,N/T,YUTONG,,VINOTINTO,AUTOBUSES,Pesada,EN PROCESO DE DESINCORPORACION,FUERA DE SERVICIO,TRANSPORTE TERRESTRE,OSWALDO SANTIAGO,,,,
788,AF930GM,N/T,YUTONG,,VINOTINTO,AUTOBUSES,Pesada,EN PROCESO DE DESINCORPORACION,FUERA DE SERVICIO,TRANSPORTE TERRESTRE,OSWALDO SANTIAGO,,,,
19718,AF025HM,N/T,YUTONG,,VINOTINTO,AUTOBUSES,Pesada,EN PROCESO DE DESINCORPORACION,FUERA DE SERVICIO,TRANSPORTE TERRESTRE,OSWALDO SANTIAGO,,,,
19641,S/P,N/T,YUTONG,,VINOTINTO,AUTOBUSES,Pesada,EN PROCESO DE DESINCORPORACION,FUERA DE SERVICIO,TRANSPORTE TERRESTRE,OSWALDO SANTIAGO,,,,
19644,S/P,N/T,YUTONG,,VINOTINTO,AUTOBUSES,Pesada,EN PROCESO DE DESINCORPORACION,FUERA DE SERVICIO,TRANSPORTE TERRESTRE,OSWALDO SANTIAGO,,,,
19645,S/P,N/T,YUTONG,,VINOTINTO,AUTOBUSES,Pesada,EN PROCESO DE DESINCORPORACION,FUERA DE SERVICIO,TRANSPORTE TERRESTRE,OSWALDO SANTIAGO,,,,
19646,S/P,N/T,YUTONG,,VINOTINTO,AUTOBUSES,Pesada,EN PROCESO DE DESINCORPORACION,FUERA DE SERVICIO,TRANSPORTE TERRESTRE,OSWALDO SANTIAGO,,,,
19647,S/P,N/T,YUTONG,,VINOTINTO,AUTOBUSES,Pesada,EN PROCESO DE DESINCORPORACION,FUERA DE SERVICIO,TRANSPORTE TERRESTRE,OSWALDO SANTIAGO,,,,
19650,S/P,N/T,YUTONG,,VINOTINTO,AUTOBUSES,Pesada,EN PROCESO DE DESINCORPORACION,FUERA DE SERVICIO,TRANSPORTE TERRESTRE,OSWALDO SANTIAGO,,,,
19657,S/P,N/T,YUTONG,,VINOTINTO,AUTOBUSES,Pesada,EN PROCESO DE DESINCORPORACION,FUERA DE SERVICIO,TRANSPORTE TERRESTRE,OSWALDO SANTIAGO,,,,
19659,S/P,N/T,YUTONG,,VINOTINTO,AUTOBUSES,Pesada,EN PROCESO DE DESINCORPORACION,FUERA DE SERVICIO,TRANSPORTE TERRESTRE,OSWALDO SANTIAGO,,,,
19660,S/P,N/T,YUTONG,,VINOTINTO,AUTOBUSES,Pesada,EN PROCESO DE DESINCORPORACION,FUERA DE SERVICIO,TRANSPORTE TERRESTRE,OSWALDO SANTIAGO,,,,
19663,S/P,N/T,YUTONG,,VINOTINTO,AUTOBUSES,Pesada,EN PROCESO DE DESINCORPORACION,FUERA DE SERVICIO,TRANSPORTE TERRESTRE,OSWALDO SANTIAGO,,,,
19666,S/P,N/T,YUTONG,,VINOTINTO,AUTOBUSES,Pesada,EN PROCESO DE DESINCORPORACION,FUERA DE SERVICIO,TRANSPORTE TERRESTRE,OSWALDO SANTIAGO,,,,
19669,S/P,N/T,YUTONG,,VINOTINTO,AUTOBUSES,Pesada,EN PROCESO DE DESINCORPORACION,FUERA DE SERVICIO,TRANSPORTE TERRESTRE,OSWALDO SANTIAGO,,,,
19673,S/P,N/T,YUTONG,,VINOTINTO,AUTOBUSES,Pesada,EN PROCESO DE DESINCORPORACION,FUERA DE SERVICIO,TRANSPORTE TERRESTRE,OSWALDO SANTIAGO,,,,
19677,S/P,N/T,YUTONG,,VINOTINTO,AUTOBUSES,Pesada,EN PROCESO DE DESINCORPORACION,FUERA DE SERVICIO,TRANSPORTE TERRESTRE,OSWALDO SANTIAGO,,,,
19682,S/P,N/T,YUTONG,,VINOTINTO,AUTOBUSES,Pesada,EN PROCESO DE DESINCORPORACION,FUERA DE SERVICIO,TRANSPORTE TERRESTRE,OSWALDO SANTIAGO,,,,
19685,S/P,N/T,YUTONG,,VINOTINTO,AUTOBUSES,Pesada,EN PROCESO DE DESINCORPORACION,FUERA DE SERVICIO,TRANSPORTE TERRESTRE,OSWALDO SANTIAGO,,,,
19688,S/P,N/T,YUTONG,,VINOTINTO,AUTOBUSES,Pesada,EN PROCESO DE DESINCORPORACION,FUERA DE SERVICIO,TRANSPORTE TERRESTRE,OSWALDO SANTIAGO,,,,
19690,S/P,N/T,YUTONG,,VINOTINTO,AUTOBUSES,Pesada,EN PROCESO DE DESINCORPORACION,FUERA DE SERVICIO,TRANSPORTE TERRESTRE,OSWALDO SANTIAGO,,,,
19693,S/P,N/T,YUTONG,,VINOTINTO,AUTOBUSES,Pesada,EN PROCESO DE DESINCORPORACION,FUERA DE SERVICIO,TRANSPORTE TERRESTRE,OSWALDO SANTIAGO,,,,
19695,S/P,N/T,YUTONG,,VINOTINTO,AUTOBUSES,Pesada,EN PROCESO DE DESINCORPORACION,FUERA DE SERVICIO,TRANSPORTE TERRESTRE,OSWALDO SANTIAGO,,,,
19696,S/P,N/T,YUTONG,,VINOTINTO,AUTOBUSES,Pesada,EN PROCESO DE DESINCORPORACION,FUERA DE SERVICIO,TRANSPORTE TERRESTRE,OSWALDO SANTIAGO,,,,
19697,S/P,N/T,YUTONG,,VINOTINTO,AUTOBUSES,Pesada,EN PROCESO DE DESINCORPORACION,FUERA DE SERVICIO,TRANSPORTE TERRESTRE,OSWALDO SANTIAGO,,,,
19703,AH214YA,N/T,YUTONG,,VINOTINTO,AUTOBUSES,Pesada,EN PROCESO DE DESINCORPORACION,FUERA DE SERVICIO,TRANSPORTE TERRESTRE,OSWALDO SANTIAGO,,,,
19704,AF942GM,N/T,YUTONG,,VINOTINTO,AUTOBUSES,Pesada,EN PROCESO DE DESINCORPORACION,FUERA DE SERVICIO,TRANSPORTE TERRESTRE,OSWALDO SANTIAGO,,,,
19705,AF939GM,N/T,YUTONG,,VINOTINTO,AUTOBUSES,Pesada,EN PROCESO DE DESINCORPORACION,FUERA DE SERVICIO,TRANSPORTE TERRESTRE,OSWALDO SANTIAGO,,,,
19707,S/P,N/T,YUTONG,,VINOTINTO,AUTOBUSES,Pesada,EN PROCESO DE DESINCORPORACION,FUERA DE SERVICIO,TRANSPORTE TERRESTRE,OSWALDO SANTIAGO,,,,
19708,AB817ZF,N/T,YUTONG,,VINOTINTO,AUTOBUSES,Pesada,EN PROCESO DE DESINCORPORACION,FUERA DE SERVICIO,TRANSPORTE TERRESTRE,OSWALDO SANTIAGO,,,,
19709,AG474BG,N/T,YUTONG,,VINOTINTO,AUTOBUSES,Pesada,EN PROCESO DE DESINCORPORACION,FUERA DE SERVICIO,TRANSPORTE TERRESTRE,OSWALDO SANTIAGO,,,,
19710,AB835ZF,N/T,YUTONG,,VINOTINTO,AUTOBUSES,Pesada,EN PROCESO DE DESINCORPORACION,FUERA DE SERVICIO,TRANSPORTE TERRESTRE,OSWALDO SANTIAGO,,,,
19711,AG460BG,N/T,YUTONG,,VINOTINTO,AUTOBUSES,Pesada,EN PROCESO DE DESINCORPORACION,FUERA DE SERVICIO,TRANSPORTE TERRESTRE,OSWALDO SANTIAGO,,,,
19714,AB783ZF,N/T,YUTONG,,VINOTINTO,AUTOBUSES,Pesada,EN PROCESO DE DESINCORPORACION,FUERA DE SERVICIO,TRANSPORTE TERRESTRE,OSWALDO SANTIAGO,,,,
19715,AG477BG,N/T,YUTONG,,VINOTINTO,AUTOBUSES,Pesada,EN PROCESO DE DESINCORPORACION,FUERA DE SERVICIO,TRANSPORTE TERRESTRE,OSWALDO SANTIAGO,,,,
19716,AG459BG,N/T,YUTONG,,VINOTINTO,AUTOBUSES,Pesada,EN PROCESO DE DESINCORPORACION,FUERA DE SERVICIO,TRANSPORTE TERRESTRE,OSWALDO SANTIAGO,,,,
19724,S/P,N/T,YUTONG,,VINOTINTO,AUTOBUSES,Pesada,EN PROCESO DE DESINCORPORACION,FUERA DE SERVICIO,TRANSPORTE TERRESTRE,OSWALDO SANTIAGO,,,,
1051,S/P,N/T,YUTONG,,VINOTINTO,AUTOBUSES,Pesada,EN PROCESO DE DESINCORPORACION,FUERA DE SERVICIO,TRANSPORTE TERRESTRE,OSWALDO SANTIAGO,,,,
19661,S/P,N/T,YUTONG,,VINOTINTO,AUTOBUSES,Pesada,EN PROCESO DE DESINCORPORACION,FUERA DE SERVICIO,TRANSPORTE TERRESTRE,OSWALDO SANTIAGO,,,,
19652,S/P,N/T,YUTONG,,VINOTINTO,AUTOBUSES,Pesada,EN PROCESO DE DESINCORPORACION,FUERA DE SERVICIO,TRANSPORTE TERRESTRE,OSWALDO SANTIAGO,,,,
19655,S/P,N/T,YUTONG,,VINOTINTO,AUTOBUSES,Pesada,EN PROCESO DE DESINCORPORACION,FUERA DE SERVICIO,TRANSPORTE TERRESTRE,OSWALDO SANTIAGO,,,,
1058,S/P,N/T,YUTONG,,VINOTINTO,AUTOBUSES,Pesada,EN PROCESO DE DESINCORPORACION,FUERA DE SERVICIO,TRANSPORTE TERRESTRE,OSWALDO SANTIAGO,,,,
1043,S/P,N/T,YUTONG,,VINOTINTO,AUTOBUSES,Pesada,EN PROCESO DE DESINCORPORACION,FUERA DE SERVICIO,TRANSPORTE TERRESTRE,OSWALDO SANTIAGO,,,,
1042,S/P,N/T,YUTONG,,VINOTINTO,AUTOBUSES,Pesada,EN PROCESO DE DESINCORPORACION,FUERA DE SERVICIO,TRANSPORTE TERRESTRE,OSWALDO SANTIAGO,,,,
1057,S/P,N/T,YUTONG,,VINOTINTO,AUTOBUSES,Pesada,EN PROCESO DE DESINCORPORACION,FUERA DE SERVICIO,TRANSPORTE TERRESTRE,OSWALDO SANTIAGO,,,,
1040,S/P,N/T,YUTONG,,VINOTINTO,AUTOBUSES,Pesada,EN PROCESO DE DESINCORPORACION,FUERA DE SERVICIO,TRANSPORTE TERRESTRE,OSWALDO SANTIAGO,,,,
1045,S/P,N/T,YUTONG,,VINOTINTO,AUTOBUSES,Pesada,EN PROCESO DE DESINCORPORACION,FUERA DE SERVICIO,TRANSPORTE TERRESTRE,OSWALDO SANTIAGO,,,,
19722,AH212YA,N/T,YUTONG,,VINOTINTO,AUTOBUSES,Pesada,EN PROCESO DE DESINCORPORACION,FUERA DE SERVICIO,TRANSPORTE TERRESTRE,OSWALDO SANTIAGO,,,,
19723,AF455HM,N/T,YUTONG,,VINOTINTO,AUTOBUSES,Pesada,EN PROCESO DE DESINCORPORACION,FUERA DE SERVICIO,TRANSPORTE TERRESTRE,OSWALDO SANTIAGO,,,,
19726,AG540KG,N/T,YUTONG,,VINOTINTO,AUTOBUSES,Pesada,EN PROCESO DE DESINCORPORACION,FUERA DE SERVICIO,TRANSPORTE TERRESTRE,OSWALDO SANTIAGO,,,,
19643,S/P,N/T,YUTONG,,VINOTINTO,AUTOBUSES,Pesada,EN PROCESO DE DESINCORPORACION,FUERA DE SERVICIO,TRANSPORTE TERRESTRE,OSWALDO SANTIAGO,,,,
19649,S/P,N/T,YUTONG,,VINOTINTO,AUTOBUSES,Pesada,EN PROCESO DE DESINCORPORACION,FUERA DE SERVICIO,TRANSPORTE TERRESTRE,OSWALDO SANTIAGO,,,,
19654,S/P,N/T,YUTONG,,VINOTINTO,AUTOBUSES,Pesada,EN PROCESO DE DESINCORPORACION,FUERA DE SERVICIO,TRANSPORTE TERRESTRE,OSWALDO SANTIAGO,,,,
1041,S/P,N/T,YUTONG,,VINOTINTO,AUTOBUSES,Pesada,EN PROCESO DE DESINCORPORACION,FUERA DE SERVICIO,TRANSPORTE TERRESTRE,OSWALDO SANTIAGO,,,,
19678,S/P,N/T,YUTONG,,VINOTINTO,AUTOBUSES,Pesada,EN PROCESO DE DESINCORPORACION,FUERA DE SERVICIO,TRANSPORTE TERRESTRE,OSWALDO SANTIAGO,,,,
19687,S/P,N/T,YUTONG,,VINOTINTO,AUTOBUSES,Pesada,EN PROCESO DE DESINCORPORACION,FUERA DE SERVICIO,TRANSPORTE TERRESTRE,OSWALDO SANTIAGO,,,,
19698,S/P,N/T,YUTONG,,VINOTINTO,AUTOBUSES,Pesada,EN PROCESO DE DESINCORPORACION,FUERA DE SERVICIO,TRANSPORTE TERRESTRE,OSWALDO SANTIAGO,,,,
19700,S/P,N/T,YUTONG,,VINOTINTO,AUTOBUSES,Pesada,EN PROCESO DE DESINCORPORACION,FUERA DE SERVICIO,TRANSPORTE TERRESTRE,OSWALDO SANTIAGO,,,,
19701,S/P,N/T,YUTONG,,VINOTINTO,AUTOBUSES,Pesada,EN PROCESO DE DESINCORPORACION,FUERA DE SERVICIO,TRANSPORTE TERRESTRE,OSWALDO SANTIAGO,,,,
19712,S/P,N/T,YUTONG,,VINOTINTO,AUTOBUSES,Pesada,EN PROCESO DE DESINCORPORACION,FUERA DE SERVICIO,TRANSPORTE TERRESTRE,OSWALDO SANTIAGO,,,,
19656,S/P,N/T,YUTONG,,VINOTINTO,AUTOBUSES,Pesada,EN PROCESO DE DESINCORPORACION,FUERA DE SERVICIO,TRANSPORTE TERRESTRE,OSWALDO SANTIAGO,,,,
19667,S/P,N/T,YUTONG,,VINOTINTO,AUTOBUSES,Pesada,EN PROCESO DE DESINCORPORACION,FUERA DE SERVICIO,TRANSPORTE TERRESTRE,OSWALDO SANTIAGO,,,,
1049,S/P,N/T,YUTONG,,VINOTINTO,AUTOBUSES,Pesada,EN PROCESO DE DESINCORPORACION,FUERA DE SERVICIO,TRANSPORTE TERRESTRE,OSWALDO SANTIAGO,,,,
19720,AH222YA,N/T,YUTONG,,VINOTINTO,AUTOBUSES,Pesada,EN PROCESO DE DESINCORPORACION,FUERA DE SERVICIO,TRANSPORTE TERRESTRE,OSWALDO SANTIAGO,,,,
19602,AB786VA,N/T,YUTONG,,VINOTINTO,AUTOBUSES,Pesada,EN PROCESO DE DESINCORPORACION,FUERA DE SERVICIO,TRANSPORTE TERRESTRE,OSWALDO SANTIAGO,,,,
1056,S/P,N/T,YUTONG,,VINOTINTO,AUTOBUSES,Pesada,EN PROCESO DE DESINCORPORACION,FUERA DE SERVICIO,TRANSPORTE TERRESTRE,OSWALDO SANTIAGO,,,,
19612,AB858VA,N/T,YUTONG,,VINOTINTO,AUTOBUSES,Pesada,EN PROCESO DE DESINCORPORACION,FUERA DE SERVICIO,TRANSPORTE TERRESTRE,OSWALDO SANTIAGO,,,,
65,AB241KA,N/T,YUTONG,,VINOTINTO,AUTOBUSES,Pesada,EN PROCESO DE DESINCORPORACION,FUERA DE SERVICIO,TRANSPORTE TERRESTRE,OSWALDO SANTIAGO,,,,
19516,EAR29I,N/T,MERCEDES BENZ,,NEGRO,AUTOBUSES,Pesada,EN PROCESO DE DESINCORPORACION,FUERA DE SERVICIO,TRANSPORTE TERRESTRE,OSWALDO SANTIAGO,,,,
A0103AF,A0103AF,N/T,IVECO,,BLANCO,AUTOBUSES,Pesada,A DESINCORPORAR,FUERA DE SERVICIO,TRANSPORTE TERRESTRE,OSWALDO SANTIAGO,,,,
AA015AF,AA015AF,N/T,IVECO,,BLANCO,AUTOBUSES,Pesada,EN PROCESO DE DESINCORPORACION,FUERA DE SERVICIO,TRANSPORTE TERRESTRE,OSWALDO SANTIAGO,,,,
1044,S/P,N/T,YUTONG,,VINOTINTO,AUTOBUSES,Pesada,EN PROCESO DE DESINCORPORACION,FUERA DE SERVICIO,TRANSPORTE TERRESTRE,OSWALDO SANTIAGO,,,,
1046,S/P,N/T,YUTONG,,VINOTINTO,AUTOBUSES,Pesada,EN PROCESO DE DESINCORPORACION,FUERA DE SERVICIO,TRANSPORTE TERRESTRE,OSWALDO SANTIAGO,,,,
1047,S/P,N/T,YUTONG,,VINOTINTO,AUTOBUSES,Pesada,EN PROCESO DE DESINCORPORACION,FUERA DE SERVICIO,TRANSPORTE TERRESTRE,OSWALDO SANTIAGO,,,,
1048,S/P,N/T,YUTONG,,VINOTINTO,AUTOBUSES,Pesada,EN PROCESO DE DESINCORPORACION,FUERA DE SERVICIO,TRANSPORTE TERRESTRE,OSWALDO SANTIAGO,,,,
1050,S/P,N/T,YUTONG,,VINOTINTO,AUTOBUSES,Pesada,EN PROCESO DE DESINCORPORACION,FUERA DE SERVICIO,TRANSPORTE TERRESTRE,OSWALDO SANTIAGO,,,,
1052,S/P,N/T,YUTONG,,VINOTINTO,AUTOBUSES,Pesada,EN PROCESO DE DESINCORPORACION,FUERA DE SERVICIO,TRANSPORTE TERRESTRE,OSWALDO SANTIAGO,,,,
1059,S/P,N/T,YUTONG,,VINOTINTO,AUTOBUSES,Pesada,EN PROCESO DE DESINCORPORACION,FUERA DE SERVICIO,TRANSPORTE TERRESTRE,OSWALDO SANTIAGO,,,,
1087,S/P,N/T,YUTONG,,VINOTINTO,AUTOBUSES,Pesada,EN PROCESO DE DESINCORPORACION,FUERA DE SERVICIO,TRANSPORTE TERRESTRE,OSWALDO SANTIAGO,,,,
103,S/P,N/T,YUTONG,,VINOTINTO,AUTOBUSES,Pesada,EN PROCESO DE DESINCORPORACION,FUERA DE SERVICIO,TRANSPORTE TERRESTRE,OSWALDO SANTIAGO,,,,
96,S/P,N/T,YUTONG,,VINOTINTO,AUTOBUSES,Pesada,EN PROCESO DE DESINCORPORACION,FUERA DE SERVICIO,TRANSPORTE TERRESTRE,OSWALDO SANTIAGO,,,,
148,AD187FV,N/T,YUTONG,,VINOTINTO,AUTOBUSES,Pesada,EN PROCESO DE DESINCORPORACION,FUERA DE SERVICIO,TRANSPORTE TERRESTRE,OSWALDO SANTIAGO,,,,
393,S/P,N/T,MERCEDES BENZ,,BLANCO,AUTOBUSES,Pesada,A DESINCORPORAR,FUERA DE SERVICIO,TRANSPORTE TERRESTRE,OSWALDO SANTIAGO,,,,
648,S/P,N/T,YUTONG,,VINOTINTO,AUTOBUSES,Pesada,EN PROCESO DE DESINCORPORACION,FUERA DE SERVICIO,TRANSPORTE TERRESTRE,OSWALDO SANTIAGO,,,,
19717,S/P,N/T,YUTONG,,VINOTINTO,AUTOBUSES,Pesada,OPERATIVA,OPERATIVA,MPETROLEO,DOUMARYS RODRIGUEZ,,,,
PB-VP00849,S/P,N/T,YUTONG,,VINOTINTO,AUTOBUSES,Pesada,INOPERATIVA,RECUPERADA DE CICPC EL MILAGRO,TRANSPORTE TERRESTRE,OSWALDO SANTIAGO,,,,
PB-VP00850,S/P,N/T,YUTONG,,VINOTINTO,AUTOBUSES,Pesada,INOPERATIVA,RECUPERADA DE CICPC EL MILAGRO,TRANSPORTE TERRESTRE,OSWALDO SANTIAGO,,,,
PB-VP00851,S/P,N/T,YUTONG,,VINOTINTO,AUTOBUSES,Pesada,INOPERATIVA,RECUPERADA DE CICPC EL MILAGRO,TRANSPORTE TERRESTRE,OSWALDO SANTIAGO,,,,
PB-VP00852,S/P,N/T,YUTONG,,VINOTINTO,AUTOBUSES,Pesada,INOPERATIVA,RECUPERADA DE CICPC EL MILAGRO,TRANSPORTE TERRESTRE,OSWALDO SANTIAGO,,,,
14346,15CMAZ,N/T,CHEVROLET,,BLANCO,AMBULANCIAS,Pesada,A DESINCORPORAR,A DESINCORPORAR,SALUD,OSWALDO SANTIAGO,,,,
14347,23UCAB,N/T,CHEVROLET,,BLANCO,AMBULANCIAS,Pesada,A DESINCORPORAR,A DESINCORPORAR,SALUD,OSWALDO SANTIAGO,,,,
14354,S/P,N/T,FORD,,BLANCO,AMBULANCIAS,Pesada,INOPERATIVA,PARADA POR FALLAS,SALUD,OSWALDO SANTIAGO,,,,
14355,S/P,N/T,FORD,,BLANCO,AMBULANCIAS,Pesada,A DESINCORPORAR,A DESINCORPORAR,SALUD,OSWALDO SANTIAGO,,,,
14357,S/P,N/T,FORD,,BLANCO,AMBULANCIAS,Pesada,A DESINCORPORAR,A DESINCORPORAR,SALUD,OSWALDO SANTIAGO,,,,
412,A48AI0V,8ZC3CZCG7BV314281,CHEVROLET,,BLANCO,AMBULANCIAS,Pesada,INOPERATIVA,PARADA POR FALLAS,SALUD,OSWALDO SANTIAGO,,,,
413,A47AI5A,8ZC3CZCG2BV337791,CHEVROLET,,BLANCO,AMBULANCIAS,Pesada,A DESINCORPORAR,A DESINCORPORAR,SALUD,OSWALDO SANTIAGO,,,,
908,169XBT,N/T,CHEVROLET,,BLANCO,AMBULANCIAS,Pesada,A DESINCORPORAR,A DESINCORPORAR,SALUD,OSWALDO SANTIAGO,,,,
909,469XGN,N/T,CHEVROLET,,BLANCO,AMBULANCIAS,Pesada,A DESINCORPORAR,DESMANTELADA,SERVICIOS ELECTRICOS,OSWALDO SANTIAGO,,,,
917,AVU261,N/T,CHEVROLET,,BLANCO,AMBULANCIAS,Pesada,INOPERATIVA,PARADA POR FALLAS,SALUD,OSWALDO SANTIAGO,,,,
2875,7VB1687,N/T,FORD,,BLANCO,AMBULANCIAS,Pesada,A DESINCORPORAR,DESMANTELADA,SALUD,OSWALDO SANTIAGO,,,,
2888,42XFAD,N/T,FORD,,BLANCO,AMBULANCIAS,Pesada,A DESINCORPORAR,DESMANTELADA,SALUD,OSWALDO SANTIAGO,,,,
8106,BAU01X,N/T,FORD,,BLANCO,AMBULANCIAS,Pesada,INOPERATIVA,PARADA POR FALLAS,SALUD,OSWALDO SANTIAGO,,,,
9130,23XVAG,N/T,FORD,,BLANCO,AMBULANCIAS,Pesada,INOPERATIVA,PARADA POR FALLAS,SALUD,OSWALDO SANTIAGO,,,,
14300,597XDG,N/T,CHEVROLET,,BLANCO,AMBULANCIAS,Pesada,A DESINCORPORAR,DESMANTELADA,SALUD,OSWALDO SANTIAGO,,,,
14302,023XEF,N/T,CHEVROLET,,BLANCO,AMBULANCIAS,Pesada,A DESINCORPORAR,DESMANTELADA,SALUD,OSWALDO SANTIAGO,,,,
14304,250XEF,N/T,CHEVROLET,,BLANCO,AMBULANCIAS,Pesada,EN PROCESO DE DESINCORPORACION,DESMANTELADA,SALUD,OSWALDO SANTIAGO,,,,
14305,025XEF,N/T,CHEVROLET,,BLANCO,AMBULANCIAS,Pesada,A DESINCORPORAR,DESMANTELADA,SALUD,OSWALDO SANTIAGO,,,,
14306,526XEF,N/T,CHEVROLET,,BLANCO,AMBULANCIAS,Pesada,A DESINCORPORAR,DESMANTELADA,SALUD,OSWALDO SANTIAGO,,,,
14340,BAU05X,N/T,FORD,,BLANCO,AMBULANCIAS,Pesada,A DESINCORPORAR,A DESINCORPORAR,SALUD,OSWALDO SANTIAGO,,,,
14341,67135,N/T,FORD,,BLANCO,AMBULANCIAS,Pesada,A DESINCORPORAR,A DESINCORPORAR,SALUD,OSWALDO SANTIAGO,,,,
14343,59YFAD,N/T,FORD,,BLANCO,AMBULANCIAS,Pesada,A DESINCORPORAR,A DESINCORPORAR,SALUD,OSWALDO SANTIAGO,,,,
14344,ABM41K,N/T,FORD,,BLANCO,AMBULANCIAS,Pesada,A DESINCORPORAR,A DESINCORPORAR,SALUD,OSWALDO SANTIAGO,,,,
14348,S/P,N/T,FORD,,BLANCO,AMBULANCIAS,Pesada,A DESINCORPORAR,A DESINCORPORAR,SALUD,OSWALDO SANTIAGO,,,,
14349,S/P,N/T,FORD,,BLANCO,AMBULANCIAS,Pesada,A DESINCORPORAR,A DESINCORPORAR,SALUD,OSWALDO SANTIAGO,,,,
14350,S/P,N/T,FORD,,BLANCO,AMBULANCIAS,Pesada,INOPERATIVA,PARADA POR FALLAS,SALUD,OSWALDO SANTIAGO,,,,
14351,S/P,N/T,FORD,,BLANCO,AMBULANCIAS,Pesada,A DESINCORPORAR,A DESINCORPORAR,SALUD,OSWALDO SANTIAGO,,,,
14352,S/P,N/T,FORD,,BLANCO,AMBULANCIAS,Pesada,COMODATO,DESCONOCIDO,GOBERNACION DEL ESTADO ZULIA,OSWALDO SANTIAGO,,,,
14353,S/P,N/T,FORD,,BLANCO,AMBULANCIAS,Pesada,EN PROCESO DE DESINCORPORACION,FUERA DE SERVICIO,SALUD,OSWALDO SANTIAGO,,,,
14356,S/P,N/T,FORD,,BLANCO,AMBULANCIAS,Pesada,A DESINCORPORAR,A DESINCORPORAR,SALUD,OSWALDO SANTIAGO,,,,
14358,S/P,N/T,FORD,,BLANCO,AMBULANCIAS,Pesada,A DESINCORPORAR,A DESINCORPORAR,SALUD,OSWALDO SANTIAGO,,,,
14359,S/P,N/T,FORD,,BLANCO,AMBULANCIAS,Pesada,COMODATO,DESCONOCIDO,ALCALDIA DE SIMON BOLIVAR,OSWALDO SANTIAGO,,,,
408,A47AI7V,8ZC3CZCG4BV314285,CHEVROLET,,BLANCO,AMBULANCIAS,Pesada,A DESINCORPORAR,A DESINCORPORAR,SALUD,OSWALDO SANTIAGO,,,,
410,A07AI7V,N/T,CHEVROLET,,BLANCO,AMBULANCIAS,Pesada,A DESINCORPORAR,A DESINCORPORAR,SALUD,OSWALDO SANTIAGO,,,,
411,A47AI9V,8ZC3CZCG9BV314301,CHEVROLET,,BLANCO,AMBULANCIAS,Pesada,INOPERATIVA,PARADA POR FALLAS,SALUD,OSWALDO SANTIAGO,,,,
414,A22AK6A,8ZC3CZCG7BV341044,CHEVROLET,,BLANCO,AMBULANCIAS,Pesada,A DESINCORPORAR,A DESINCORPORAR,SALUD,OSWALDO SANTIAGO,,,,
415,A12AK1A,8ZC3CZCG4BV340661,CHEVROLET,,BLANCO,AMBULANCIAS,Pesada,INOPERATIVA,PARADA POR FALLAS,DSLT(DIVISIÓN SUR DEL LAGO TRUJILLO),ENRIQUE VILLASMIL,,,,
416,A22AK4A,N/T,CHEVROLET,,BLANCO,AMBULANCIAS,Pesada,EN PROCESO DE DESINCORPORACION,FUERA DE SERVICIO,SALUD,OSWALDO SANTIAGO,,,,
417,A68AI5A,8ZC3CZCG5BV336960,CHEVROLET,,BLANCO,AMBULANCIAS,Pesada,INOPERATIVA,PARADA POR FALLAS,SALUD,OSWALDO SANTIAGO,,,,
418,A54AI0A,8ZC3CZCGXBV338140,CHEVROLET,,BLANCO,AMBULANCIAS,Pesada,EN PROCESO DE DESINCORPORACION,FUERA DE SERVICIO,SALUD,OSWALDO SANTIAGO,,,,
3196,A64AM6V,8ZC3CZCG1BV333196,CHEVROLET,,BLANCO,AMBULANCIAS,Pesada,INOPERATIVA,PARADA POR FALLAS,SALUD,OSWALDO SANTIAGO,,,,
420,A20AI1V,8ZC3CZCG4BV313167,CHEVROLET,,BLANCO,AMBULANCIAS,Pesada,INOPERATIVA,PARADA POR FALLAS,SALUD,OSWALDO SANTIAGO,,,,
5640,A24AT4A,8ZC3CZCG6CG315640,CHEVROLET,,BLANCO,AMBULANCIAS,Pesada,EN PROCESO DE DESINCORPORACION,FUERA DE SERVICIO,SALUD,OSWALDO SANTIAGO,,,,
725,A24AT5A,8ZC3CZCG8CG315638,CHEVROLET,,BLANCO,AMBULANCIAS,Pesada,A DESINCORPORAR,A DESINCORPORAR,SALUD,OSWALDO SANTIAGO,,,,
96KBAR,96KBAR,N/T,MERCEDES BENZ,,BLANCO,AMBULANCIAS,Pesada,INOPERATIVA,PARADA POR FALLAS,SALUD,OSWALDO SANTIAGO,,,,
422,A25AM5K,N/T,CHEVROLET,,BLANCO,AMBULANCIAS,Pesada,OPERATIVA,OPERATIVA,SALUD,OSWALDO SANTIAGO,,,,
A2YAT4A,A2YAT4A,N/T,CHEVROLET,,BLANCO,AMBULANCIAS,Pesada,EN PROCESO DE DESINCORPORACION,FUERA DE SERVICIO,SALUD,OSWALDO SANTIAGO,,,,
409,A47AI8V,N/T,CHEVROLET,,BLANCO,AMBULANCIAS,Pesada,EN PROCESO DE DESINCORPORACION,FUERA DE SERVICIO,SALUD,OSWALDO SANTIAGO,,,,
342,870VCG,N/T,RETOÑO,,AMARILLO,BATEAS,Pesada,INOPERATIVA,UDS EN RECUPERACION EN RECUVENSA,OCC(DIVISIÓN COSTA OCCIDENTAL),CARLOS CONTRERAS,,,,
1426,D20XEG,N/T,D INNOCENZO,,AMARILLO,BATEAS,Pesada,OPERATIVA,OPERATIVA,LAGO(DIVISIÓN LAGO),HEBERT MOROS,,,,
343,871VCG,N/T,RETOÑO,,AMARILLO,BATEAS,Pesada,DETENIDA,DETENIDA,DSLT(DIVISIÓN SUR DEL LAGO TRUJILLO),ENRIQUE VILLASMIL,,,,
492,721MBP,N/T,FRUEHAUF,,ROJO,BATEAS,Pesada,A DESINCORPORAR,PARADA POR FALLAS,TRANSPORTE TERRESTRE,OSWALDO SANTIAGO,,,,
1425,021XEG,N/T,REMIVECA,,AMARILLO,BATEAS,Pesada,SOLICITADO,HURTADA,LAGO(DIVISIÓN LAGO),HEBERT MOROS,,,,
1427,020XEG,N/T,REMIVECA,,ROJO,BATEAS,Pesada,A DESINCORPORAR,DESMANTELADA,TRANSPORTE TERRESTRE,OSWALDO SANTIAGO,,,,
8715,224XGT,N/T,REMIVECA,,AMARILLO,BATEAS,Pesada,INOPERATIVA,PARADA POR FALLAS,TRANSPORTE TERRESTRE,OSWALDO SANTIAGO,,,,
8716,225XGT,N/T,REMIVECA,,AMARILLO,BATEAS,Pesada,OPERATIVA,OPERATIVA,LAGO(DIVISIÓN LAGO),HEBERT MOROS,,,,
1014,S/P,8X9SP1327BM004093,RETOÑO,,AMARILLO,BATEAS,Pesada,INOPERATIVA,PARADA POR FALLAS,COL(DIVISIÓN COSTA ORIENTAL DEL LAGO),FRANCISCO SUAREZ,,,,
29,S/P,N/T,XCMG,,AMARILLO,BATEAS,Pesada,INOPERATIVA,PARADA POR FALLAS,COL(DIVISIÓN COSTA ORIENTAL DEL LAGO),FRANCISCO SUAREZ,,,,
1010,A68AT3M,8X9SP1326BM004084,ORINOCO,,AMARILLO,BATEAS,Pesada,OPERATIVA,OPERATIVA,COL(DIVISIÓN COSTA ORIENTAL DEL LAGO),FRANCISCO SUAREZ,,,,
1011,A68AT8M,8X9SP1325BM004089,ORINOCO,,AMARILLO,BATEAS,Pesada,OPERATIVA,OPERATIVA,COL(DIVISIÓN COSTA ORIENTAL DEL LAGO),FRANCISCO SUAREZ,,,,
1013,A70AT2M,8X9SP1325BM004092,ORINOCO,,AMARILLO,BATEAS,Pesada,OPERATIVA,OPERATIVA,COL(DIVISIÓN COSTA ORIENTAL DEL LAGO),FRANCISCO SUAREZ,,,,
OA-VP17519,7VI5261,N/T,GREAT DANE,,AMARILLO,BATEAS,Pesada,INOPERATIVA,PARADA POR FALLAS,LAGO(DIVISIÓN LAGO),HEBERT MOROS,,,,
803XHM,803XHM,N/T,S/I,,AZUL,BATEAS,Pesada,OPERATIVA,OPERATIVA,LAGO(DIVISIÓN LAGO),HEBERT MOROS,,,,
947XFL,947XFL,N/T,S/I,,S/I,BATEAS,Pesada,INOPERATIVA,PARADA POR FALLAS,COL(DIVISIÓN COSTA ORIENTAL DEL LAGO),FRANCISCO SUAREZ,,,,
OA-VP17518,S/P,N/T,CHANCEY,,ROJO,BATEAS,Pesada,A DESINCORPORAR,FUERA DE SERVICIO,LAGO(DIVISIÓN LAGO),HEBERT MOROS,,,,
7978,075ABB,N/T,S/I,,AMARILLO,BATEAS,Pesada,INOPERATIVA,PARADA POR FALLAS,LAGO(DIVISIÓN LAGO),HEBERT MOROS,,,,
OA-VP17520,248-MBN,N/T,HOBB,,ANARANJADO,BATEAS,Pesada,OPERATIVA,OPERATIVA,LAGO(DIVISIÓN LAGO),HEBERT MOROS,,,,
ZAPARA 0022,S/P,N/T,REMIVECA,,AMARILLO,BATEAS,Pesada,OPERATIVA,OPERATIVA,DSLT(DIVISIÓN SUR DEL LAGO TRUJILLO),ENRIQUE VILLASMIL,,,,
37131,S/P,N/T,S/I,,LIEBHER,EXCAVADORES,Pesada,EN PROCESO DE DESINCORPORACION,FUERA DE SERVICIO,TRANSPORTE TERRESTRE,OSWALDO SANTIAGO,,,,
PB-VP00832,A89AW1E,N/T,INTORCA,,ROJO,BATEAS,Pesada,OPERATIVA,OPERATIVA,TRANSPORTE TERRESTRE,OSWALDO SANTIAGO,,,,
PB-VP00834,A70BH8K,N/T,CAROREÑO,,NARANJA,BATEAS,Pesada,OPERATIVA,OPERATIVA,TRANSPORTE TERRESTRE,OSWALDO SANTIAGO,,,,
30738,S/P,N/T,YUTONG,,BLANCO,AUTOBUSES,Pesada,OPERATIVA,OPERATIVA,TRANSPORTE TERRESTRE,OSWALDO SANTIAGO,,,,
30739,S/P,N/T,YUTONG,,BLANCO,AUTOBUSES,Pesada,OPERATIVA,OPERATIVA,TRANSPORTE TERRESTRE,OSWALDO SANTIAGO,,,,
30740,S/P,N/T,YUTONG,,BLANCO,AUTOBUSES,Pesada,OPERATIVA,OPERATIVA,TRANSPORTE TERRESTRE,OSWALDO SANTIAGO,,,,
30741,S/P,N/T,YUTONG,,BLANCO,AUTOBUSES,Pesada,OPERATIVA,OPERATIVA,TRANSPORTE TERRESTRE,OSWALDO SANTIAGO,,,,
30743,S/P,N/T,YUTONG,,BLANCO,AUTOBUSES,Pesada,OPERATIVA,OPERATIVA,DSLT(DIVISIÓN SUR DEL LAGO TRUJILLO),ENRIQUE VILLASMIL,,,,
30744,S/P,N/T,YUTONG,,BLANCO,AUTOBUSES,Pesada,OPERATIVA,OPERATIVA,TRANSPORTE TERRESTRE,OSWALDO SANTIAGO,,,,
30745,S/P,N/T,YUTONG,,BLANCO,AUTOBUSES,Pesada,OPERATIVA,OPERATIVA,TRANSPORTE TERRESTRE,OSWALDO SANTIAGO,,,,
30746,S/P,N/T,YUTONG,,BLANCO,AUTOBUSES,Pesada,OPERATIVA,OPERATIVA,TRANSPORTE TERRESTRE,OSWALDO SANTIAGO,,,,
30747,S/P,N/T,YUTONG,,BLANCO,AUTOBUSES,Pesada,OPERATIVA,OPERATIVA,TRANSPORTE TERRESTRE,OSWALDO SANTIAGO,,,,
30748,S/P,N/T,YUTONG,,BLANCO,AUTOBUSES,Pesada,OPERATIVA,OPERATIVA,TRANSPORTE TERRESTRE,OSWALDO SANTIAGO,,,,
30749,S/P,N/T,YUTONG,,BLANCO,AUTOBUSES,Pesada,OPERATIVA,OPERATIVA,DSLT(DIVISIÓN SUR DEL LAGO TRUJILLO),ENRIQUE VILLASMIL,,,,
30750,S/P,N/T,YUTONG,,BLANCO,AUTOBUSES,Pesada,OPERATIVA,OPERATIVA,TRANSPORTE TERRESTRE,OSWALDO SANTIAGO,,,,
30751,S/P,N/T,YUTONG,,BLANCO,AUTOBUSES,Pesada,OPERATIVA,OPERATIVA,TRANSPORTE TERRESTRE,OSWALDO SANTIAGO,,,,
30752,S/P,N/T,YUTONG,,BLANCO,AUTOBUSES,Pesada,OPERATIVA,OPERATIVA,TRANSPORTE TERRESTRE,OSWALDO SANTIAGO,,,,
30753,S/P,N/T,YUTONG,,BLANCO,AUTOBUSES,Pesada,INOPERATIVA,"CHOCADA, ACCIDENTE LARA ZULIA",TRANSPORTE TERRESTRE,OSWALDO SANTIAGO,,,,
30754,S/P,N/T,YUTONG,,BLANCO,AUTOBUSES,Pesada,OPERATIVA,OPERATIVA,TRANSPORTE TERRESTRE,OSWALDO SANTIAGO,,,,
30690,S/P,N/T,YUTONG,,BLANCO,AUTOBUSES,Pesada,OPERATIVA,OPERATIVA,TRANSPORTE TERRESTRE,OSWALDO SANTIAGO,,,,
30759,S/P,N/T,YUTONG,,BLANCO,AUTOBUSES,Pesada,OPERATIVA,OPERATIVA,TRANSPORTE TERRESTRE,OSWALDO SANTIAGO,,,,
100403,S/P,N/T,YUTONG,,AMARILLO,AUTOBUSES,Pesada,INOPERATIVA,PARADA POR FALLAS,DSLT(DIVISIÓN SUR DEL LAGO TRUJILLO),ENRIQUE VILLASMIL,,,,
30737,S/P,N/T,YUTONG,,BLANCO,AUTOBUSES,Pesada,OPERATIVA,OPERATIVA,TRANSPORTE TERRESTRE,OSWALDO SANTIAGO,,,,
30736,S/P,N/T,YUTONG,,BLANCO,AUTOBUSES,Pesada,OPERATIVA,OPERATIVA,TRANSPORTE TERRESTRE,OSWALDO SANTIAGO,,,,
30735,S/P,N/T,YUTONG,,BLANCO,AUTOBUSES,Pesada,OPERATIVA,OPERATIVA,TRANSPORTE TERRESTRE,OSWALDO SANTIAGO,,,,
30734,S/P,N/T,YUTONG,,BLANCO,AUTOBUSES,Pesada,OPERATIVA,OPERATIVA,TRANSPORTE TERRESTRE,OSWALDO SANTIAGO,,,,
100402,S/P,N/T,YUTONG,,AMARILLO,AUTOBUSES,Pesada,OPERATIVA,OPERATIVA,DSLT(DIVISIÓN SUR DEL LAGO TRUJILLO),ENRIQUE VILLASMIL,,,,
30733,S/P,N/T,YUTONG,,BLANCO,AUTOBUSES,Pesada,OPERATIVA,OPERATIVA,TRANSPORTE TERRESTRE,OSWALDO SANTIAGO,,,,
30732,S/P,N/T,YUTONG,,BLANCO,AUTOBUSES,Pesada,OPERATIVA,OPERATIVA,TRANSPORTE TERRESTRE,OSWALDO SANTIAGO,,,,
30731,S/P,N/T,YUTONG,,BLANCO,AUTOBUSES,Pesada,OPERATIVA,OPERATIVA,DSLT(DIVISIÓN SUR DEL LAGO TRUJILLO),ENRIQUE VILLASMIL,,,,
30,88KLAA,S/I,IVECO,,BLANCO,CHUTOS,Pesada,INOPERATIVA,PARADA POR FALLAS,SIHO,OSWALDO SANTIAGO,,,,
5183,54TDAT,8XGAG11Y06V044023,MACK,,BLANCO,CHUTOS,Pesada,INOPERATIVA,PARADA POR FALLAS,OCC(DIVISIÓN COSTA OCCIDENTAL),CARLOS CONTRERAS,,,,
5023,S/P,N/T,MACK,,AMARILLO,CHUTOS,Pesada,INOPERATIVA,PARADA POR FALLAS,TRANSPORTE TERRESTRE,OSWALDO SANTIAGO,,,,
1086,944XEL,N/T,FORD,,BLANCO,CHUTOS,Pesada,INOPERATIVA,PARADA POR FALLAS,COL(DIVISIÓN COSTA ORIENTAL DEL LAGO),FRANCISCO SUAREZ,,,,
1369,17RVAX,N/T,IVECO,,BLANCO,CHUTOS,Pesada,OPERATIVA,OPERATIVA,TRANSPORTE TERRESTRE,OSWALDO SANTIAGO,,,,
5167,920XCL,N/T,MACK,,AMARILLO,CHUTOS,Pesada,A DESINCORPORAR,A DESINCORPORAR,LAGO(DIVISIÓN LAGO),HEBERT MOROS,,,,
5169,126XIP,N/T,MACK,,AMARILLO,CHUTOS,Pesada,INOPERATIVA,FUERA DE SERVICIO,TRANSPORTE TERRESTRE,OSWALDO SANTIAGO,,,,
5170,127XIP,N/T,MACK,,AMARILLO,CHUTOS,Pesada,EN PROCESO DE DESINCORPORACION,FUERA DE SERVICIO,COL(DIVISIÓN COSTA ORIENTAL DEL LAGO),FRANCISCO SUAREZ,,,,
5171,131XIP,N/T,MACK,,AMARILLO,CHUTOS,Pesada,EN PROCESO DE DESINCORPORACION,FUERA DE SERVICIO,OCC(DIVISIÓN COSTA OCCIDENTAL),CARLOS CONTRERAS,,,,
5172,132XIP,N/T,MACK,,AMARILLO,CHUTOS,Pesada,INOPERATIVA,PARADA POR FALLAS,TRANSPORTE TERRESTRE,OSWALDO SANTIAGO,,,,
3399,S/P,N/T,JAC,,ROJO,CHUTOS,Pesada,INOPERATIVA,PARADA POR FALLAS,TRANSPORTE TERRESTRE,OSWALDO SANTIAGO,,,,
5174,282XIP,N/T,MACK,,ROJO,CHUTOS,Pesada,EN PROCESO DE DESINCORPORACION,FUERA DE SERVICIO,TRANSPORTE TERRESTRE,OSWALDO SANTIAGO,,,,
5175,301XIP,N/T,MACK,,ROJO,CHUTOS,Pesada,A DESINCORPORAR,A DESINCORPORAR,TRANSPORTE TERRESTRE,OSWALDO SANTIAGO,,,,
5176,300XIP,N/T,MACK,,ROJO,CHUTOS,Pesada,A DESINCORPORAR,A DESINCORPORAR,DSLT(DIVISIÓN SUR DEL LAGO TRUJILLO),ENRIQUE VILLASMIL,,,,
5177,462XIP,N/T,MACK,,GRIS,CHUTOS,Pesada,EN PROCESO DE DESINCORPORACION,FUERA DE SERVICIO,TRANSPORTE TERRESTRE,OSWALDO SANTIAGO,,,,
5178,468XIP,N/T,MACK,,GRIS,CHUTOS,Pesada,A DESINCORPORAR,A DESINCORPORAR,TRANSPORTE TERRESTRE,OSWALDO SANTIAGO,,,,
5179,461XIP,N/T,MACK,,GRIS,CHUTOS,Pesada,A DESINCORPORAR,A DESINCORPORAR,TRANSPORTE TERRESTRE,OSWALDO SANTIAGO,,,,
5180,112XIP,N/T,MACK,,GRIS,CHUTOS,Pesada,INOPERATIVA,PARADA POR FALLAS,SIHO,OSWALDO SANTIAGO,,,,
5181,460XIP,N/T,MACK,,GRIS,CHUTOS,Pesada,SOLICITADO,HURTADA,TRANSPORTE TERRESTRE,OSWALDO SANTIAGO,,,,
5182,55TDAT,N/T,MACK,,BLANCO,CHUTOS,Pesada,EN PROCESO DE DESINCORPORACION,FUERA DE SERVICIO,DSLT(DIVISIÓN SUR DEL LAGO TRUJILLO),ENRIQUE VILLASMIL,,,,
5188,50TDAT,N/T,MACK,,BLANCO,CHUTOS,Pesada,EN PROCESO DE DESINCORPORACION,FUERA DE SERVICIO,TRANSPORTE TERRESTRE,OSWALDO SANTIAGO,,,,
5185,47TDAT,N/T,MACK,,BLANCO,CHUTOS,Pesada,EN PROCESO DE DESINCORPORACION,FUERA DE SERVICIO,OCC(DIVISIÓN COSTA OCCIDENTAL),CARLOS CONTRERAS,,,,
5186,59TDAT,N/T,MACK,,BLANCO,CHUTOS,Pesada,A DESINCORPORAR,FUERA DE SERVICIO,TRANSPORTE TERRESTRE,OSWALDO SANTIAGO,,,,
5187,58TDAT,8XGAG11Y06V044027,MACK,,BLANCO,CHUTOS,Pesada,INOPERATIVA,PARADA POR FALLAS,LAGO(DIVISIÓN LAGO),HEBERT MOROS,,,,
5184,49TDAT,N/T,MACK,,BLANCO,CHUTOS,Pesada,A DESINCORPORAR,A DESINCORPORAR,TRANSPORTE TERRESTRE,OSWALDO SANTIAGO,,,,
5189,56TDAT,N/T,MACK,,BLANCO,CHUTOS,Pesada,EN PROCESO DE DESINCORPORACION,FUERA DE SERVICIO,OCC(DIVISIÓN COSTA OCCIDENTAL),CARLOS CONTRERAS,,,,
5190,51TDAT,8XGAG11Y06V044020,MACK,,BLANCO,CHUTOS,Pesada,OPERATIVA,OPERATIVA,DSLT(DIVISIÓN SUR DEL LAGO TRUJILLO),ENRIQUE VILLASMIL,,,,
5191,52TDAT,N/T,MACK,,BLANCO,CHUTOS,Pesada,INOPERATIVA,PARADA POR FALLAS,COL(DIVISIÓN COSTA ORIENTAL DEL LAGO),FRANCISCO SUAREZ,,,,
5192,53TDAT,N/T,MACK,,BLANCO,CHUTOS,Pesada,EN PROCESO DE DESINCORPORACION,FUERA DE SERVICIO,COL(DIVISIÓN COSTA ORIENTAL DEL LAGO),FRANCISCO SUAREZ,,,,
5193,57TDAT,N/T,MACK,,BLANCO,CHUTOS,Pesada,EN PROCESO DE DESINCORPORACION,FUERA DE SERVICIO,TRANSPORTE TERRESTRE,OSWALDO SANTIAGO,,,,
5194,48TDAT,N/T,MACK,,BLANCO,CHUTOS,Pesada,A DESINCORPORAR,FUERA DE SERVICIO,LAGO(DIVISIÓN LAGO),HEBERT MOROS,,,,
5195,00WDAT,N/T,MACK,,BLANCO,CHUTOS,Pesada,OPERATIVA,LIBERADA DEL SEBIN CIUDAD OJEDA,DSLT(DIVISIÓN SUR DEL LAGO TRUJILLO),ENRIQUE VILLASMIL,,,,
5196,01WDAT,N/T,MACK,,BLANCO,CHUTOS,Pesada,A DESINCORPORAR,A DESINCORPORAR,DSLT(DIVISIÓN SUR DEL LAGO TRUJILLO),ENRIQUE VILLASMIL,,,,
5197,02WDAT,N/T,MACK,,BLANCO,CHUTOS,Pesada,A DESINCORPORAR,FUERA DE SERVICIO,COL(DIVISIÓN COSTA ORIENTAL DEL LAGO),FRANCISCO SUAREZ,,,,
5199,94VDAT,N/T,MACK,,BLANCO,CHUTOS,Pesada,INOPERATIVA,PARADA POR FALLAS,LAGO(DIVISIÓN LAGO),HEBERT MOROS,,,,
5202,97VDAT,N/T,MACK,,BLANCO,CHUTOS,Pesada,EN PROCESO DE DESINCORPORACION,FUERA DE SERVICIO,TRANSPORTE TERRESTRE,OSWALDO SANTIAGO,,,,
PB-VP00444,S/P,N/T,FOTON,,ROJO,CHUTOS,Pesada,INOPERATIVA,RECUPERADA DE DSLT,COL(DIVISIÓN COSTA ORIENTAL DEL LAGO),FRANCISCO SUAREZ,,,,
PB-VP00445,S/P,N/T,FOTON,,ROJO,CHUTOS,Pesada,EN PROCESO DE DESINCORPORACION,FUERA DE SERVICIO,COL(DIVISIÓN COSTA ORIENTAL DEL LAGO),FRANCISCO SUAREZ,,,,
BH017782,S/P,N/T,FOTON,,ROJO,CHUTOS,Pesada,A DESINCORPORAR,RECUPERADA,TRANSPORTE TERRESTRE,OSWALDO SANTIAGO,,,,
TV-03,S/P,N/T,MACK,,BLANCO,CHUTOS,Pesada,EN PROCESO DE DESINCORPORACION,DESMANTELADA,DSLT(DIVISIÓN SUR DEL LAGO TRUJILLO),ENRIQUE VILLASMIL,,,,
468,S/P,N/T,MACK,,BLANCO,CHUTOS,Pesada,INOPERATIVA,PARADA POR FALLAS,TRANSPORTE TERRESTRE,OSWALDO SANTIAGO,,,,
5032,S/P,N/T,MACK,,BLANCO,CHUTOS,Pesada,EN PROCESO DE DESINCORPORACION,FUERA DE SERVICIO,TRANSPORTE TERRESTRE,OSWALDO SANTIAGO,,,,
PB-VP00470,S/P,N/T,MACK,,BLANCO,CHUTOS,Pesada,SOLICITADO,HURTADA,TRANSPORTE TERRESTRE,OSWALDO SANTIAGO,,,,
5021,S/P,N/T,MACK,,AMARILLO,CHUTOS,Pesada,INOPERATIVA,PARADA POR FALLAS,LAGO(DIVISIÓN LAGO),HEBERT MOROS,,,,
5037,S/P,N/T,MACK,,BLANCO,CHUTOS,Pesada,INOPERATIVA,PARADA POR FALLAS,TRANSPORTE TERRESTRE,OSWALDO SANTIAGO,,,,
5036,S/P,N/T,MACK,,BLANCO,CHUTOS,Pesada,INOPERATIVA,PARADA POR FALLAS,TRANSPORTE TERRESTRE,OSWALDO SANTIAGO,,,,
5019,S/P,N/T,MACK,,AMARILLO,CHUTOS,Pesada,OPERATIVA,OPERATIVA,LAGO(DIVISIÓN LAGO),HEBERT MOROS,,,,
605 KBI,605 KBI,N/T,MACK,,BLANCO,CHUTOS,Pesada,INOPERATIVA,PARADA POR FALLAS,LAGO(DIVISIÓN LAGO),HEBERT MOROS,,,,
83ABAI,83ABAI,N/T,MACK,,AMARILLO,CHUTOS,Pesada,DETENIDA,DETENIDA,LAGO(DIVISIÓN LAGO),HEBERT MOROS,,,,
224XCP,224XCP,N/T,PEGASO,,BLANCO,CHUTOS,Pesada,EN PROCESO DE DESINCORPORACION,FUERA DE SERVICIO,LAGO(DIVISIÓN LAGO),HEBERT MOROS,,,,
5208,326XBZ,N/T,MACK,,AMARILLO,CHUTOS,Pesada,A DESINCORPORAR,DESMANTELADA,TRANSPORTE TERRESTRE,OSWALDO SANTIAGO,,,,
2026,55JGAK,N/T,MACK,,BLANCO,CHUTOS,Pesada,INOPERATIVA,PARADA POR FALLAS,TRANSPORTE TERRESTRE,OSWALDO SANTIAGO,,,,
2982,05BDAH,N/T,MACK,,AMARILLO,CHUTOS,Pesada,INOPERATIVA,PARADA POR FALLAS,DSLT(DIVISIÓN SUR DEL LAGO TRUJILLO),ENRIQUE VILLASMIL,,,,
2323,35BDAH,N/T,MACK,,BLANCO,CHUTOS,Pesada,A DESINCORPORAR,DESMANTELADA,TRANSPORTE TERRESTRE,OSWALDO SANTIAGO,,,,
5198,03WDAT,N/T,MACK,,BLANCO,CHUTOS,Pesada,EN PROCESO DE DESINCORPORACION,FUERA DE SERVICIO,COL(DIVISIÓN COSTA ORIENTAL DEL LAGO),FRANCISCO SUAREZ,,,,
5200,95VDAT,N/T,MACK,,BLANCO,CHUTOS,Pesada,INOPERATIVA,PARADA POR FALLAS,DSLT(DIVISIÓN SUR DEL LAGO TRUJILLO),ENRIQUE VILLASMIL,,,,
5201,96VDAT,N/T,MACK,,BLANCO,CHUTOS,Pesada,INOPERATIVA,PARADA POR FALLAS,COL(DIVISIÓN COSTA ORIENTAL DEL LAGO),FRANCISCO SUAREZ,,,,
5203,98VDAT,N/T,MACK,,BLANCO,CHUTOS,Pesada,A DESINCORPORAR,A DESINCORPORAR,TRANSPORTE TERRESTRE,OSWALDO SANTIAGO,,,,
5204,99VDAT,N/T,MACK,,BLANCO,CHUTOS,Pesada,INOPERATIVA,PARADA POR FALLAS,TRANSPORTE TERRESTRE,OSWALDO SANTIAGO,,,,
1028,A43AT6M,N/T,IVECO,,BLANCO,CHUTOS,Pesada,INOPERATIVA,PARADA POR FALLAS,COL(DIVISIÓN COSTA ORIENTAL DEL LAGO),FRANCISCO SUAREZ,,,,
1073,AO1BJ7K,N/T,IVECO,,BLANCO,CHUTOS,Pesada,EN PROCESO DE DESINCORPORACION,FUERA DE SERVICIO,COL(DIVISIÓN COSTA ORIENTAL DEL LAGO),FRANCISCO SUAREZ,,,,
1075,S/P,N/T,VOLVO,,ROJO,CHUTOS,Pesada,EN PROCESO DE DESINCORPORACION,FUERA DE SERVICIO,COL(DIVISIÓN COSTA ORIENTAL DEL LAGO),FRANCISCO SUAREZ,,,,
3210,S/P,N/T,MACK,,BLANCO,CHUTOS,Pesada,EN PROCESO DE DESINCORPORACION,FUERA DE SERVICIO,TRANSPORTE TERRESTRE,OSWALDO SANTIAGO,,,,
3613,S/P,N/T,MACK,,AMARILLO,CHUTOS,Pesada,EN PROCESO DE DESINCORPORACION,FUERA DE SERVICIO,TRANSPORTE TERRESTRE,OSWALDO SANTIAGO,,,,
5205,22KMAS,N/T,MACK,,AMARILLO,CHUTOS,Pesada,A DESINCORPORAR,FUERA DE SERVICIO,COL(DIVISIÓN COSTA ORIENTAL DEL LAGO),FRANCISCO SUAREZ,,,,
5206,S/P,N/T,MACK,,BLANCO,CHUTOS,Pesada,EN PROCESO DE DESINCORPORACION,FUERA DE SERVICIO,TRANSPORTE TERRESTRE,OSWALDO SANTIAGO,,,,
5216,S/P,N/T,MACK,,BLANCO,CHUTOS,Pesada,EN PROCESO DE DESINCORPORACION,FUERA DE SERVICIO,TRANSPORTE TERRESTRE,OSWALDO SANTIAGO,,,,
A06AC2S,A06AC2S,N/T,MACK,,BLANCO,CHUTOS,Pesada,OPERATIVA,OPERATIVA,COL(DIVISIÓN COSTA ORIENTAL DEL LAGO),FRANCISCO SUAREZ,,,,
1080,A86BF3D,N/T,MACK,,BLANCO,CHUTOS,Pesada,A DESINCORPORAR,FUERA DE SERVICIO,COL(DIVISIÓN COSTA ORIENTAL DEL LAGO),FRANCISCO SUAREZ,,,,
1076,S/P,N/T,VOLVO,,ROJO,CHUTOS,Pesada,INOPERATIVA,PARADA POR FALLAS,OCC(DIVISIÓN COSTA OCCIDENTAL),CARLOS CONTRERAS,,,,
V001425,S/P,N/T,MACK,,BLANCO,CHUTOS,Pesada,INOPERATIVA,PARADA POR FALLAS,TRANSPORTE TERRESTRE,OSWALDO SANTIAGO,,,,
OA-VP17522,224-XCP,N/T,PEGASO,,ROJO,CHUTOS,Pesada,INOPERATIVA,PARADA POR FALLAS,LAGO(DIVISIÓN LAGO),HEBERT MOROS,,,,
SP-85,S/P,N/T,MACK,,AMARILLO,CHUTOS,Pesada,EN PROCESO DE DESINCORPORACION,FUERA DE SERVICIO,LAGO(DIVISIÓN LAGO),HEBERT MOROS,,,,
OA-VP03501,716VCI,N/T,MACK,,AMARILLO,CHUTOS,Pesada,A DESINCORPORAR,FUERA DE SERVICIO,LAGO(DIVISIÓN LAGO),HEBERT MOROS,,,,
OA-VP03503,657GAL,N/T,MACK,,BLANCO,CHUTOS,Pesada,A DESINCORPORAR,FUERA DE SERVICIO,LAGO(DIVISIÓN LAGO),HEBERT MOROS,,,,
8334,715VCI,N/T,MACK,,AMARILLO,CHUTOS,Pesada,OPERATIVA,OPERATIVA,LAGO(DIVISIÓN LAGO),HEBERT MOROS,,,,
7757,S/P,N/T,FOTON,,BLANCO,CHUTOS,Pesada,OPERATIVA,OPERATIVA,TRANSPORTE TERRESTRE,OSWALDO SANTIAGO,,,,
B-7,S/I,N/T,FORD,,VERDE,CHUTOS,Pesada,INOPERATIVA,PARADA POR FALLAS,SIHO,OSWALDO SANTIAGO,,,,
PB-VP00833,A18BK7K,N/T,MACK,,BLANCO,CHUTOS,Pesada,INOPERATIVA,PARADA POR FALLAS,TRANSPORTE TERRESTRE,OSWALDO SANTIAGO,,,,
PB-VP00835,A11AB2W,N/T,INTERNATIONAL,,BLANCO,CHUTOS,Pesada,OPERATIVA,OPERATIVA,TRANSPORTE TERRESTRE,OSWALDO SANTIAGO,,,,
7738,S/P,N/T,FOTON,,ROJO,CHUTOS,Pesada,INOPERATIVA,PARADA POR FALLAS,TRANSPORTE TERRESTRE,OSWALDO SANTIAGO,,,,
447,P/C,N/T,FOTON,,ROJO,CHUTOS,Pesada,OPERATIVA,OPERATIVA,TRANSPORTE TERRESTRE,OSWALDO SANTIAGO,,,,
PB-VP00520,27NAAW,N/T,FOTON,,ROJO,CHUTOS,Pesada,EN PROCESO DE DESINCORPORACION,FUERA DE SERVICIO,TRANSPORTE TERRESTRE,OSWALDO SANTIAGO,,,,
PB-VP00519,S/P,N/T,FOTON,,ROJO,CHUTOS,Pesada,EN PROCESO DE DESINCORPORACION,FUERA DE SERVICIO,TRANSPORTE TERRESTRE,OSWALDO SANTIAGO,,,,
PB-VP00451,S/P,N/T,FOTON,,ROJO,CHUTOS,Pesada,EN PROCESO DE DESINCORPORACION,FUERA DE SERVICIO,TRANSPORTE TERRESTRE,OSWALDO SANTIAGO,,,,
3491,S/P,N/T,JAC,,ROJO,CHUTOS,Pesada,INOPERATIVA,PARADA POR FALLAS,TRANSPORTE TERRESTRE,OSWALDO SANTIAGO,,,,
M2106,M2106,N/T,FREIGHTLINER,,VERDE,CAMIONES BOMBEROS,Pesada,OPERATIVA,OPERATIVA,SIHO,OSWALDO SANTIAGO,,,,
117,S/P,N/T,CLARK,,S/I,CAMIONES CESTAS,Pesada,A DESINCORPORAR,A DESINCORPORAR,LAGO(DIVISIÓN LAGO),HEBERT MOROS,,,,
514,545ADE,N/T,FORD,,VERDE,CAMIONES BOMBEROS,Pesada,A DESINCORPORAR,A DESINCORPORAR,SIHO,OSWALDO SANTIAGO,,,,
1082,764XGN,N/T,CHEVROLET,,BLANCO,CAMIONES RADIO,Pesada,EN PROCESO DE DESINCORPORACION,FUERA DE SERVICIO,COL(DIVISIÓN COSTA ORIENTAL DEL LAGO),FRANCISCO SUAREZ,,,,
1094,448XIA,N/T,CHEVROLET,,BLANCO,CAMIONES RADIO,Pesada,EN PROCESO DE DESINCORPORACION,FUERA DE SERVICIO,COL(DIVISIÓN COSTA ORIENTAL DEL LAGO),FRANCISCO SUAREZ,,,,
1303,063ADX,N/T,FORD,,NARANJA,CAMIONES CESTAS,Pesada,EN PROCESO DE DESINCORPORACION,FUERA DE SERVICIO,COORDINACION OPERACIONAL,OSWALDO SANTIAGO,,,,
1330,365-XLG,N/T,FORD,,BLANCO,CAMIONES RADIO,Pesada,OPERATIVA,OPERATIVA,LAGO(DIVISIÓN LAGO),HEBERT MOROS,,,,
1408,100MBA,8ZCP7H1C66V319185,CHEVROLET,,BLANCO,CAMIONES CESTAS,Pesada,INOPERATIVA,PARADA POR FALLAS,TRANSPORTE TERRESTRE,OSWALDO SANTIAGO,,,,
1409,33TSAK,N/T,CHEVROLET,,BLANCO,CAMIONES CESTAS,Pesada,INOPERATIVA,PARADA POR FALLAS,GOIP,OSWALDO SANTIAGO,,,,
1410,44ZNAG,9GDP7H1C27B006766,CHEVROLET,,BLANCO,CAMIONES CESTAS,Pesada,A DESINCORPORAR,FUERA DE SERVICIO,GOIP,OSWALDO SANTIAGO,,,,
1411,31RMBG,N/T,CHEVROLET,,BLANCO,CAMIONES CESTAS,Pesada,EN PROCESO DE DESINCORPORACION,FUERA DE SERVICIO,COL(DIVISIÓN COSTA ORIENTAL DEL LAGO),FRANCISCO SUAREZ,,,,
1414,S/P,N/T,INTERNATIONAL,,S/I,CAMIONES CESTAS,Pesada,INOPERATIVA,PARADA POR FALLAS,GOIP,OSWALDO SANTIAGO,,,,
2029,979MBV,N/T,INTERNATIONAL,,VERDE,CAMIONES BOMBEROS,Pesada,INOPERATIVA,PARADA POR FALLAS,SIHO,OSWALDO SANTIAGO,,,,
2031,977MBV,N/T,INTERNATIONAL,,VERDE,CAMIONES BOMBEROS,Pesada,A DESINCORPORAR,A DESINCORPORAR,SIHO,OSWALDO SANTIAGO,,,,
2032,7VJ158,N/T,INTERNATIONAL,,VERDE,CAMIONES BOMBEROS,Pesada,A DESINCORPORAR,A DESINCORPORAR,SIHO,OSWALDO SANTIAGO,,,,
2034,7VA4426,N/T,INTERNATIONAL,,VERDE,CAMIONES BOMBEROS,Pesada,INOPERATIVA,PARADA POR FALLAS,SIHO,OSWALDO SANTIAGO,,,,
2035,S/P,N/T,INTERNATIONAL,,VERDE,CAMIONES BOMBEROS,Pesada,EN PROCESO DE DESINCORPORACION,FUERA DE SERVICIO,SIHO,OSWALDO SANTIAGO,,,,
2037,115XIP,N/T,MACK,,VERDE,CAMIONES BOMBEROS,Pesada,A DESINCORPORAR,A DESINCORPORAR,SIHO,OSWALDO SANTIAGO,,,,
2039,S/P,N/T,MERCEDES BENZ,,VERDE,CAMIONES BOMBEROS,Pesada,INOPERATIVA,PARADA POR FALLAS,SIHO,OSWALDO SANTIAGO,,,,
2053,S/P,N/T,INTERNATIONAL,,VERDE,CAMIONES BOMBEROS,Pesada,A DESINCORPORAR,A DESINCORPORAR,SIHO,OSWALDO SANTIAGO,,,,
2054,062ADX,N/T,INTERNATIONAL,,VERDE,CAMIONES BOMBEROS,Pesada,A DESINCORPORAR,A DESINCORPORAR,SIHO,OSWALDO SANTIAGO,,,,
2056,S/P,N/T,INTERNATIONAL,,VERDE,CAMIONES BOMBEROS,Pesada,A DESINCORPORAR,A DESINCORPORAR,SIHO,OSWALDO SANTIAGO,,,,
0004B,502-XEG,N/T,FORD,,VERDE,CAMIONES BOMBEROS,Pesada,OPERATIVA,OPERATIVA,SIHO,OSWALDO SANTIAGO,,,,
27,S/P,N/T,FORD,,VERDE,CAMIONES BOMBEROS,Pesada,INOPERATIVA,PARADA POR FALLAS,SIHO,OSWALDO SANTIAGO,,,,
L-0006,7VB5895,N/T,FORD,,BLANCO,CAMIONES CESTAS,Pesada,OPERATIVA,OPERATIVA,TRANSPORTE TERRESTRE,OSWALDO SANTIAGO,,,,
10175,S/P,N/T,FREIGHTLINER,,VERDE,CAMIONES BOMBEROS,Pesada,OPERATIVA,OPERATIVA,SIHO,OSWALDO SANTIAGO,,,,
PB-VP00525,S/P,LGAX2A132E1026606,YUTONG,,BLANCO,CAMIONES CESTAS,Pesada,INOPERATIVA,PARADA POR FALLAS,TRANSPORTE TERRESTRE,OSWALDO SANTIAGO,,,,
PB-VP00526,S/P,LGAX2A139E1026604,YUTONG,,BLANCO,CAMIONES CESTAS,Pesada,INOPERATIVA,PARADA POR FALLAS,TRANSPORTE TERRESTRE,OSWALDO SANTIAGO,,,,
PB-VP00527,S/P,LGAX2A131E1026600,YUTONG,,BLANCO,CAMIONES CESTAS,Pesada,INOPERATIVA,PARADA POR FALLAS,LAGO(DIVISIÓN LAGO),HEBERT MOROS,,,,
PB-VP00528,S/P,LGAX2A134E1026607,YUTONG,,BLANCO,CAMIONES CESTAS,Pesada,INOPERATIVA,PARADA POR FALLAS,TRANSPORTE TERRESTRE,OSWALDO SANTIAGO,,,,
PB-VP00529,S/P,LGAX2A13XE1026613,YUTONG,,BLANCO,CAMIONES CESTAS,Pesada,INOPERATIVA,PARADA POR FALLAS,TRANSPORTE TERRESTRE,OSWALDO SANTIAGO,,,,
PB-VP00530,S/P,LGAX2A137E1026617,YUTONG,,BLANCO,CAMIONES CESTAS,Pesada,INOPERATIVA,PARADA POR FALLAS,GOIP,OSWALDO SANTIAGO,,,,
PB-VP00531,S/P,LGAX2A139E1026618,YUTONG,,BLANCO,CAMIONES CESTAS,Pesada,INOPERATIVA,PARADA POR FALLAS,GOIP,OSWALDO SANTIAGO,,,,
PB-VP00533,S/P,LGAX2A139E1026599,YUTONG,,BLANCO,CAMIONES CESTAS,Pesada,INOPERATIVA,PARADA POR FALLAS,GOIP,OSWALDO SANTIAGO,,,,
PB-VP00534,S/P,LGAX2A135E1026597,YUTONG,,BLANCO,CAMIONES CESTAS,Pesada,INOPERATIVA,PARADA POR FALLAS,TRANSPORTE TERRESTRE,OSWALDO SANTIAGO,,,,
OA-VP11502,83MVAR,N/T,FORD,,AZUL,CAMIONES 350,Pesada,INOPERATIVA,PARADA POR FALLAS,LAGO(DIVISIÓN LAGO),HEBERT MOROS,,,,
32230,72EFAN,N/T,CHEVROLET,,BLANCO,CAMIONES 350,Pesada,INOPERATIVA,PARADA POR FALLAS,LAGO(DIVISIÓN LAGO),HEBERT MOROS,,,,
PB-VP00649,T46863,N/T,FORD,,BLANCO,CAMIONES 350,Pesada,OPERATIVA,OPERATIVA,LAGO(DIVISIÓN LAGO),HEBERT MOROS,,,,
1068,A64BM4V,8YTYTHZT2B8A37025,FORD,,BLANCO,CAMIONES CARGO,Pesada,EN PROCESO DE DESINCORPORACION,FUERA DE SERVICIO,TRANSPORTE TERRESTRE,OSWALDO SANTIAGO,,,,
1064,A62BM4V,N/T,FORD,,BLANCO,CAMIONES CARGO,Pesada,A DESINCORPORAR,DESMANTELADA,TRANSPORTE TERRESTRE,OSWALDO SANTIAGO,,,,
1091,A65BM9V,N/T,FORD,,BLANCO,CAMIONES CESTAS,Pesada,A DESINCORPORAR,FUERA DE SERVICIO,TRANSPORTE TERRESTRE,OSWALDO SANTIAGO,,,,
1002,A51BM2V,N/T,FORD,,BLANCO,CAMIONES 350,Pesada,INOPERATIVA,PARADA POR FALLAS,COL(DIVISIÓN COSTA ORIENTAL DEL LAGO),FRANCISCO SUAREZ,,,,
1067,A27BM6V,N/T,FORD,,BLANCO,CAMIONES CARGO,Pesada,EN PROCESO DE DESINCORPORACION,FUERA DE SERVICIO,COL(DIVISIÓN COSTA ORIENTAL DEL LAGO),FRANCISCO SUAREZ,,,,
1004,A25BF3K,8YTWF36COB8A36462,FORD,,BLANCO,CAMIONES 350,Pesada,EN PROCESO DE DESINCORPORACION,FUERA DE SERVICIO,DSLT(DIVISIÓN SUR DEL LAGO TRUJILLO),ENRIQUE VILLASMIL,,,,
1090,A76BM1V,8YTV2UHG1B8A37147,FORD,,BLANCO,CAMIONES CARGO,Pesada,EN PROCESO DE DESINCORPORACION,FUERA DE SERVICIO,COL(DIVISIÓN COSTA ORIENTAL DEL LAGO),FRANCISCO SUAREZ,,,,
1000,A24BF6K,8YTWF36C7B8A38418,FORD,,BLANCO,CAMIONES 350,Pesada,EN PROCESO DE DESINCORPORACION,FUERA DE SERVICIO,COL(DIVISIÓN COSTA ORIENTAL DEL LAGO),FRANCISCO SUAREZ,,,,
1066,A38AO5B,8YTYTHZT6B8A37030,FORD,,BLANCO,CAMIONES CARGO,Pesada,EN PROCESO DE DESINCORPORACION,FUERA DE SERVICIO,COL(DIVISIÓN COSTA ORIENTAL DEL LAGO),FRANCISCO SUAREZ,,,,
1061,A62BM2V,8YTYTHZT3BBA37017,FORD,,BLANCO,CAMIONES CARGO,Pesada,EN PROCESO DE DESINCORPORACION,FUERA DE SERVICIO,COL(DIVISIÓN COSTA ORIENTAL DEL LAGO),FRANCISCO SUAREZ,,,,
6415,A84BM3V,8YTWF36C8B8A46415,FORD,,BLANCO,CAMIONES 350,Pesada,INOPERATIVA,PARADA POR FALLAS,COL(DIVISIÓN COSTA ORIENTAL DEL LAGO),FRANCISCO SUAREZ,,,,
2036,S/P,N/T,INTERNATIONAL,,VERDE,CAMIONES BOMBEROS,Pesada,A DESINCORPORAR,DESMANTELADA,SIHO,OSWALDO SANTIAGO,,,,
10174,S/P,N/T,FREIGHTLINER,,VERDE,CAMIONES BOMBEROS,Pesada,OPERATIVA,OPERATIVA,SIHO,OSWALDO SANTIAGO,,,,
5626,S/P,N/T,FREIGHTLINER,,VERDE,CAMIONES BOMBEROS,Pesada,INOPERATIVA,PARADA POR FALLAS,SIHO,OSWALDO SANTIAGO,,,,
38,S/P,N/T,FORD,,VERDE,CAMIONES BOMBEROS,Pesada,INOPERATIVA,PARADA POR FALLAS,SIHO,OSWALDO SANTIAGO,,,,
0005B (B2),S/P,N/T,FORD,,VERDE,CAMIONES BOMBEROS,Pesada,INOPERATIVA,PARADA POR FALLAS,SIHO,OSWALDO SANTIAGO,,,,
21126,S/P,N/T,ROSENBAUER,,VERDE,CAMIONES BOMBEROS,Pesada,A DESINCORPORAR,CAMION EN SINIESTRO QUEMADO,SIHO,OSWALDO SANTIAGO,,,,
21125,S/P,N/T,ROSENBAUER,,VERDE,CAMIONES BOMBEROS,Pesada,OPERATIVA,OPERATIVA,SIHO,OSWALDO SANTIAGO,,,,
21127,S/P,N/T,ROSENBAUER,,VERDE,CAMIONES BOMBEROS,Pesada,OPERATIVA,OPERATIVA,SIHO,OSWALDO SANTIAGO,,,,
1062,A49BM5V,8YTWF36C5B8A41592,FORD,,BLANCO,CAMIONES 350,Pesada,INOPERATIVA,PARADA POR FALLAS,COL(DIVISIÓN COSTA ORIENTAL DEL LAGO),FRANCISCO SUAREZ,,,,
A76AZ9D,A76AZ9D,N/T,FORD,,S/I,CAMIONES 350,Pesada,EN PROCESO DE DESINCORPORACION,FUERA DE SERVICIO,COL(DIVISIÓN COSTA ORIENTAL DEL LAGO),FRANCISCO SUAREZ,,,,
1069,A77AZ9D,8YTYTHZT8B8A36963,FORD,,BLANCO,CAMIONES CARGO,Pesada,EN PROCESO DE DESINCORPORACION,FUERA DE SERVICIO,OCC(DIVISIÓN COSTA OCCIDENTAL),CARLOS CONTRERAS,,,,
10RTAD,10RTAD,N/T,TOYOTA,,BLANCO,CAMIONES 350,Pesada,EN PROCESO DE DESINCORPORACION,FUERA DE SERVICIO,LAGO(DIVISIÓN LAGO),HEBERT MOROS,,,,
OA-VP00001,96UKAB,N/T,CHEVROLET,,BLANCO,CAMIONES 350,Pesada,A DESINCORPORAR,FUERA DE SERVICIO,TRANSPORTE TERRESTRE,OSWALDO SANTIAGO,,,,
C137,S/P,N/T,CHEVROLET,,BLANCO,CAMIONES 350,Pesada,A DESINCORPORAR,A DESINCORPORAR,TRANSPORTE TERRESTRE,OSWALDO SANTIAGO,,,,
OA-VP11503,F600-69A,N/T,FORD,,BLANCO,CAMIONES 750,Pesada,INOPERATIVA,PARADA POR FALLAS,LAGO(DIVISIÓN LAGO),HEBERT MOROS,,,,
OA-VP17003,10R-TAD,N/T,TOYOTA,,BLANCO,CAMIONES 350,Pesada,INOPERATIVA,PARADA POR FALLAS,LAGO(DIVISIÓN LAGO),HEBERT MOROS,,,,
V-671,94ATTAB,N/T,DINA,,S/I,CAMIONES 350,Pesada,OPERATIVA,OPERATIVA,COL(DIVISIÓN COSTA ORIENTAL DEL LAGO),FRANCISCO SUAREZ,,,,
2116,S/P,N/T,FORD,,S/I,CAMIONES CESTAS,Pesada,OPERATIVA,OPERATIVA,COL(DIVISIÓN COSTA ORIENTAL DEL LAGO),FRANCISCO SUAREZ,,,,
L-0014,AJF7NG,N/T,FORD,,BLANCO,CAMIONES 750,Pesada,A DESINCORPORAR,DESMANTELADA,COORDINACION OPERACIONAL,OSWALDO SANTIAGO,,,,
1365,66BVAX,N/T,FORD,,BLANCO,CAMIONES CARGO,Pesada,A DESINCORPORAR,RECUPERADA,TRANSPORTE TERRESTRE,OSWALDO SANTIAGO,,,,
2055,S/P,N/T,INTERNATIONAL,,VERDE,CAMION BOMBA,Pesada,A DESINCORPORAR,A DESINCORPORAR,SIHO,OSWALDO SANTIAGO,,,,
2051,563VBU,N/T,INTERNATIONAL,,VERDE,CAMION BOMBA,Pesada,A DESINCORPORAR,A DESINCORPORAR,SIHO,OSWALDO SANTIAGO,,,,
2028,306GBC,N/T,INTERNATIONAL,,VERDE,CAMION BOMBA,Pesada,A DESINCORPORAR,A DESINCORPORAR,SIHO,OSWALDO SANTIAGO,,,,
37,7VB4796,N/T,GMC,,VERDE,CAMION BOMBA,Pesada,A DESINCORPORAR,A DESINCORPORAR,SIHO,OSWALDO SANTIAGO,,,,
PB-VP00846,A14AHYT,N/T,FORF,,BLANCO,CAMIONES CARGO,Pesada,OPERATIVA,OPERATIVA,SEGURIDAD INTEGRAL(DSI),OSWALDO SANTIAGO,,,,
1931,09PABJ,8X9ST12216M005100,CARROCERIAS CHAMA,,S/I,VACUNN,Pesada,INOPERATIVA,PARADA POR FALLAS,OCC(DIVISIÓN COSTA OCCIDENTAL),CARLOS CONTRERAS,,,,
1940,15PABJ,N/T,CARROCERIAS CHAMA,,S/I,VACUNN,Pesada,INOPERATIVA,PARADA POR FALLAS,OCC(DIVISIÓN COSTA OCCIDENTAL),CARLOS CONTRERAS,,,,
479,S/P,N/T,TRADEQUIP,,BLANCO,VACUNN,Pesada,INOPERATIVA,PARADA POR FALLAS,TRANSPORTE TERRESTRE,OSWALDO SANTIAGO,,,,
1927,10PABJ,N/T,CARROCERIAS CHAMA,,S/I,VACUNN,Pesada,INOPERATIVA,PARADA POR FALLAS,TRANSPORTE TERRESTRE,OSWALDO SANTIAGO,,,,
1928,13PABJ,N/T,CARROCERIAS CHAMA,,GRIS,VACUNN,Pesada,OPERATIVA,OPERATIVA,LAGO(DIVISIÓN LAGO),HEBERT MOROS,,,,
1929,11PABJ,N/T,CARROCERIAS CHAMA,,S/I,VACUNN,Pesada,OPERATIVA,OPERATIVA,LAGO(DIVISIÓN LAGO),HEBERT MOROS,,,,
1930,12PABJ,N/T,CARROCERIAS CHAMA,,S/I,VACUNN,Pesada,INOPERATIVA,PARADA POR FALLAS,TRANSPORTE TERRESTRE,OSWALDO SANTIAGO,,,,
1932,08PABJ,N/T,CARROCERIAS CHAMA,,GRIS,VACUNN,Pesada,OPERATIVA,OPERATIVA,DSLT(DIVISIÓN SUR DEL LAGO TRUJILLO),ENRIQUE VILLASMIL,,,,
1933,07PABJ,N/T,CARROCERIAS CHAMA,,S/I,VACUNN,Pesada,OPERATIVA,OPERATIVA,TRANSPORTE TERRESTRE,OSWALDO SANTIAGO,,,,
1934,06PABJ,N/T,CARROCERIAS CHAMA,,GRIS,VACUNN,Pesada,INOPERATIVA,PARADA POR FALLAS,DSLT(DIVISIÓN SUR DEL LAGO TRUJILLO),ENRIQUE VILLASMIL,,,,
1936,17PABJ,N/T,CARROCERIAS CHAMA,,GRIS Y AZUL,VACUNN,Pesada,INOPERATIVA,PARADA POR FALLAS,TRANSPORTE TERRESTRE,OSWALDO SANTIAGO,,,,
1937,18PABJ,N/T,CARROCERIAS CHAMA,,S/I,VACUNN,Pesada,INOPERATIVA,PARADA POR FALLAS,TRANSPORTE TERRESTRE,OSWALDO SANTIAGO,,,,
1938,19PABJ,N/T,CARROCERIAS CHAMA,,S/I,VACUNN,Pesada,INOPERATIVA,PARADA POR FALLAS,TRANSPORTE TERRESTRE,OSWALDO SANTIAGO,,,,
1939,14PABJ,N/T,CARROCERIAS CHAMA,,S/I,VACUNN,Pesada,INOPERATIVA,PARADA POR FALLAS,DSLT(DIVISIÓN SUR DEL LAGO TRUJILLO),ENRIQUE VILLASMIL,,,,
1941,24PABJ,N/T,CARROCERIAS CHAMA,,S/I,VACUNN,Pesada,INOPERATIVA,PARADA POR FALLAS,LAGO(DIVISIÓN LAGO),HEBERT MOROS,,,,
1942,22PABJ,N/T,CARROCERIAS CHAMA,,S/I,VACUNN,Pesada,OPERATIVA,OPERATIVA,TRANSPORTE TERRESTRE,OSWALDO SANTIAGO,,,,
5484,S/P,N/T,TRADEQUIP,,BLANCO,VACUNN,Pesada,INOPERATIVA,PARADA POR FALLAS,DSLT(DIVISIÓN SUR DEL LAGO TRUJILLO),ENRIQUE VILLASMIL,,,,
PB-VP00476,S/P,N/T,TRADEQUIP,,BLANCO,VACUNN,Pesada,INOPERATIVA,PARADA POR FALLAS,TRANSPORTE TERRESTRE,OSWALDO SANTIAGO,,,,
5496,S/P,N/T,TRADEQUIP,,BLANCO,VACUNN,Pesada,INOPERATIVA,PARADA POR FALLAS,TRANSPORTE TERRESTRE,OSWALDO SANTIAGO,,,,
5482,S/P,N/T,TRADEQUIP,,BLANCO,VACUNN,Pesada,INOPERATIVA,PARADA POR FALLAS,TRANSPORTE TERRESTRE,OSWALDO SANTIAGO,,,,
5479,S/P,N/T,TRADEQUIP,,BLANCO,VACUNN,Pesada,INOPERATIVA,PARADA POR FALLAS,LAGO(DIVISIÓN LAGO),HEBERT MOROS,,,,
5493,S/P,N/T,TRADEQUIP,,BLANCO,VACUNN,Pesada,OPERATIVA,OPERATIVA,DSLT(DIVISIÓN SUR DEL LAGO TRUJILLO),ENRIQUE VILLASMIL,,,,
PB-VP00482,S/P,N/T,TRADEQUIP,,BLANCO,VACUNN,Pesada,INOPERATIVA,PARADA POR FALLAS,TRANSPORTE TERRESTRE,OSWALDO SANTIAGO,,,,
5492,S/P,N/T,TRADEQUIP,,BLANCO,VACUNN,Pesada,INOPERATIVA,PARADA POR FALLAS,LAGO(DIVISIÓN LAGO),HEBERT MOROS,,,,
1078,A68AH8L,8X9SX1122CL018011,FREE WAYS,,GRIS,VACUNN,Pesada,INOPERATIVA,PARADA POR FALLAS,COL(DIVISIÓN COSTA ORIENTAL DEL LAGO),FRANCISCO SUAREZ,,,,
1079,A66AH8L,8X9SX1124CL018009,FREE WAYS,,GRIS,VACUNN,Pesada,INOPERATIVA,PARADA POR FALLAS,COL(DIVISIÓN COSTA ORIENTAL DEL LAGO),FRANCISCO SUAREZ,,,,
1036,A20AG6L,8X9SX1121CL018002,FREE WAYS,,ROJO,VACUNN,Pesada,OPERATIVA,OPERATIVA,COL(DIVISIÓN COSTA ORIENTAL DEL LAGO),FRANCISCO SUAREZ,,,,
A66AH7L,A66AH7L,N/T,FREE WAYS,,GRIS,VACUNN,Pesada,INOPERATIVA,PARADA POR FALLAS,COL(DIVISIÓN COSTA ORIENTAL DEL LAGO),FRANCISCO SUAREZ,,,,
1081,A71AH7L,8X9SX1122CL018042,FREE WAYS,,ROJO,VACUNN,Pesada,INOPERATIVA,PARADA POR FALLAS,COL(DIVISIÓN COSTA ORIENTAL DEL LAGO),FRANCISCO SUAREZ,,,,
1085,A69AH4L,8X9SX1122CL018039,FREE WAYS,,GRIS,VACUNN,Pesada,INOPERATIVA,PARADA POR FALLAS,COL(DIVISIÓN COSTA ORIENTAL DEL LAGO),FRANCISCO SUAREZ,,,,
1035,A20AG8L,8X9SX1123CL018003,FREE WAYS,,GRIS,VACUNN,Pesada,INOPERATIVA,PARADA POR FALLAS,COL(DIVISIÓN COSTA ORIENTAL DEL LAGO),FRANCISCO SUAREZ,,,,
2276,S/P,N/T,ZOOMLION,,S/I,VACUNN,Pesada,EN PROCESO DE DESINCORPORACION,FUERA DE SERVICIO,TRANSPORTE TERRESTRE,OSWALDO SANTIAGO,,,,
2254,S/P,N/T,ZOOMILION,,GRIS,VACUNN,Pesada,INOPERATIVA,PARADA POR FALLAS,DSLT(DIVISIÓN SUR DEL LAGO TRUJILLO),ENRIQUE VILLASMIL,,,,
L-7001,711MBP,N/T,FRUEHAUF,,VERDE,FURGONES,Pesada,A DESINCORPORAR,FUERA DE SERVICIO,LAGO(DIVISIÓN LAGO),HEBERT MOROS,,,,
8582,S/P,N/T,XCMG,,AMARILLO,CARGADORES,Pesada,OPERATIVA,OPERATIVA,TRANSPORTE TERRESTRE,OSWALDO SANTIAGO,,,,
9161,43XFAD,N/T,FORD,,BLANCO,UNIDAD DE RESCATE,Pesada,INOPERATIVA,PARADA POR FALLAS,SIHO,OSWALDO SANTIAGO,,,,
1092,450XIA,C2N3MNV367734,CHEVROLET,,BLANCO,PLATAFORMAS,Pesada,INOPERATIVA,PARADA POR FALLAS,COL(DIVISIÓN COSTA ORIENTAL DEL LAGO),FRANCISCO SUAREZ,,,,
1332,555XLF,N/T,FORD,,BLANCO,ESTACAS,Pesada,EN PROCESO DE DESINCORPORACION,FUERA DE SERVICIO,COL(DIVISIÓN COSTA ORIENTAL DEL LAGO),FRANCISCO SUAREZ,,,,
1340,564XLG,N/T,FORD,,BLANCO,CAVAS,Pesada,A DESINCORPORAR,FUERA DE SERVICIO,COL(DIVISIÓN COSTA ORIENTAL DEL LAGO),FRANCISCO SUAREZ,,,,
1351,602XLG,N/T,FORD,,BLANCO,CAVAS,Pesada,INOPERATIVA,PARADA POR FALLAS,COL(DIVISIÓN COSTA ORIENTAL DEL LAGO),FRANCISCO SUAREZ,,,,
1373,54CLAF,8XVA1RFS17V401067,IVECO,,BLANCO,COMPACTADORES,Pesada,INOPERATIVA,PARADA POR FALLAS,TRANSPORTE TERRESTRE,OSWALDO SANTIAGO,,,,
1412,71OGBH,XTC65200O71126686,KAMAZ,,ROJO,VOLTEOS,Pesada,INOPERATIVA,PARADA POR FALLAS,LAGO(DIVISIÓN LAGO),HEBERT MOROS,,,,
1413,740GBH,XTC65200O71126693,KAMAZ,,ROJO,VOLTEOS,Pesada,INOPERATIVA,PARADA POR FALLAS,TRANSPORTE TERRESTRE,OSWALDO SANTIAGO,,,,
1415,A23AN3G,8ZCFNJ1YX8V400441,CHEVROLET,,BLANCO,CAVAS,Pesada,EN PROCESO DE DESINCORPORACION,FUERA DE SERVICIO,DSLT(DIVISIÓN SUR DEL LAGO TRUJILLO),ENRIQUE VILLASMIL,,,,
1416,A41AN8G,8ZCFNJ1YX8V400861,CHEVROLET,,BLANCO,CAVAS,Pesada,A DESINCORPORAR,FUERA DE SERVICIO,LAGO(DIVISIÓN LAGO),HEBERT MOROS,,,,
1417,A24AN9G,8ZCFNJ1Y88V400485,CHEVROLET,,BLANCO,CAVAS,Pesada,INOPERATIVA,PARADA POR FALLAS,OCC(DIVISIÓN COSTA OCCIDENTAL),CARLOS CONTRERAS,,,,
1418,A08AN2G,8ZCFNJ1Y58V400251,CHEVROLET,,BLANCO,CAVAS,Pesada,A DESINCORPORAR,DESMANTELADA,TRANSPORTE TERRESTRE,OSWALDO SANTIAGO,,,,
245XFF,245XFF,N/T,FORD,,BLANCO,VOLTEOS,Pesada,INOPERATIVA,PARADA POR FALLAS,TRANSPORTE TERRESTRE,OSWALDO SANTIAGO,,,,
680,S/P,N/T,CATERPILLAR,,AMARILLO,CARGADORES,Pesada,INOPERATIVA,PARADA POR FALLAS,COL(DIVISIÓN COSTA ORIENTAL DEL LAGO),FRANCISCO SUAREZ,,,,
610,S/P,N/T,CATERPILLAR,,AMARILLO,EXCAVADORES,Pesada,INOPERATIVA,PARADA POR FALLAS,COL(DIVISIÓN COSTA ORIENTAL DEL LAGO),FRANCISCO SUAREZ,,,,
611,S/P,N/T,CATERPILLAR,,AMARILLO,EXCAVADORES,Pesada,INOPERATIVA,PARADA POR FALLAS,COL(DIVISIÓN COSTA ORIENTAL DEL LAGO),FRANCISCO SUAREZ,,,,
613,S/P,N/T,CATERPILLAR,,AMARILLO,EXCAVADORES,Pesada,INOPERATIVA,PARADA POR FALLAS,COL(DIVISIÓN COSTA ORIENTAL DEL LAGO),FRANCISCO SUAREZ,,,,
202026,S/P,N/T,XCMG,,S/I,CARGADORES,Pesada,INOPERATIVA,PARADA POR FALLAS,TRANSPORTE TERRESTRE,OSWALDO SANTIAGO,,,,
202049,S/P,N/T,XCMG,,S/I,CARGADORES,Pesada,INOPERATIVA,PARADA POR FALLAS,TRANSPORTE TERRESTRE,OSWALDO SANTIAGO,,,,
205237,S/P,N/T,XCMG,,S/I,CARGADORES,Pesada,INOPERATIVA,PARADA POR FALLAS,TRANSPORTE TERRESTRE,OSWALDO SANTIAGO,,,,
PB-VP00498,S/P,N/T,XCMG,,AMARILLO,CARGADORES,Pesada,INOPERATIVA,PARADA POR FALLAS,DSLT(DIVISIÓN SUR DEL LAGO TRUJILLO),ENRIQUE VILLASMIL,,,,
205061,S/P,N/T,XCMG,,S/I,CARGADORES,Pesada,INOPERATIVA,PARADA POR FALLAS,TRANSPORTE TERRESTRE,OSWALDO SANTIAGO,,,,
205161,S/P,N/T,XCMG,,S/I,CARGADORES,Pesada,INOPERATIVA,PARADA POR FALLAS,TRANSPORTE TERRESTRE,OSWALDO SANTIAGO,,,,
205105,S/P,N/T,XCMG,,S/I,CARGADORES,Pesada,INOPERATIVA,PARADA POR FALLAS,TRANSPORTE TERRESTRE,OSWALDO SANTIAGO,,,,
205064,S/P,N/T,XCMG,,S/I,CARGADORES,Pesada,INOPERATIVA,PARADA POR FALLAS,TRANSPORTE TERRESTRE,OSWALDO SANTIAGO,,,,
202072,S/P,N/T,XCMG,,S/I,CARGADORES,Pesada,INOPERATIVA,PARADA POR FALLAS,TRANSPORTE TERRESTRE,OSWALDO SANTIAGO,,,,
20143,S/P,N/T,XCMG,,S/I,CARGADORES,Pesada,INOPERATIVA,PARADA POR FALLAS,TRANSPORTE TERRESTRE,OSWALDO SANTIAGO,,,,
20019,S/P,N/T,XCMG,,S/I,CARGADORES,Pesada,INOPERATIVA,PARADA POR FALLAS,TRANSPORTE TERRESTRE,OSWALDO SANTIAGO,,,,
20148,S/P,N/T,XCMG,,S/I,CARGADORES,Pesada,INOPERATIVA,PARADA POR FALLAS,TRANSPORTE TERRESTRE,OSWALDO SANTIAGO,,,,
10136,S/P,N/T,XCMG,,S/I,CARGADORES,Pesada,INOPERATIVA,PARADA POR FALLAS,TRANSPORTE TERRESTRE,OSWALDO SANTIAGO,,,,
20022,S/P,N/T,XCMG,,S/I,CARGADORES,Pesada,INOPERATIVA,PARADA POR FALLAS,TRANSPORTE TERRESTRE,OSWALDO SANTIAGO,,,,
PB-VP00510,S/P,N/T,XCMG,,S/I,CARGADORES,Pesada,INOPERATIVA,PARADA POR FALLAS,LAGO(DIVISIÓN LAGO),HEBERT MOROS,,,,
PB-VP00535,S/P,LGAX4C444E2013229,YUTONG,,BLANCO,COMPACTADORES,Pesada,INOPERATIVA,PARADA POR FALLAS,ALCALDIA DE LAGUNILLAS,OSWALDO SANTIAGO,,,,
PB-VP00536,S/P,LGAX4C442E2013228,YUTONG,,BLANCO,COMPACTADORES,Pesada,INOPERATIVA,PARADA POR FALLAS,ALCALDIA DE LAGUNILLAS,OSWALDO SANTIAGO,,,,
PB-VP00537,S/P,LGAX4C440E2013227,YUTONG,,BLANCO,COMPACTADORES,Pesada,INOPERATIVA,PARADA POR FALLAS,ALCALDIA DE LAGUNILLAS,OSWALDO SANTIAGO,,,,
PB-VP00538,S/P,LGAX4C440E2013230,YUTONG,,BLANCO,COMPACTADORES,Pesada,INOPERATIVA,PARADA POR FALLAS,TRANSPORTE TERRESTRE,OSWALDO SANTIAGO,,,,
PB-VP00646,57EVAT,N/T,TOYOTA,,BLANCO,PLATAFORMAS,Pesada,EN PROCESO DE DESINCORPORACION,FUERA DE SERVICIO,LAGO(DIVISIÓN LAGO),HEBERT MOROS,,,,
5925,72ZGBF,N/T,CHEVROLET,,BLANCO,BRAZOS ARTICULADOS,Pesada,OPERATIVA,OPERATIVA,LAGO(DIVISIÓN LAGO),HEBERT MOROS,,,,
1710,S/P,N/T,XCMG,,S/I,CAVAS,Pesada,A DESINCORPORAR,FUERA DE SERVICIO,TRANSPORTE TERRESTRE,OSWALDO SANTIAGO,,,,
1698,S/P,N/T,XCMG,,BLANCO,CAVAS,Pesada,OPERATIVA,OPERATIVA,DSLT(DIVISIÓN SUR DEL LAGO TRUJILLO),ENRIQUE VILLASMIL,,,,
1701,S/P,N/T,XCMG,,BLANCO,CAVAS,Pesada,INOPERATIVA,PARADA POR FALLAS,TRANSPORTE TERRESTRE,OSWALDO SANTIAGO,,,,
1703,S/P,N/T,XCMG,,BLANCO,CAVAS,Pesada,OPERATIVA,OPERATIVA,TRANSPORTE TERRESTRE,OSWALDO SANTIAGO,,,,
1705,S/P,N/T,XCMG,,BLANCO,CAVAS,Pesada,INOPERATIVA,PARADA POR FALLAS,LAGO(DIVISIÓN LAGO),HEBERT MOROS,,,,
1706,S/P,N/T,XCMG,,BLANCO,CAVAS,Pesada,A DESINCORPORAR,FUERA DE SERVICIO,TRANSPORTE TERRESTRE,OSWALDO SANTIAGO,,,,
1697,S/P,N/T,XCMG,,BLANCO,CAVAS,Pesada,OPERATIVA,OPERATIVA,TRANSPORTE TERRESTRE,OSWALDO SANTIAGO,,,,
1704,S/P,N/T,XCMG,,BLANCO,CAVAS,Pesada,INOPERATIVA,PARADA POR FALLAS,TRANSPORTE TERRESTRE,OSWALDO SANTIAGO,,,,
1694,S/P,N/T,XCMG,,BLANCO,CAVAS,Pesada,INOPERATIVA,PARADA POR FALLAS,TRANSPORTE TERRESTRE,OSWALDO SANTIAGO,,,,
1700,S/P,S/I,XCMG,,BLANCO,CAVAS,Pesada,INOPERATIVA,PARADA POR FALLAS,TRANSPORTE TERRESTRE,OSWALDO SANTIAGO,,,,
8578,S/P,N/T,XCMG,,AMARILLO,CARGADORES,Pesada,OPERATIVA,OPERATIVA,LAGO(DIVISIÓN LAGO),HEBERT MOROS,,,,
1696,S/P,N/T,XCMG,,BLANCO,CAVAS,Pesada,INOPERATIVA,PARADA POR FALLAS,TRANSPORTE TERRESTRE,OSWALDO SANTIAGO,,,,
1007,A85AL1F,N/T,CARGO,,BLANCO,VOLTEOS,Pesada,EN PROCESO DE DESINCORPORACION,FUERA DE SERVICIO,COL(DIVISIÓN COSTA ORIENTAL DEL LAGO),FRANCISCO SUAREZ,,,,
2574,150XDH,N/T,CHEVROLET,,BLANCO,PLATAFORMAS,Pesada,EN PROCESO DE DESINCORPORACION,FUERA DE SERVICIO,TRANSPORTE TERRESTRE,OSWALDO SANTIAGO,,,,
1071,A57BM8V,8YTYTHZTOB8A38495,FORD,,BLANCO,VOLTEOS,Pesada,OPERATIVA,OPERATIVA,COL(DIVISIÓN COSTA ORIENTAL DEL LAGO),FRANCISCO SUAREZ,,,,
1072,A61BM7V,8YTYTMZT2B8A38496,FORD,,BLANCO,VOLTEOS,Pesada,EN PROCESO DE DESINCORPORACION,FUERA DE SERVICIO,COL(DIVISIÓN COSTA ORIENTAL DEL LAGO),FRANCISCO SUAREZ,,,,
5302,S/P,N/T,KODIAK,,S/I,PLATAFORMAS,Pesada,EN PROCESO DE DESINCORPORACION,FUERA DE SERVICIO,TRANSPORTE TERRESTRE,OSWALDO SANTIAGO,,,,
OA-VP17515,S/P,N/T,TAMPO,,AMARILLO,COMPACTADORES,Pesada,A DESINCORPORAR,FUERA DE SERVICIO,LAGO(DIVISIÓN LAGO),HEBERT MOROS,,,,
19985,S/P,N/T,LIUGONG,,S/I,EXCAVADORES,Pesada,OPERATIVA,OPERATIVA,COL(DIVISIÓN COSTA ORIENTAL DEL LAGO),FRANCISCO SUAREZ,,,,
308-XGF,308-XGF,N/T,IVECO,,BLANCO,PLATAFORMAS,Pesada,EN PROCESO DE DESINCORPORACION,FUERA DE SERVICIO,TRANSPORTE TERRESTRE,OSWALDO SANTIAGO,,,,
393-XDZ,393-XDZ,N/T,IVECO,,BLANCO,PLATAFORMAS,Pesada,EN PROCESO DE DESINCORPORACION,FUERA DE SERVICIO,TRANSPORTE TERRESTRE,OSWALDO SANTIAGO,,,,
A00AW1V,A00AW1V,N/T,CHEVROLET,,S/I,CAVAS,Pesada,INOPERATIVA,PARADA POR FALLAS,BARIVEN,OSWALDO SANTIAGO,,,,
A00AW2V,A00AW2V,N/T,CHEVROLET,,BLANCO,CAVAS,Pesada,OPERATIVA,OPERATIVA,BARIVEN,ANDREA SALAZAR,,,,
A96713,S/P,N/T,S/I,,S/I,VOLTEOS,Pesada,INOPERATIVA,PARADA POR FALLAS,COL(DIVISIÓN COSTA ORIENTAL DEL LAGO),FRANCISCO SUAREZ,,,,
OA-VP11504,O40XER,N/T,FORD,,BLANCO,PLATAFORMAS,Pesada,INOPERATIVA,PARADA POR FALLAS,LAGO(DIVISIÓN LAGO),HEBERT MOROS,,,,
2324,93HVAW,N/T,IVECO,,BLANCO,PLATAFORMAS,Pesada,OPERATIVA,OPERATIVA,DSLT(DIVISIÓN SUR DEL LAGO TRUJILLO),ENRIQUE VILLASMIL,,,,
OA-VP17517,S/P,N/T,TEREX,,VERDE,CARGADORES,Pesada,INOPERATIVA,PARADA POR FALLAS,LAGO(DIVISIÓN LAGO),HEBERT MOROS,,,,
19986,S/P,N/T,LIUGONG,,AMARILLO,EXCAVADORES,Pesada,INOPERATIVA,PARADA POR FALLAS,COL(DIVISIÓN COSTA ORIENTAL DEL LAGO),FRANCISCO SUAREZ,,,,
T12,S/P,N/T,BENYU,,NARANJA,EXCAVADORES,Pesada,INOPERATIVA,PARADA POR FALLAS,COL(DIVISIÓN COSTA ORIENTAL DEL LAGO),FRANCISCO SUAREZ,,,,
1074,S/P,N/T,FORD,,BLANCO,VOLTEOS,Pesada,EN PROCESO DE DESINCORPORACION,FUERA DE SERVICIO,OCC(DIVISIÓN COSTA OCCIDENTAL),CARLOS CONTRERAS,,,,
C-137,56K-VAE,N/T,CHEVROLET,,S/I,PLATAFORMAS,Pesada,A DESINCORPORAR,A DESINCORPORAR,OCC(DIVISIÓN COSTA OCCIDENTAL),CARLOS CONTRERAS,,,,
1194,S/P,N/T,GROVE,,S/I,GRUAS,Pesada,INOPERATIVA,PARADA POR FALLAS,LAGO(DIVISIÓN LAGO),HEBERT MOROS,,,,
1215,S/P,N/T,GROVE,,S/I,GRUAS,Pesada,INOPERATIVA,PARADA POR FALLAS,LAGO(DIVISIÓN LAGO),HEBERT MOROS,,,,
386,S/P,N/T,SANY,,AMARILLO,GRUAS,Pesada,OPERATIVA,OPERATIVA,LAGO(DIVISIÓN LAGO),HEBERT MOROS,,,,
391,S/P,N/T,SANY,,AMARILLO,GRUAS,Pesada,OPERATIVA,OPERATIVA,OCC(DIVISIÓN COSTA OCCIDENTAL),CARLOS CONTRERAS,,,,
8058,S/P,N/T,XCMG,,AMARILLO,GRUAS,Pesada,OPERATIVA,OPERATIVA,TRANSPORTE TERRESTRE,OSWALDO SANTIAGO,,,,
20025,S/P,N/T,XCMG,,AMARILLO,GRUAS,Pesada,INOPERATIVA,PARADA POR FALLAS,TRANSPORTE TERRESTRE,OSWALDO SANTIAGO,,,,
1665,695GAX,N/T,P & H,,NEGRO Y AMARILLO,GRUAS,Pesada,A DESINCORPORAR,DESMANTELADA,COL(DIVISIÓN COSTA ORIENTAL DEL LAGO),FRANCISCO SUAREZ,,,,
7242,586UAI,N/T,P & H,,NEGRO Y AMARILLO,GRUAS,Pesada,INOPERATIVA,PARADA POR FALLAS,TRANSPORTE TERRESTRE,OSWALDO SANTIAGO,,,,
7243,585UAI,N/T,P & H,,BLANCO,GRUAS,Pesada,A DESINCORPORAR,A DESINCORPORAR,TRANSPORTE TERRESTRE,OSWALDO SANTIAGO,,,,
7244,221XHC,N/T,P&H,,BLANCO,GRUAS,Pesada,EN PROCESO DE DESINCORPORACION,FUERA DE SERVICIO,TRANSPORTE TERRESTRE,OSWALDO SANTIAGO,,,,
L-0005,X0F553,N/T,LINK BELT,,S/I,GRUAS,Pesada,A DESINCORPORAR,A DESINCORPORAR,LAGO(DIVISIÓN LAGO),HEBERT MOROS,,,,
1063,S/P,N/T,GROVE,,AMARILLO,GRUAS,Pesada,INOPERATIVA,PARADA POR FALLAS,COL(DIVISIÓN COSTA ORIENTAL DEL LAGO),FRANCISCO SUAREZ,,,,
321099,S/P,N/T,GROVE,,GRIS,GRUAS,Pesada,INOPERATIVA,PARADA POR FALLAS,TRANSPORTE TERRESTRE,OSWALDO SANTIAGO,,,,
1160,S/P,N/T,GROVE,,AMARILLO,GRUAS,Pesada,INOPERATIVA,PARADA POR FALLAS,TRANSPORTE TERRESTRE,OSWALDO SANTIAGO,,,,
1142,S/P,N/T,GROVE,,S/I,GRUAS,Pesada,INOPERATIVA,PARADA POR FALLAS,DSLT(DIVISIÓN SUR DEL LAGO TRUJILLO),ENRIQUE VILLASMIL,,,,
1279,S/P,N/T,GROVE,,S/I,GRUAS,Pesada,INOPERATIVA,PARADA POR FALLAS,COL(DIVISIÓN COSTA ORIENTAL DEL LAGO),FRANCISCO SUAREZ,,,,
2291,S/P,N/T,GROVE,,S/I,GRUAS,Pesada,INOPERATIVA,PARADA POR FALLAS,TRANSPORTE TERRESTRE,OSWALDO SANTIAGO,,,,
PB-VP00511,S/P,N/T,XCMG,,AMARILLO,GRUAS,Pesada,INOPERATIVA,PARADA POR FALLAS,LAGO(DIVISIÓN LAGO),HEBERT MOROS,,,,
PB-VP00512,S/P,N/T,XCMG,,S/I,GRUAS,Pesada,INOPERATIVA,PARADA POR FALLAS,LAGO(DIVISIÓN LAGO),HEBERT MOROS,,,,
PB-VP00513,S/P,N/T,XCMG,,AMARILLO,GRUAS,Pesada,INOPERATIVA,PARADA POR FALLAS,LAGO(DIVISIÓN LAGO),HEBERT MOROS,,,,
PB-VP00514,S/P,N/T,XCMG,,S/I,GRUAS,Pesada,INOPERATIVA,PARADA POR FALLAS,LAGO(DIVISIÓN LAGO),HEBERT MOROS,,,,
PB-VP00515,S/P,N/T,XCMG,,S/I,GRUAS,Pesada,INOPERATIVA,PARADA POR FALLAS,LAGO(DIVISIÓN LAGO),HEBERT MOROS,,,,
7114,S/P,N/T,XCMG,,AMARILLO,GRUAS,Pesada,INOPERATIVA,PARADA POR FALLAS,DSLT(DIVISIÓN SUR DEL LAGO TRUJILLO),ENRIQUE VILLASMIL,,,,
37,S/P,N/T,XCMG,,S/I,GRUAS,Pesada,INOPERATIVA,PARADA POR FALLAS,TRANSPORTE TERRESTRE,OSWALDO SANTIAGO,,,,
404,S/P,N/T,SANY,,AMARILLO,GRUAS,Pesada,INOPERATIVA,PARADA POR FALLAS,TRANSPORTE TERRESTRE,OSWALDO SANTIAGO,,,,
405,S/P,N/T,SANY,,AMARILLO,GRUAS,Pesada,INOPERATIVA,PARADA POR FALLAS,TRANSPORTE TERRESTRE,OSWALDO SANTIAGO,,,,
377,S/P,N/T,SANY,,AMARILLO,GRUAS,Pesada,INOPERATIVA,PARADA POR FALLAS,TRANSPORTE TERRESTRE,OSWALDO SANTIAGO,,,,
PB-VP00718,S/P,N/T,SANY,,AMARILLO,GRUAS,Pesada,OPERATIVA,OPERATIVA,TRANSPORTE TERRESTRE,OSWALDO SANTIAGO,,,,
383,S/P,N/T,SANY,,AMARILLO,GRUAS,Pesada,EN PROCESO DE DESINCORPORACION,CHOCADO,DSLT(DIVISIÓN SUR DEL LAGO TRUJILLO),ENRIQUE VILLASMIL,,,,
384,S/P,N/T,SANY,,AMARILLO,GRUAS,Pesada,OPERATIVA,OPERATIVA,DSLT(DIVISIÓN SUR DEL LAGO TRUJILLO),ENRIQUE VILLASMIL,,,,
PB-VP00722,S/P,N/T,SANY,,AMARILLO,GRUAS,Pesada,INOPERATIVA,PARADA POR FALLAS,DSLT(DIVISIÓN SUR DEL LAGO TRUJILLO),ENRIQUE VILLASMIL,,,,
390,S/P,N/T,SANY,,AMARILLO,GRUAS,Pesada,INOPERATIVA,PARADA POR FALLAS,DSLT(DIVISIÓN SUR DEL LAGO TRUJILLO),ENRIQUE VILLASMIL,,,,
OA-VP17538,864-MBM,N/T,AMERICA,,AMARILLO,GRUAS,Pesada,INOPERATIVA,PARADA POR FALLAS,LAGO(DIVISIÓN LAGO),HEBERT MOROS,,,,
OA-VP16001,S/P,N/T,PH,,AMARILLO,GRUAS,Pesada,A DESINCORPORAR,DESMANTELADA,LAGO(DIVISIÓN LAGO),HEBERT MOROS,,,,
OA-VP17504,S/P,N/T,GALION,,AMARILLO,GRUAS,Pesada,INOPERATIVA,PARADA POR FALLAS,LAGO(DIVISIÓN LAGO),HEBERT MOROS,,,,
OA-VP15502,S/P,N/T,LORAIN,,AMARILLO,GRUAS,Pesada,INOPERATIVA,PARADA POR FALLAS,LAGO(DIVISIÓN LAGO),HEBERT MOROS,,,,
OA-VP12002,S/P,N/T,GROVE,,AMARILLO,GRUAS,Pesada,INOPERATIVA,PARADA POR FALLAS,LAGO(DIVISIÓN LAGO),HEBERT MOROS,,,,
56816,S/P,N/T,P&H,,BLANCO,GRUAS,Pesada,A DESINCORPORAR,DESMANTELADA,COL(DIVISIÓN COSTA ORIENTAL DEL LAGO),FRANCISCO SUAREZ,,,,
3,S/P,N/T,XCMG,,AMARILLO,GRUAS,Pesada,INOPERATIVA,PARADA POR FALLAS,LAGO(DIVISIÓN LAGO),HEBERT MOROS,,,,
QY100K-I,S/P,N/T,XCMG,,AMARILLO,GRUAS,Pesada,INOPERATIVA,PARADA POR FALLAS,OCC(DIVISIÓN COSTA OCCIDENTAL),CARLOS CONTRERAS,,,,
93HVAW,S/P,N/T,IVECO,,BLANCO,GRUAS,Pesada,EN PROCESO DE DESINCORPORACION,FUERA DE SERVICIO,LAGO(DIVISIÓN LAGO),HEBERT MOROS,,,,
OA-VP12003,S/P,N/T,GROVE,,AMARILLO,GRUAS,Pesada,INOPERATIVA,PARADA POR FALLAS,LAGO(DIVISIÓN LAGO),HEBERT MOROS,,,,
OA-VP15501,S/P,N/T,LORAIN,,BLANCO,GRUAS,Pesada,INOPERATIVA,PARADA POR FALLAS,LAGO(DIVISIÓN LAGO),HEBERT MOROS,,,,
OA-VP16003,S/P,N/T,PH,,AMARILLO,GRUAS,Pesada,INOPERATIVA,PARADA POR FALLAS,LAGO(DIVISIÓN LAGO),HEBERT MOROS,,,,
OA-VP16004,E-42353,N/T,PH,,AMARILLO,GRUAS,Pesada,A DESINCORPORAR,A DESINCORPORAR,LAGO(DIVISIÓN LAGO),HEBERT MOROS,,,,
OA-VP17509,23M-781,N/T,LIMA,,AMARILLO,GRUAS,Pesada,INOPERATIVA,PARADA POR FALLAS,LAGO(DIVISIÓN LAGO),HEBERT MOROS,,,,
OA-VP17516,S/P,N/T,TEREX,,BLANCO,GRUAS,Pesada,INOPERATIVA,PARADA POR FALLAS,LAGO(DIVISIÓN LAGO),HEBERT MOROS,,,,
OA-VP17539,S/P,N/T,LIMA,,AMARILLO,GRUAS,Pesada,INOPERATIVA,PARADA POR FALLAS,LAGO(DIVISIÓN LAGO),HEBERT MOROS,,,,
OA-VP17510,S/P,N/T,LINK BELT,,BLANCO,GRUAS,Pesada,INOPERATIVA,PARADA POR FALLAS,LAGO(DIVISIÓN LAGO),HEBERT MOROS,,,,
OA-VP12005,S/P,N/T,GROVE,,AMARILLO,GRUAS,Pesada,A DESINCORPORAR,FUERA DE SERVICIO,LAGO(DIVISIÓN LAGO),HEBERT MOROS,,,,
OA-VP16002,S/P,N/T,PH,,AMARILLO,GRUAS,Pesada,INOPERATIVA,PARADA POR FALLAS,LAGO(DIVISIÓN LAGO),HEBERT MOROS,,,,
OA-VP15504,S/P,N/T,LORAIN,,BLANCO,GRUAS,Pesada,INOPERATIVA,PARADA POR FALLAS,LAGO(DIVISIÓN LAGO),HEBERT MOROS,,,,
OA-VP17514,S/P,N/T,SHUTTLE LIFT,,BLANCO,GRUAS,Pesada,INOPERATIVA,PARADA POR FALLAS,LAGO(DIVISIÓN LAGO),HEBERT MOROS,,,,
OA-VP17502,S/P,N/T,BENDILI,,ROJO,GRUAS,Pesada,INOPERATIVA,PARADA POR FALLAS,LAGO(DIVISIÓN LAGO),HEBERT MOROS,,,,
OA-VP12001,S/P,N/T,GROVE,,AMARILLO,GRUAS,Pesada,INOPERATIVA,PARADA POR FALLAS,LAGO(DIVISIÓN LAGO),HEBERT MOROS,,,,
1077,S/P,N/T,GROVE,,AMARILLO,GRUAS,Pesada,INOPERATIVA,PARADA POR FALLAS,OCC(DIVISIÓN COSTA OCCIDENTAL),CARLOS CONTRERAS,,,,
OA-VP15503,S/P,N/T,LORAIN,,AMARILLO,GRUAS,Pesada,INOPERATIVA,PARADA POR FALLAS,LAGO(DIVISIÓN LAGO),HEBERT MOROS,,,,
OA-VP17503,S/P,N/T,PETIBONE,,AMARILLO,GRUAS,Pesada,INOPERATIVA,PARADA POR FALLAS,LAGO(DIVISIÓN LAGO),HEBERT MOROS,,,,
OA-VP17534,S/P,N/T,TEREX,,BLANCO,GRUAS,Pesada,INOPERATIVA,PARADA POR FALLAS,LAGO(DIVISIÓN LAGO),HEBERT MOROS,,,,
OA-VP17533,S/P,N/T,TEREX,,BLANCO,GRUAS,Pesada,INOPERATIVA,PARADA POR FALLAS,LAGO(DIVISIÓN LAGO),HEBERT MOROS,,,,
OA-VP17537,S/P,N/T,MANITOWOC,,AMARILLO,GRUAS,Pesada,INOPERATIVA,PARADA POR FALLAS,LAGO(DIVISIÓN LAGO),HEBERT MOROS,,,,
OA-VP17513,S/P,N/T,SHUTTLE LIFT,,BLANCO,GRUAS,Pesada,INOPERATIVA,PARADA POR FALLAS,LAGO(DIVISIÓN LAGO),HEBERT MOROS,,,,
PB-VP00836,S/P,N/T,GROVE,,AMARILLO,GRUAS,Pesada,OPERATIVA,OPERATIVA,TRANSPORTE TERRESTRE,OSWALDO SANTIAGO,,,,
666,S/P,N/T,XCMG,,AMARILLO,RETROEXCAVADORAS,Pesada,INOPERATIVA,PARADA POR FALLAS,OCC(DIVISIÓN COSTA OCCIDENTAL),CARLOS CONTRERAS,,,,
PB-VP00658,S/P,N/T,XCMG,,S/I,RETROEXCAVADORAS,Pesada,EN PROCESO DE DESINCORPORACION,FUERA DE SERVICIO,DSLT(DIVISIÓN SUR DEL LAGO TRUJILLO),ENRIQUE VILLASMIL,,,,
291,S/P,N/T,CATERPILLAR,,AMARILLO,RETROEXCAVADORAS,Pesada,INOPERATIVA,PARADA POR FALLAS,COL(DIVISIÓN COSTA ORIENTAL DEL LAGO),FRANCISCO SUAREZ,,,,
389,S/P,N/T,CATERPILLAR,,AMARILLO,RETROEXCAVADORAS,Pesada,INOPERATIVA,PARADA POR FALLAS,COL(DIVISIÓN COSTA ORIENTAL DEL LAGO),FRANCISCO SUAREZ,,,,
395,S/P,N/T,CATERPILLAR,,AMARILLO,RETROEXCAVADORAS,Pesada,INOPERATIVA,PARADA POR FALLAS,COL(DIVISIÓN COSTA ORIENTAL DEL LAGO),FRANCISCO SUAREZ,,,,
396,S/P,N/T,CATERPILLAR,,AMARILLO,RETROEXCAVADORAS,Pesada,INOPERATIVA,PARADA POR FALLAS,COL(DIVISIÓN COSTA ORIENTAL DEL LAGO),FRANCISCO SUAREZ,,,,
399,S/P,N/T,CATERPILLAR,,AMARILLO,RETROEXCAVADORAS,Pesada,INOPERATIVA,PARADA POR FALLAS,COL(DIVISIÓN COSTA ORIENTAL DEL LAGO),FRANCISCO SUAREZ,,,,
407,S/P,N/T,CATERPILLAR,,AMARILLO,RETROEXCAVADORAS,Pesada,INOPERATIVA,PARADA POR FALLAS,COL(DIVISIÓN COSTA ORIENTAL DEL LAGO),FRANCISCO SUAREZ,,,,
471,S/P,N/T,CATERPILLAR,,AMARILLO,RETROEXCAVADORAS,Pesada,INOPERATIVA,PARADA POR FALLAS,COL(DIVISIÓN COSTA ORIENTAL DEL LAGO),FRANCISCO SUAREZ,,,,
447,S/P,N/T,CATERPILLAR,,AMARILLO,RETROEXCAVADORAS,Pesada,INOPERATIVA,PARADA POR FALLAS,COL(DIVISIÓN COSTA ORIENTAL DEL LAGO),FRANCISCO SUAREZ,,,,
495,S/P,N/T,CATERPILLAR,,AMARILLO,RETROEXCAVADORAS,Pesada,INOPERATIVA,PARADA POR FALLAS,COL(DIVISIÓN COSTA ORIENTAL DEL LAGO),FRANCISCO SUAREZ,,,,
152,S/P,N/T,LIUGONG,,S/I,RETROEXCAVADORAS,Pesada,INOPERATIVA,PARADA POR FALLAS,COL(DIVISIÓN COSTA ORIENTAL DEL LAGO),FRANCISCO SUAREZ,,,,
659,S/P,N/T,XCMG,,AMARILLO,RETROEXCAVADORAS,Pesada,A DESINCORPORAR,A DESINCORPORAR,DSLT(DIVISIÓN SUR DEL LAGO TRUJILLO),ENRIQUE VILLASMIL,,,,
660,S/P,N/T,XCMG,,S/I,RETROEXCAVADORAS,Pesada,EN PROCESO DE DESINCORPORACION,FUERA DE SERVICIO,DSLT(DIVISIÓN SUR DEL LAGO TRUJILLO),ENRIQUE VILLASMIL,,,,
PB-VP00661,S/P,N/T,XCMG,,S/I,RETROEXCAVADORAS,Pesada,A DESINCORPORAR,A DESINCORPORAR,DSLT(DIVISIÓN SUR DEL LAGO TRUJILLO),ENRIQUE VILLASMIL,,,,
662,S/P,N/T,XCMG,,S/I,RETROEXCAVADORAS,Pesada,OPERATIVA,OPERATIVA,DSLT(DIVISIÓN SUR DEL LAGO TRUJILLO),ENRIQUE VILLASMIL,,,,
663,S/P,N/T,XCMG,,S/I,RETROEXCAVADORAS,Pesada,EN PROCESO DE DESINCORPORACION,FUERA DE SERVICIO,OCC(DIVISIÓN COSTA OCCIDENTAL),CARLOS CONTRERAS,,,,
664,S/P,N/T,XCMG,,S/I,RETROEXCAVADORAS,Pesada,A DESINCORPORAR,A DESINCORPORAR,DSLT(DIVISIÓN SUR DEL LAGO TRUJILLO),ENRIQUE VILLASMIL,,,,
665,S/P,N/T,XCMG,,AMARILLO,RETROEXCAVADORAS,Pesada,INOPERATIVA,PARADA POR FALLAS,TRANSPORTE TERRESTRE,OSWALDO SANTIAGO,,,,
667,S/P,N/T,XCMG,,S/I,RETROEXCAVADORAS,Pesada,A DESINCORPORAR,A DESINCORPORAR,DSLT(DIVISIÓN SUR DEL LAGO TRUJILLO),ENRIQUE VILLASMIL,,,,
668,S/P,N/T,XCMG,,AMARILLO,RETROEXCAVADORAS,Pesada,INOPERATIVA,PARADA POR FALLAS,DSLT(DIVISIÓN SUR DEL LAGO TRUJILLO),ENRIQUE VILLASMIL,,,,
669,S/P,N/T,XCMG,,S/I,RETROEXCAVADORAS,Pesada,A DESINCORPORAR,A DESINCORPORAR,OCC(DIVISIÓN COSTA OCCIDENTAL),CARLOS CONTRERAS,,,,
5,S/P,N/T,JOHN DEERE,,AMARILLO,RETROEXCAVADORAS,Pesada,INOPERATIVA,PARADA POR FALLAS,COL(DIVISIÓN COSTA ORIENTAL DEL LAGO),FRANCISCO SUAREZ,,,,
6,S/P,N/T,JOHN DEERE,,AMARILLO,RETROEXCAVADORAS,Pesada,INOPERATIVA,PARADA POR FALLAS,COL(DIVISIÓN COSTA ORIENTAL DEL LAGO),FRANCISCO SUAREZ,,,,
8,S/P,N/T,JOHN DEERE,,AMARILLO,RETROEXCAVADORAS,Pesada,INOPERATIVA,PARADA POR FALLAS,COL(DIVISIÓN COSTA ORIENTAL DEL LAGO),FRANCISCO SUAREZ,,,,
2,S/P,N/T,JOHN DEERE,,AMARILLO,RETROEXCAVADORAS,Pesada,EN PROCESO DE DESINCORPORACION,FUERA DE SERVICIO,COL(DIVISIÓN COSTA ORIENTAL DEL LAGO),FRANCISCO SUAREZ,,,,
PB-VP00838,S/P,N/T,CATERPILLAR,,AMARILLO,RETROEXCAVADORAS,Pesada,INOPERATIVA,PARADA POR FALLAS,TRANSPORTE TERRESTRE,OSWALDO SANTIAGO,,,,
36836,S/P,N/T,XCMG,,BLANCO,BRAZOS ARTICULADOS,Pesada,INOPERATIVA,PARADA POR FALLAS,OCC(DIVISIÓN COSTA OCCIDENTAL),CARLOS CONTRERAS,,,,
15703,S/P,N/T,XCMG,,BLANCO,BRAZOS ARTICULADOS,Pesada,INOPERATIVA,PARADA POR FALLAS,OCC(DIVISIÓN COSTA OCCIDENTAL),CARLOS CONTRERAS,,,,
L-0035,06VMAJ,N/T,FORD,,BLANCO,GRUAS REMOLQUE,Pesada,OPERATIVA,OPERATIVA,TRANSPORTE TERRESTRE,OSWALDO SANTIAGO,,,,
1093,453XIA,N/T,CHEVROLET,,BLANCO,BRAZOS ARTICULADOS,Pesada,A DESINCORPORAR,DESMANTELADA,TRANSPORTE TERRESTRE,OSWALDO SANTIAGO,,,,
1250,345XHY,N/T,CHEVROLET,,BLANCO,BRAZOS ARTICULADOS,Pesada,A DESINCORPORAR,A DESINCORPORAR,TRANSPORTE TERRESTRE,OSWALDO SANTIAGO,,,,
1360,67YSAJ,3ALACYCS86DW14337,FREIGHTLINER,,BLANCO,BRAZOS ARTICULADOS,Pesada,INOPERATIVA,PARADA POR FALLAS,GOIP,OSWALDO SANTIAGO,,,,
1361,61JSAK,N/T,FREIGHTLINER,,BLANCO,BRAZOS ARTICULADOS,Pesada,EN PROCESO DE DESINCORPORACION,FUERA DE SERVICIO,COL(DIVISIÓN COSTA ORIENTAL DEL LAGO),FRANCISCO SUAREZ,,,,
1362,25SLAH,N/T,IVECO,,BLANCO,BRAZOS ARTICULADOS,Pesada,A DESINCORPORAR,FUERA DE SERVICIO,COL(DIVISIÓN COSTA ORIENTAL DEL LAGO),FRANCISCO SUAREZ,,,,
1363,630VAX,N/T,IVECO,,BLANCO,BRAZOS ARTICULADOS,Pesada,A DESINCORPORAR,A DESINCORPORAR,TRANSPORTE TERRESTRE,OSWALDO SANTIAGO,,,,
1366,37WRAE,N/T,FORD,,BLANCO,BRAZOS ARTICULADOS,Pesada,A DESINCORPORAR,FUERA DE SERVICIO,COL(DIVISIÓN COSTA ORIENTAL DEL LAGO),FRANCISCO SUAREZ,,,,
1367,65EABN,N/T,CHEVROLET,,BLANCO,BRAZOS ARTICULADOS,Pesada,A DESINCORPORAR,FUERA DE SERVICIO,COORDINACION OPERACIONAL,OSWALDO SANTIAGO,,,,
1368,73EABN,N/T,CHEVROLET,,BLANCO,BRAZOS ARTICULADOS,Pesada,EN PROCESO DE DESINCORPORACION,FUERA DE SERVICIO,COORDINACION OPERACIONAL,OSWALDO SANTIAGO,,,,
1370,93SVAX,N/T,FORD,,BLANCO,BRAZOS ARTICULADOS,Pesada,EN PROCESO DE DESINCORPORACION,FUERA DE SERVICIO,TRANSPORTE TERRESTRE,OSWALDO SANTIAGO,,,,
1371,79PLAH,N/T,IVECO,,BLANCO,BRAZOS ARTICULADOS,Pesada,INOPERATIVA,PARADA POR FALLAS,LAGO(DIVISIÓN LAGO),HEBERT MOROS,,,,
1372,81PLAH,8ATA1NFH07X056593,IVECO,,BLANCO,BRAZOS ARTICULADOS,Pesada,INOPERATIVA,PARADA POR FALLAS,LAGO(DIVISIÓN LAGO),HEBERT MOROS,,,,
1374,80PLAH,N/T,IVECO,,BLANCO,BRAZOS ARTICULADOS,Pesada,EN PROCESO DE DESINCORPORACION,FUERA DE SERVICIO,COL(DIVISIÓN COSTA ORIENTAL DEL LAGO),FRANCISCO SUAREZ,,,,
1377,91XMBG,N/T,IVECO,,BLANCO,BRAZOS ARTICULADOS,Pesada,A DESINCORPORAR,A DESINCORPORAR,OCC(DIVISIÓN COSTA OCCIDENTAL),CARLOS CONTRERAS,,,,
1379,84PLAH,N/T,IVECO,,BLANCO,BRAZOS ARTICULADOS,Pesada,EN PROCESO DE DESINCORPORACION,FUERA DE SERVICIO,OCC(DIVISIÓN COSTA OCCIDENTAL),CARLOS CONTRERAS,,,,
1380,93XMBG,N/T,IVECO,,BLANCO,BRAZOS ARTICULADOS,Pesada,EN PROCESO DE DESINCORPORACION,FUERA DE SERVICIO,OCC(DIVISIÓN COSTA OCCIDENTAL),CARLOS CONTRERAS,,,,
1381,51ZBAO,N/T,FORD,,BLANCO,BRAZOS ARTICULADOS,Pesada,A DESINCORPORAR,A DESINCORPORAR,TRANSPORTE TERRESTRE,OSWALDO SANTIAGO,,,,
1664,768GAX,N/T,MACK,,AMARILLO,BRAZOS ARTICULADOS,Pesada,EN PROCESO DE DESINCORPORACION,FUERA DE SERVICIO,TRANSPORTE TERRESTRE,OSWALDO SANTIAGO,,,,
2577,152XDH,N/T,CHEVROLET,,BLANCO,BRAZOS ARTICULADOS,Pesada,A DESINCORPORAR,DESMANTELADA,COL(DIVISIÓN COSTA ORIENTAL DEL LAGO),FRANCISCO SUAREZ,,,,
7058,7VF0624,N/T,PETTIBONE,,S/I,CARRY LIFT,Pesada,INOPERATIVA,PARADA POR FALLAS,DSLT(DIVISIÓN SUR DEL LAGO TRUJILLO),ENRIQUE VILLASMIL,,,,
7059,S/P,N/T,PETTIBONE,,S/I,CARRY LIFT,Pesada,INOPERATIVA,PARADA POR FALLAS,DSLT(DIVISIÓN SUR DEL LAGO TRUJILLO),ENRIQUE VILLASMIL,,,,
7060,S/P,N/T,PETTIBONE,,AMARILLO,CARRY LIFT,Pesada,INOPERATIVA,PARADA POR FALLAS,TRANSPORTE TERRESTRE,OSWALDO SANTIAGO,,,,
7061,S/P,N/T,PETTIBONE,,AMARILLO,CARRY LIFT,Pesada,EN PROCESO DE DESINCORPORACION,FUERA DE SERVICIO,TRANSPORTE TERRESTRE,OSWALDO SANTIAGO,,,,
7062,S/P,N/T,PETTIBONE,,S/I,CARRY LIFT,Pesada,INOPERATIVA,PARADA POR FALLAS,DSLT(DIVISIÓN SUR DEL LAGO TRUJILLO),ENRIQUE VILLASMIL,,,,
7066,S/P,N/T,PETTIBONE,,AMARILLO,CARRY LIFT,Pesada,A DESINCORPORAR,A DESINCORPORAR,LAGO(DIVISIÓN LAGO),HEBERT MOROS,,,,
7067,S/P,N/T,PETTIBONE,,AMARILLO,CARRY LIFT,Pesada,INOPERATIVA,PARADA POR FALLAS,TRANSPORTE TERRESTRE,OSWALDO SANTIAGO,,,,
7068,S/P,N/T,PETTIBONE,,AMARILLO,CARRY LIFT,Pesada,EN PROCESO DE DESINCORPORACION,FUERA DE SERVICIO,TRANSPORTE TERRESTRE,OSWALDO SANTIAGO,,,,
7069,S/P,N/T,PETTIBONE,,AMARILLO,CARRY LIFT,Pesada,EN PROCESO DE DESINCORPORACION,FUERA DE SERVICIO,TRANSPORTE TERRESTRE,OSWALDO SANTIAGO,,,,
7070,S/P,N/T,PETTIBONE,,AMARILLO,CARRY LIFT,Pesada,EN PROCESO DE DESINCORPORACION,FUERA DE SERVICIO,TRANSPORTE TERRESTRE,OSWALDO SANTIAGO,,,,
7071,S/P,N/T,PETTIBONE,,S/I,CARRY LIFT,Pesada,INOPERATIVA,PARADA POR FALLAS,COL(DIVISIÓN COSTA ORIENTAL DEL LAGO),FRANCISCO SUAREZ,,,,
7072,S/P,N/T,PETTIBONE,,AMARILLO,CARRY LIFT,Pesada,EN PROCESO DE DESINCORPORACION,FUERA DE SERVICIO,TRANSPORTE TERRESTRE,OSWALDO SANTIAGO,,,,
7073,S/P,N/T,PETTIBONE,,AMARILLO,CARRY LIFT,Pesada,EN PROCESO DE DESINCORPORACION,FUERA DE SERVICIO,TRANSPORTE TERRESTRE,OSWALDO SANTIAGO,,,,
7074,S/P,N/T,PETTIBONE,,AMARILLO,CARRY LIFT,Pesada,INOPERATIVA,PARADA POR FALLAS,LAGO(DIVISIÓN LAGO),HEBERT MOROS,,,,
7075,S/P,N/T,PETTIBONE,,S/I,CARRY LIFT,Pesada,INOPERATIVA,PARADA POR FALLAS,BARIVEN,OSWALDO SANTIAGO,,,,
7076,S/P,N/T,PETTIBONE,,AMARILLO,CARRY LIFT,Pesada,EN PROCESO DE DESINCORPORACION,FUERA DE SERVICIO,TRANSPORTE TERRESTRE,OSWALDO SANTIAGO,,,,
7077,S/P,N/T,PETTIBONE,,S/I,CARRY LIFT,Pesada,A DESINCORPORAR,A DESINCORPORAR,BARIVEN,OSWALDO SANTIAGO,,,,
7078,S/P,N/T,PETTIBONE,,S/I,CARRY LIFT,Pesada,A DESINCORPORAR,A DESINCORPORAR,BARIVEN,OSWALDO SANTIAGO,,,,
7079,S/P,N/T,PETTIBONE,,S/I,CARRY LIFT,Pesada,A DESINCORPORAR,FUERA DE SERVICIO,BARIVEN,OSWALDO SANTIAGO,,,,
7080,S/P,N/T,PETTIBONE,,S/I,CARRY LIFT,Pesada,OPERATIVA,OPERATIVA,BARIVEN,OSWALDO SANTIAGO,,,,
3934,S/P,N/T,WESTERN STAR,,BLANCO,BRAZOS ARTICULADOS,Pesada,INOPERATIVA,PARADA POR FALLAS,TRANSPORTE TERRESTRE,OSWALDO SANTIAGO,,,,
3935,S/P,N/T,WESTERN STAR,,S/I,BRAZOS ARTICULADOS,Pesada,OPERATIVA,OPERATIVA,DSLT(DIVISIÓN SUR DEL LAGO TRUJILLO),ENRIQUE VILLASMIL,,,,
7988,S/P,N/T,YUTONG,,VINOTINTO,GRUAS REMOLQUE,Pesada,INOPERATIVA,PARADA POR FALLAS,TRANSPORTE TERRESTRE,OSWALDO SANTIAGO,,,,
7990,S/P,N/T,YUTONG,,VINOTINTO,GRUAS REMOLQUE,Pesada,INOPERATIVA,PARADA POR FALLAS,TRANSPORTE TERRESTRE,OSWALDO SANTIAGO,,,,
36948,S/P,N/T,XCMG,,BLANCO,BRAZOS ARTICULADOS,Pesada,A DESINCORPORAR,DESMANTELADA,COL(DIVISIÓN COSTA ORIENTAL DEL LAGO),FRANCISCO SUAREZ,,,,
15713,S/P,N/T,XCMG,,BLANCO,BRAZOS ARTICULADOS,Pesada,INOPERATIVA,PARADA POR FALLAS,DSLT(DIVISIÓN SUR DEL LAGO TRUJILLO),ENRIQUE VILLASMIL,,,,
15782,S/P,N/T,XCMG,,BLANCO,BRAZOS ARTICULADOS,Pesada,INOPERATIVA,PARADA POR FALLAS,COL(DIVISIÓN COSTA ORIENTAL DEL LAGO),FRANCISCO SUAREZ,,,,
15710,S/P,N/T,XCMG,,BLANCO,BRAZOS ARTICULADOS,Pesada,OPERATIVA,OPERATIVA,LAGO(DIVISIÓN LAGO),HEBERT MOROS,,,,
24109,S/P,N/T,XCMG,,BLANCO,BRAZOS ARTICULADOS,Pesada,INOPERATIVA,PARADA POR FALLAS,LAGO(DIVISIÓN LAGO),HEBERT MOROS,,,,
226340,S/P,N/T,XCMG,,BLANCO,BRAZOS ARTICULADOS,Pesada,INOPERATIVA,PARADA POR FALLAS,TRANSPORTE TERRESTRE,OSWALDO SANTIAGO,,,,
1089,A74AK6F,8YTV2UHG5B8A37152,FORD,,BLANCO,BRAZOS ARTICULADOS,Pesada,EN PROCESO DE DESINCORPORACION,FUERA DE SERVICIO,TRANSPORTE TERRESTRE,OSWALDO SANTIAGO,,,,
AZ4893,S/P,N/T,INTERNATIONAL,,S/I,BRAZOS ARTICULADOS,Pesada,INOPERATIVA,PARADA POR FALLAS,COL(DIVISIÓN COSTA ORIENTAL DEL LAGO),FRANCISCO SUAREZ,,,,
36839,S/P,N/T,XCMG,,BLANCO,BRAZOS ARTICULADOS,Pesada,OPERATIVA,OPERATIVA,TRANSPORTE TERRESTRE,OSWALDO SANTIAGO,,,,
24690,S/P,N/T,XCMG,,S/I,BRAZOS ARTICULADOS,Pesada,INOPERATIVA,PARADA POR FALLAS,DSLT(DIVISIÓN SUR DEL LAGO TRUJILLO),ENRIQUE VILLASMIL,,,,
2052,077ADX,N/T,INTERNATIONAL,,VERDE,BRAZOS ARTICULADOS,Pesada,A DESINCORPORAR,A DESINCORPORAR,SIHO,OSWALDO SANTIAGO,,,,
B-4,DBE191,N/T,FORD,,VERDE,BRAZOS ARTICULADOS,Pesada,A DESINCORPORAR,A DESINCORPORAR,SIHO,OSWALDO SANTIAGO,,,,
PB-VP00841,A71BD6G,N/T,IVECO,,BLANCO,BRAZOS ARTICULADOS,Pesada,INOPERATIVA,PARADA POR FALLAS,TRANSPORTE TERRESTRE,OSWALDO SANTIAGO,,,,
PB-VP00842,A13AT5M,N/T,IVECO,,BLANCO,BRAZOS ARTICULADOS,Pesada,INOPERATIVA,PARADA POR FALLAS,TRANSPORTE TERRESTRE,OSWALDO SANTIAGO,,,,
PB-VP00843,A13AT7M,N/T,IVECO,,BLANCO,BRAZOS ARTICULADOS,Pesada,INOPERATIVA,PARADA POR FALLAS,TRANSPORTE TERRESTRE,OSWALDO SANTIAGO,,,,
8723,483XHF,N/T,CARROCERIAS CHAMA,,AMARILLO,LOW BOY,Pesada,INOPERATIVA,UDS EN RECUPERACION EN RECUVENSA,OCC(DIVISIÓN COSTA OCCIDENTAL),CARLOS CONTRERAS,,,,
8729,968XHL,N/T,CARROCERIAS CHAMA,,AMARILLO,LOW BOY,Pesada,INOPERATIVA,UDS EN RECUPERACION EN RECUVENSA,OCC(DIVISIÓN COSTA OCCIDENTAL),CARLOS CONTRERAS,,,,
490,671GBC,N/T,AGAMAR,,AMARILLO,LOW BOY,Pesada,INOPERATIVA,PARADA POR FALLAS,TRANSPORTE TERRESTRE,OSWALDO SANTIAGO,,,,
491,S/I,N/T,S/I,,AMARILLO,LOW BOY,Pesada,EN PROCESO DE DESINCORPORACION,FUERA DE SERVICIO,TRANSPORTE TERRESTRE,OSWALDO SANTIAGO,,,,
8474,783UAI,N/T,D'INNOCENZO,,AMARILLO,LOW BOY,Pesada,OPERATIVA,OPERATIVA,TRANSPORTE TERRESTRE,OSWALDO SANTIAGO,,,,
8475,740UAI,N/T,D'INNOCENZO,,AMARILLO,LOW BOY,Pesada,OPERATIVA,OPERATIVA,TRANSPORTE TERRESTRE,OSWALDO SANTIAGO,,,,
8476,739UAI,N/T,D'INNOCENZO,,AMARILLO,LOW BOY,Pesada,A DESINCORPORAR,DESMANTELADA,TRANSPORTE TERRESTRE,OSWALDO SANTIAGO,,,,
8625,864VBJ,N/T,FRUEHAUF,,AMARILLO,LOW BOY,Pesada,OPERATIVA,OPERATIVA,TRANSPORTE TERRESTRE,OSWALDO SANTIAGO,,,,
8626,847VBJ,N/T,FRUEHAUF,,AMARILLO,LOW BOY,Pesada,EN PROCESO DE DESINCORPORACION,FUERA DE SERVICIO,DSLT(DIVISIÓN SUR DEL LAGO TRUJILLO),ENRIQUE VILLASMIL,,,,
8668,824VBJ,N/T,ORINOCO,,AMARILLO,LOW BOY,Pesada,INOPERATIVA,PARADA POR FALLAS,COL(DIVISIÓN COSTA ORIENTAL DEL LAGO),FRANCISCO SUAREZ,,,,
8669,827VBJ,N/T,ORINOCO,,AMARILLO,LOW BOY,Pesada,INOPERATIVA,PARADA POR FALLAS,TRANSPORTE TERRESTRE,OSWALDO SANTIAGO,,,,
8676,844VBJ,N/T,LUAGO,,AMARILLO,LOW BOY,Pesada,EN PROCESO DE DESINCORPORACION,FUERA DE SERVICIO,DSLT(DIVISIÓN SUR DEL LAGO TRUJILLO),ENRIQUE VILLASMIL,,,,
8688,483VCH,N/T,RETOÑO,,AMARILLO,LOW BOY,Pesada,INOPERATIVA,PARADA POR FALLAS,DSLT(DIVISIÓN SUR DEL LAGO TRUJILLO),ENRIQUE VILLASMIL,,,,
8689,482VCH,N/T,RETOÑO,,AMARILLO,LOW BOY,Pesada,INOPERATIVA,PARADA POR FALLAS,OCC(DIVISIÓN COSTA OCCIDENTAL),CARLOS CONTRERAS,,,,
8691,480VCH,N/T,RETOÑO,,AMARILLO,LOW BOY,Pesada,OPERATIVA,OPERATIVA,TRANSPORTE TERRESTRE,OSWALDO SANTIAGO,,,,
8693,510VCH,N/T,RETOÑO,,AMARILLO,LOW BOY,Pesada,INOPERATIVA,PARADA POR FALLAS,LAGO(DIVISIÓN LAGO),HEBERT MOROS,,,,
8718,227XGT,N/T,REMIVECA,,AMARILLO Y NARANJA,LOW BOY,Pesada,OPERATIVA,OPERATIVA,LAGO(DIVISIÓN LAGO),HEBERT MOROS,,,,
8719,226XGT,N/T,REMIVECA,,AMARILLO Y NARANJA,LOW BOY,Pesada,INOPERATIVA,UDS EN RECUPERACION EN RECUVENSA,OCC(DIVISIÓN COSTA OCCIDENTAL),CARLOS CONTRERAS,,,,
8720,S/P,N/T,REMIVECA,,S/I,LOW BOY,Pesada,INOPERATIVA,UDS EN RECUPERACION EN RECUVENSA,OCC(DIVISIÓN COSTA OCCIDENTAL),CARLOS CONTRERAS,,,,
8722,641XHF,N/T,CARROCERIAS CHAMA,,AMARILLO,LOW BOY,Pesada,INOPERATIVA,PARADA POR FALLAS,DSLT(DIVISIÓN SUR DEL LAGO TRUJILLO),ENRIQUE VILLASMIL,,,,
8727,966XHL,N/T,CARROCERIAS CHAMA,,AMARILLO,LOW BOY,Pesada,OPERATIVA,OPERATIVA,DSLT(DIVISIÓN SUR DEL LAGO TRUJILLO),ENRIQUE VILLASMIL,,,,
8728,967XHL,N/T,CARROCERIAS CHAMA,,AMARILLO,LOW BOY,Pesada,OPERATIVA,OPERATIVA,TRANSPORTE TERRESTRE,OSWALDO SANTIAGO,,,,
8731,972XHL,N/T,CARROCERIAS CHAMA,,AMARILLO,LOW BOY,Pesada,INOPERATIVA,PARADA POR FALLAS,COL(DIVISIÓN COSTA ORIENTAL DEL LAGO),FRANCISCO SUAREZ,,,,
8732,971XHL,N/T,CARROCERIAS CHAMA,,AMARILLO,LOW BOY,Pesada,A DESINCORPORAR,A DESINCORPORAR,TRANSPORTE TERRESTRE,OSWALDO SANTIAGO,,,,
8733,970XHL,N/T,CARROCERIAS CHAMA,,AMARILLO,LOW BOY,Pesada,INOPERATIVA,PARADA POR FALLAS,TRANSPORTE TERRESTRE,OSWALDO SANTIAGO,,,,
JVJ4070,11346,N/T,TIMPTE,,AMARILLO,LOW BOY,Pesada,INOPERATIVA,PARADA POR FALLAS,LAGO(DIVISIÓN LAGO),HEBERT MOROS,,,,
1016,A88AB0K,8X9SX1638BK015006,RETOÑO,,AMARILLO,LOW BOY,Pesada,INOPERATIVA,PARADA POR FALLAS,COL(DIVISIÓN COSTA ORIENTAL DEL LAGO),FRANCISCO SUAREZ,,,,
1015,A87AB8K,8X95X1634BK015004,RETOÑO,,AMARILLO,LOW BOY,Pesada,INOPERATIVA,PARADA POR FALLAS,COL(DIVISIÓN COSTA ORIENTAL DEL LAGO),FRANCISCO SUAREZ,,,,
8674,S/P,N/T,S/I,,AMARILLO,LOW BOY,Pesada,INOPERATIVA,PARADA POR FALLAS,COORDINACION OPERACIONAL,OSWALDO SANTIAGO,,,,
1029,A88AB3K,8X9SX1633BK015009,RETOÑO,,AMARILLO,LOW BOY,Pesada,INOPERATIVA,PARADA POR FALLAS,COL(DIVISIÓN COSTA ORIENTAL DEL LAGO),FRANCISCO SUAREZ,,,,
1017,A87AB9K,8X9SX1536BK015005,RETOÑO,,AMARILLO,LOW BOY,Pesada,OPERATIVA,OPERATIVA,TRANSPORTE TERRESTRE,OSWALDO SANTIAGO,,,,
8730,969XHL,N/T,CARROCERIAS CHAMA,,AMARILLO,LOW BOY,Pesada,INOPERATIVA,PARADA POR FALLAS,TRANSPORTE TERRESTRE,OSWALDO SANTIAGO,,,,
OA-VP17530,93XMAR,N/T,TIMPTE,,AMARILLO,LOW BOY,Pesada,INOPERATIVA,PARADA POR FALLAS,LAGO(DIVISIÓN LAGO),HEBERT MOROS,,,,
041VBL,086XGW,N/T,CHANCEY,,AMARILLO,LOW BOY,Pesada,A DESINCORPORAR,A DESINCORPORAR,LAGO(DIVISIÓN LAGO),HEBERT MOROS,,,,
7VI4069,7VI4069,N/T,S/I,,AMARILLO,LOW BOY,Pesada,INOPERATIVA,PARADA POR FALLAS,LAGO(DIVISIÓN LAGO),HEBERT MOROS,,,,
8692,509VCH,N/T,RETOÑO,,AMARILLO,LOW BOY,Pesada,INOPERATIVA,PARADA POR FALLAS,DSLT(DIVISIÓN SUR DEL LAGO TRUJILLO),ENRIQUE VILLASMIL,,,,
22893,S/P,N/T,LIUGONG,,AMARILLO,MONTACARGAS,Pesada,INOPERATIVA,PARADA POR FALLAS,OCC(DIVISIÓN COSTA OCCIDENTAL),CARLOS CONTRERAS,,,,
7157,7VB4800,N/T,HYSTER,,AMARILLO,MONTACARGAS,Pesada,INOPERATIVA,PARADA POR FALLAS,BARIVEN,OSWALDO SANTIAGO,,,,
7165,S/P,N/T,CATERPILLAR,,AMARILLO,MONTACARGAS,Pesada,OPERATIVA,OPERATIVA,BARIVEN,OSWALDO SANTIAGO,,,,
101151,S/P,N/T,CATERPILLAR,,AMARILLO,MONTACARGAS,Pesada,A DESINCORPORAR,A DESINCORPORAR,TRANSPORTE TERRESTRE,OSWALDO SANTIAGO,,,,
7269,S/P,N/T,GWV,,AMARILLO,MONTACARGAS,Pesada,INOPERATIVA,PARADA POR FALLAS,BARIVEN,OSWALDO SANTIAGO,,,,
93,S/P,N/T,CLARK,,VERDE,MONTACARGAS,Pesada,A DESINCORPORAR,DESMANTELADA,TRANSPORTE TERRESTRE,OSWALDO SANTIAGO,,,,
L-0139,S/P,N/T,CLARK,,AMARILLO,MONTACARGAS,Pesada,EN PROCESO DE DESINCORPORACION,FUERA DE SERVICIO,COL(DIVISIÓN COSTA ORIENTAL DEL LAGO),FRANCISCO SUAREZ,,,,
7130,788XHJ,N/T,CLARK,,AMARILLO,MONTACARGAS,Pesada,INOPERATIVA,PARADA POR FALLAS,TRANSPORTE TERRESTRE,OSWALDO SANTIAGO,,,,
7135,S/P,N/T,TOYOTA,,AMARILLO,MONTACARGAS,Pesada,INOPERATIVA,PARADA POR FALLAS,TRANSPORTE TERRESTRE,OSWALDO SANTIAGO,,,,
7139,S/P,N/T,CATERPILLAR,,AMARILLO,MONTACARGAS,Pesada,INOPERATIVA,PARADA POR FALLAS,LAGO(DIVISIÓN LAGO),HEBERT MOROS,,,,
7140,S/P,N/T,CATERPILLAR,,ROJO,MONTACARGAS,Pesada,INOPERATIVA,PARADA POR FALLAS,COL(DIVISIÓN COSTA ORIENTAL DEL LAGO),FRANCISCO SUAREZ,,,,
7141,S/P,N/T,CATERPILLAR,,AMARILLO,MONTACARGAS,Pesada,EN PROCESO DE DESINCORPORACION,FUERA DE SERVICIO,TRANSPORTE TERRESTRE,OSWALDO SANTIAGO,,,,
7142,S/P,N/T,CATERPILLAR,,AMARILLO,MONTACARGAS,Pesada,INOPERATIVA,PARADA POR FALLAS,LAGO(DIVISIÓN LAGO),HEBERT MOROS,,,,
7143,S/P,N/T,CATERPILLAR,,AMARILLO,MONTACARGAS,Pesada,EN PROCESO DE DESINCORPORACION,FUERA DE SERVICIO,TRANSPORTE TERRESTRE,OSWALDO SANTIAGO,,,,
7144,S/P,N/T,CATERPILLAR,,AMARILLO,MONTACARGAS,Pesada,EN PROCESO DE DESINCORPORACION,FUERA DE SERVICIO,TRANSPORTE TERRESTRE,OSWALDO SANTIAGO,,,,
7145,S/P,N/T,CATERPILLAR,,AMARILLO,MONTACARGAS,Pesada,EN PROCESO DE DESINCORPORACION,FUERA DE SERVICIO,TRANSPORTE TERRESTRE,OSWALDO SANTIAGO,,,,
7146,S/P,N/T,KOMATSU,,AMARILLO,MONTACARGAS,Pesada,A DESINCORPORAR,DESMANTELADA,TRANSPORTE TERRESTRE,OSWALDO SANTIAGO,,,,
7147,S/P,N/T,CATERPILLAR,,AMARILLO,MONTACARGAS,Pesada,INOPERATIVA,PARADA POR FALLAS,COL(DIVISIÓN COSTA ORIENTAL DEL LAGO),FRANCISCO SUAREZ,,,,
7148,S/P,N/T,CATERPILLAR,,AMARILLO,MONTACARGAS,Pesada,EN PROCESO DE DESINCORPORACION,FUERA DE SERVICIO,OCC(DIVISIÓN COSTA OCCIDENTAL),CARLOS CONTRERAS,,,,
7149,S/P,N/T,KOMATSU,,AMARILLO,MONTACARGAS,Pesada,EN PROCESO DE DESINCORPORACION,FUERA DE SERVICIO,TRANSPORTE TERRESTRE,OSWALDO SANTIAGO,,,,
7152,S/P,N/T,HYSTER,,AMARILLO,MONTACARGAS,Pesada,A DESINCORPORAR,A DESINCORPORAR,BARIVEN,OSWALDO SANTIAGO,,,,
7153,S/P,N/T,HYSTER,,AMARILLO,MONTACARGAS,Pesada,INOPERATIVA,PARADA POR FALLAS,BARIVEN,OSWALDO SANTIAGO,,,,
7154,S/P,N/T,HYSTER,,AMARILLO,MONTACARGAS,Pesada,OPERATIVA,OPERATIVA,BARIVEN,OSWALDO SANTIAGO,,,,
7155,S/P,N/T,HYSTER,,AMARILLO,MONTACARGAS,Pesada,INOPERATIVA,PARADA POR FALLAS,BARIVEN,OSWALDO SANTIAGO,,,,
7156,S/P,N/T,HYSTER,,AMARILLO,MONTACARGAS,Pesada,INOPERATIVA,PARADA POR FALLAS,BARIVEN,OSWALDO SANTIAGO,,,,
7158,S/P,N/T,HYSTER,,AMARILLO,MONTACARGAS,Pesada,INOPERATIVA,PARADA POR FALLAS,BARIVEN,OSWALDO SANTIAGO,,,,
7159,S/P,N/T,HYSTER,,AMARILLO,MONTACARGAS,Pesada,INOPERATIVA,PARADA POR FALLAS,BARIVEN,OSWALDO SANTIAGO,,,,
7160,S/P,N/T,HYSTER,,AMARILLO,MONTACARGAS,Pesada,INOPERATIVA,PARADA POR FALLAS,BARIVEN,OSWALDO SANTIAGO,,,,
7161,S/P,N/T,HYSTER,,AMARILLO,MONTACARGAS,Pesada,INOPERATIVA,PARADA POR FALLAS,BARIVEN,OSWALDO SANTIAGO,,,,
7162,S/P,N/T,HYSTER,,AMARILLO,MONTACARGAS,Pesada,INOPERATIVA,PARADA POR FALLAS,BARIVEN,OSWALDO SANTIAGO,,,,
7163,S/P,N/T,HYSTER,,AMARILLO,MONTACARGAS,Pesada,INOPERATIVA,PARADA POR FALLAS,BARIVEN,OSWALDO SANTIAGO,,,,
7164,S/P,N/T,CATERPILLAR,,AMARILLO,MONTACARGAS,Pesada,INOPERATIVA,PARADA POR FALLAS,BARIVEN,OSWALDO SANTIAGO,,,,
7166,S/P,N/T,CATERPILLAR,,AMARILLO,MONTACARGAS,Pesada,INOPERATIVA,PARADA POR FALLAS,BARIVEN,OSWALDO SANTIAGO,,,,
7167,S/P,N/T,CATERPILLAR,,AMARILLO,MONTACARGAS,Pesada,OPERATIVA,OPERATIVA,BARIVEN,OSWALDO SANTIAGO,,,,
7168,S/P,N/T,KALMAR,,AMARILLO,MONTACARGAS,Pesada,INOPERATIVA,PARADA POR FALLAS,BARIVEN,OSWALDO SANTIAGO,,,,
8863,S/P,N/T,CLARK,,AMARILLO,MONTACARGAS,Pesada,INOPERATIVA,PARADA POR FALLAS,BARIVEN,OSWALDO SANTIAGO,,,,
8864,S/P,N/T,CLARK,,AMARILLO,MONTACARGAS,Pesada,A DESINCORPORAR,A DESINCORPORAR,LAGO(DIVISIÓN LAGO),HEBERT MOROS,,,,
L-0059,7VB4443,N/T,TOYOTA,,AZUL Y ANARANJADO,MONTACARGAS,Pesada,OPERATIVA,OPERATIVA,GOIP,EDWIN CHACIN,,,,
L-0090,7VB-4797,N/T,CLARK,,BLANCO,MONTACARGAS,Pesada,A DESINCORPORAR,A DESINCORPORAR,TRANSPORTE TERRESTRE,OSWALDO SANTIAGO,,,,
L-0101,7VB-6471,N/T,CLARK,,VERDE,MONTACARGAS,Pesada,A DESINCORPORAR,DESMANTELADA,TRANSPORTE TERRESTRE,OSWALDO SANTIAGO,,,,
10391,P22000,N/T,CATERPILLAR,,AMARILLO,MONTACARGAS,Pesada,INOPERATIVA,PARADA POR FALLAS,COL(DIVISIÓN COSTA ORIENTAL DEL LAGO),FRANCISCO SUAREZ,,,,
10458,S/P,N/T,CATERPILLAR,,AMARILLO,MONTACARGAS,Pesada,INOPERATIVA,PARADA POR FALLAS,COL(DIVISIÓN COSTA ORIENTAL DEL LAGO),FRANCISCO SUAREZ,,,,
22806,S/P,N/T,LIUGONG,,AMARILLO,MONTACARGAS,Pesada,OPERATIVA,OPERATIVA,GOIP,OSWALDO SANTIAGO,,,,
22807,S/P,N/T,LIUGONG,,AMARILLO,MONTACARGAS,Pesada,INOPERATIVA,PARADA POR FALLAS,LAGO(DIVISIÓN LAGO),HEBERT MOROS,,,,
22844,S/P,N/T,LIUGONG,,AMARILLO,MONTACARGAS,Pesada,OPERATIVA,OPERATIVA,GOIP,OSWALDO SANTIAGO,,,,
22845,S/P,N/T,LIUGONG,,AMARILLO,MONTACARGAS,Pesada,INOPERATIVA,PARADA POR FALLAS,GOIP,OSWALDO SANTIAGO,,,,
22892,S/P,N/T,LIUGONG,,AMARILLO,MONTACARGAS,Pesada,OPERATIVA,OPERATIVA,LAGO(DIVISIÓN LAGO),HEBERT MOROS,,,,
22808,S/P,N/T,LIUGONG,,AMARILLO,MONTACARGAS,Pesada,OPERATIVA,OPERATIVA,TRANSPORTE TERRESTRE,OSWALDO SANTIAGO,,,,
22843,S/P,N/T,LIUGONG,,AMARILLO,MONTACARGAS,Pesada,OPERATIVA,OPERATIVA,DSLT(DIVISIÓN SUR DEL LAGO TRUJILLO),ENRIQUE VILLASMIL,,,,
OA-VP17511,10302971,N/T,MAXIMAL,,AMARILLO,MONTACARGAS,Pesada,INOPERATIVA,PARADA POR FALLAS,LAGO(DIVISIÓN LAGO),HEBERT MOROS,,,,
G3334,S/P,N/T,XCMG,,AMARILLO,MONTACARGAS,Pesada,OPERATIVA,OPERATIVA,DSLT(DIVISIÓN SUR DEL LAGO TRUJILLO),ENRIQUE VILLASMIL,,,,
F6861,S/P,N/T,XCMG,,AMARILLO,MONTACARGAS,Pesada,EN PROCESO DE DESINCORPORACION,FUERA DE SERVICIO,DSLT(DIVISIÓN SUR DEL LAGO TRUJILLO),ENRIQUE VILLASMIL,,,,
G9447,S/P,N/T,XCMG,,AMARILLO,MONTACARGAS,Pesada,OPERATIVA,OPERATIVA,DSLT(DIVISIÓN SUR DEL LAGO TRUJILLO),ENRIQUE VILLASMIL,,,,
G5864,S/P,N/T,XCMG,,AMARILLO,MONTACARGAS,Pesada,INOPERATIVA,PARADA POR FALLAS,DSLT(DIVISIÓN SUR DEL LAGO TRUJILLO),ENRIQUE VILLASMIL,,,,
G9450,S/P,N/T,XCMG,,AMARILLO,MONTACARGAS,Pesada,OPERATIVA,OPERATIVA,DSLT(DIVISIÓN SUR DEL LAGO TRUJILLO),ENRIQUE VILLASMIL,,,,
1037,S/P,N/T,CATERPILLAR,,AMARILLO,MONTACARGAS,Pesada,EN PROCESO DE DESINCORPORACION,FUERA DE SERVICIO,TRANSPORTE TERRESTRE,OSWALDO SANTIAGO,,,,
OA-VP05005,S/P,N/T,TOYOTA,,AMARILLO,MONTACARGAS,Pesada,INOPERATIVA,PARADA POR FALLAS,LAGO(DIVISIÓN LAGO),HEBERT MOROS,,,,
OA-VP05007,S/P,N/T,CATERPILLAR,,AMARILLO,MONTACARGAS,Pesada,INOPERATIVA,PARADA POR FALLAS,LAGO(DIVISIÓN LAGO),HEBERT MOROS,,,,
7104,S/P,N/T,CATERPILLAR,,AMARILLO,MONTACARGAS,Pesada,EN PROCESO DE DESINCORPORACION,FUERA DE SERVICIO,TRANSPORTE TERRESTRE,OSWALDO SANTIAGO,,,,
OA-VP12504,S/P,N/T,HYSTER,,AMARILLO,MONTACARGAS,Pesada,OPERATIVA,OPERATIVA,LAGO(DIVISIÓN LAGO),HEBERT MOROS,,,,
OA-VP11004,S/P,N/T,CLARK,,VERDE,MONTACARGAS,Pesada,A DESINCORPORAR,FUERA DE SERVICIO,LAGO(DIVISIÓN LAGO),HEBERT MOROS,,,,
20160,S/P,N/T,CATERPILLAR,,AMARILLO,MONTACARGAS,Pesada,EN PROCESO DE DESINCORPORACION,FUERA DE SERVICIO,TRANSPORTE TERRESTRE,OSWALDO SANTIAGO,,,,
212012248,S/P,N/T,ZHEJIANG,,S/I,MONTACARGAS,Pesada,INOPERATIVA,PARADA POR FALLAS,COL(DIVISIÓN COSTA ORIENTAL DEL LAGO),FRANCISCO SUAREZ,,,,
349146,S/P,N/T,CATERPILLAR,,AMARILLO,MONTACARGAS,Pesada,INOPERATIVA,PARADA POR FALLAS,BARIVEN,OSWALDO SANTIAGO,,,,
37W10400,S/P,N/T,CATERPILLAR,,AMARILLO,MONTACARGAS,Pesada,A DESINCORPORAR,A DESINCORPORAR,LAGO(DIVISIÓN LAGO),HEBERT MOROS,,,,
416E,S/P,N/T,CATERPILLAR,,S/I,MONTACARGAS,Pesada,INOPERATIVA,PARADA POR FALLAS,COL(DIVISIÓN COSTA ORIENTAL DEL LAGO),FRANCISCO SUAREZ,,,,
5100099082,S/P,N/T,TAYLOR,,AMARILLO,MONTACARGAS,Pesada,INOPERATIVA,PARADA POR FALLAS,BARIVEN,OSWALDO SANTIAGO,,,,
AT14E31214,AT14E31214,N/T,CATERPILLAR,,AMARILLO,MONTACARGAS,Pesada,INOPERATIVA,PARADA POR FALLAS,BARIVEN,OSWALDO SANTIAGO,,,,
31234,AT14E31234,N/T,CATERPILLAR,,AMARILLO,MONTACARGAS,Pesada,OPERATIVA,OPERATIVA,BARIVEN,OSWALDO SANTIAGO,,,,
AT18C31122,AT18C31122,N/T,CATERPILLAR,,AMARILLO,MONTACARGAS,Pesada,INOPERATIVA,PARADA POR FALLAS,BARIVEN,OSWALDO SANTIAGO,,,,
OA-VP11002,S/P,N/T,CLARK,,VERDE,MONTACARGAS,Pesada,INOPERATIVA,PARADA POR FALLAS,LAGO(DIVISIÓN LAGO),HEBERT MOROS,,,,
OA-VP11006,S/P,N/T,CLARK,,VERDE,MONTACARGAS,Pesada,A DESINCORPORAR,FUERA DE SERVICIO,LAGO(DIVISIÓN LAGO),HEBERT MOROS,,,,
OA-VP11007,S/P,N/T,CLARK,,VERDE,MONTACARGAS,Pesada,INOPERATIVA,PARADA POR FALLAS,LAGO(DIVISIÓN LAGO),HEBERT MOROS,,,,
OA-VP11009,S/P,N/T,CLARK,,VERDE,MONTACARGAS,Pesada,INOPERATIVA,PARADA POR FALLAS,LAGO(DIVISIÓN LAGO),HEBERT MOROS,,,,
OA-VP12503,S/P,N/T,HYSTER,,AMARILLO,MONTACARGAS,Pesada,INOPERATIVA,PARADA POR FALLAS,LAGO(DIVISIÓN LAGO),HEBERT MOROS,,,,
OA-VP17523,S/P,N/T,V-LIFT,,NARANJA,MONTACARGAS,Pesada,INOPERATIVA,PARADA POR FALLAS,LAGO(DIVISIÓN LAGO),HEBERT MOROS,,,,
OA-VP12502,S/P,N/T,HYSTER,,AMARILLO,MONTACARGAS,Pesada,INOPERATIVA,PARADA POR FALLAS,LAGO(DIVISIÓN LAGO),HEBERT MOROS,,,,
S/I,S/P,N/T,CATERPILLAR,,AMARILLO,MONTACARGAS,Pesada,EN PROCESO DE DESINCORPORACION,FUERA DE SERVICIO,BARIVEN,OSWALDO SANTIAGO,,,,
T20C-62589,S/P,N/T,CATERPILLAR,,AMARILLO,MONTACARGAS,Pesada,EN PROCESO DE DESINCORPORACION,FUERA DE SERVICIO,OCC(DIVISIÓN COSTA OCCIDENTAL),CARLOS CONTRERAS,,,,
TX450,S/P,N/T,TAYLOR,,S/I,MONTACARGAS,Pesada,INOPERATIVA,PARADA POR FALLAS,BARIVEN,OSWALDO SANTIAGO,,,,
20287,S/P,N/T,CATERPILLAR,,AMARILLO,MONTACARGAS,Pesada,INOPERATIVA,PARADA POR FALLAS,LAGO(DIVISIÓN LAGO),HEBERT MOROS,,,,
OA-VP11003,S/P,N/T,CLARK,,AZUL,MONTACARGAS,Pesada,OPERATIVA,OPERATIVA,LAGO(DIVISIÓN LAGO),HEBERT MOROS,,,,
9586KF,S/P,N/T,CLARK,,VERDE,MONTACARGAS,Pesada,INOPERATIVA,PARADA POR FALLAS,LAGO(DIVISIÓN LAGO),HEBERT MOROS,,,,
OA-VP17505,S/P,N/T,HELI,,ROJO,MONTACARGAS,Pesada,INOPERATIVA,PARADA POR FALLAS,LAGO(DIVISIÓN LAGO),HEBERT MOROS,,,,
OA-VP11008,S/P,N/T,CLARK,,VERDE,MONTACARGAS,Pesada,INOPERATIVA,PARADA POR FALLAS,LAGO(DIVISIÓN LAGO),HEBERT MOROS,,,,
2969,S/P,N/T,MAXIMAL,,AMARILLO,MONTACARGAS,Pesada,INOPERATIVA,PARADA POR FALLAS,LAGO(DIVISIÓN LAGO),HEBERT MOROS,,,,
OA-VP17512,S/P,N/T,MAXIMAL,,AMARILLO,MONTACARGAS,Pesada,INOPERATIVA,PARADA POR FALLAS,LAGO(DIVISIÓN LAGO),HEBERT MOROS,,,,
OA-VP05004,S/P,N/T,CATERPILLAR,,AMARILLO,MONTACARGAS,Pesada,INOPERATIVA,PARADA POR FALLAS,LAGO(DIVISIÓN LAGO),HEBERT MOROS,,,,
OA-VP11000,S/P,N/T,CLARK,,ROJO,MONTACARGAS,Pesada,A DESINCORPORAR,FUERA DE SERVICIO,LAGO(DIVISIÓN LAGO),HEBERT MOROS,,,,
OA-VP11001,S/P,N/T,CLARK,,VERDE,MONTACARGAS,Pesada,INOPERATIVA,PARADA POR FALLAS,LAGO(DIVISIÓN LAGO),HEBERT MOROS,,,,
OA-VP11005,S/P,N/T,CLARK,,VERDE,MONTACARGAS,Pesada,INOPERATIVA,PARADA POR FALLAS,LAGO(DIVISIÓN LAGO),HEBERT MOROS,,,,
OA-VP12501,S/P,N/T,HYSTER,,AMARILLO,MONTACARGAS,Pesada,INOPERATIVA,PARADA POR FALLAS,LAGO(DIVISIÓN LAGO),HEBERT MOROS,,,,
OA-VP05001,S/P,N/T,CATERPILLAR,,AMARILLO,MONTACARGAS,Pesada,INOPERATIVA,PARADA POR FALLAS,LAGO(DIVISIÓN LAGO),HEBERT MOROS,,,,
OA-VP05002,S/P,N/T,CATERPILLAR,,AMARILLO,MONTACARGAS,Pesada,INOPERATIVA,PARADA POR FALLAS,LAGO(DIVISIÓN LAGO),HEBERT MOROS,,,,
OA-VP05003,S/P,N/T,CATERPILLAR,,AMARILLO,MONTACARGAS,Pesada,A DESINCORPORAR,DESMANTELADA,LAGO(DIVISIÓN LAGO),HEBERT MOROS,,,,
10265,S/P,N/T,CATERPILLAR,,AMARILLO,MONTACARGAS,Pesada,INOPERATIVA,PARADA POR FALLAS,SERVICIOS ELECTRICOS,OSWALDO SANTIAGO,,,,
10266,S/P,N/T,CATERPILLAR,,AMARILLO,MONTACARGAS,Pesada,INOPERATIVA,PARADA POR FALLAS,SERVICIOS ELECTRICOS,OSWALDO SANTIAGO,,,,
10267,S/P,N/T,CATERPILLAR,,AMARILLO,MONTACARGAS,Pesada,OPERATIVA,OPERATIVA,SERVICIOS ELECTRICOS,OSWALDO SANTIAGO,,,,
40163,S/P,N/T,CATERPILLAR,,AMARILLO,MONTACARGAS,Pesada,INOPERATIVA,PARADA POR FALLAS,SERVICIOS ELECTRICOS,OSWALDO SANTIAGO,,,,
PB-VP00844,S/P,N/T,GODSENSE,,ROJO,MONTACARGAS,Pesada,INOPERATIVA,PARADA POR FALLAS,TRANSPORTE TERRESTRE,OSWALDO SANTIAGO,,,,
9072,32XVAG,N/T,FORD,,BLANCO,VANS,Pesada,INOPERATIVA,PARADA POR FALLAS,SALUD,OSWALDO SANTIAGO,,,,
9132,24XVAG,N/T,FORD,,BLANCO,VANS,Pesada,A DESINCORPORAR,DESMANTELADA,TRANSPORTE TERRESTRE,OSWALDO SANTIAGO,,,,
19507,BAU012X,N/T,FORD,,BLANCO,VANS,Pesada,A DESINCORPORAR,DESMANTELADA,COL(DIVISIÓN COSTA ORIENTAL DEL LAGO),FRANCISCO SUAREZ,,,,
19508,BAU11X,N/T,FORD,,BLANCO,VANS,Pesada,A DESINCORPORAR,DESMANTELADA,COL(DIVISIÓN COSTA ORIENTAL DEL LAGO),FRANCISCO SUAREZ,,,,
19512,CVI32B,N/T,MERCEDES BENZ,,ROJO,VANS,Pesada,A DESINCORPORAR,DESMANTELADA,COL(DIVISIÓN COSTA ORIENTAL DEL LAGO),FRANCISCO SUAREZ,,,,
19513,VCI31B,N/T,MERCEDES BENZ,,BLANCO,VANS,Pesada,A DESINCORPORAR,DESMANTELADA,TRANSPORTE TERRESTRE,OSWALDO SANTIAGO,,,,
MFK08H,S/P,N/T,KIA,,S/I,VANS,Pesada,EN PROCESO DE DESINCORPORACION,FUERA DE SERVICIO,TRANSPORTE TERRESTRE,OSWALDO SANTIAGO,,,,
1032,PS150C,N/T,CATERPILLAR,,AMARILLO,COMPACTADOR DE NEUMÁTICO,Pesada,OPERATIVA,OPERATIVA,COL(DIVISIÓN COSTA ORIENTAL DEL LAGO),FRANCISCO SUAREZ,,,,
3279,S/P,N/T,BOBCAT,,AMARILLO,SHOWERS,Pesada,INOPERATIVA,PARADA POR FALLAS,TRANSPORTE TERRESTRE,OSWALDO SANTIAGO,,,,
P02189,S/P,N/T,LUIGONG,,S/I,MOTONIVELADORAS,Pesada,INOPERATIVA,PARADA POR FALLAS,COL(DIVISIÓN COSTA ORIENTAL DEL LAGO),FRANCISCO SUAREZ,,,,
759,S/P,N/T,LUIGONG,,S/I,MOTONIVELADORAS,Pesada,INOPERATIVA,PARADA POR FALLAS,COL(DIVISIÓN COSTA ORIENTAL DEL LAGO),FRANCISCO SUAREZ,,,,
749,S/P,N/T,LUIGONG,,S/I,MOTONIVELADORAS,Pesada,INOPERATIVA,PARADA POR FALLAS,COL(DIVISIÓN COSTA ORIENTAL DEL LAGO),FRANCISCO SUAREZ,,,,
1172,S/P,N/T,CATERPILLAR,,AMARILLO,VIBROCOMPACTADOR,Pesada,OPERATIVA,OPERATIVA,COL(DIVISIÓN COSTA ORIENTAL DEL LAGO),FRANCISCO SUAREZ,,,,
1025,A87AB7K,8X9ST112XBK015003,ORINOCO,,VERDE,TANQUES,Pesada,INOPERATIVA,PARADA POR FALLAS,COL(DIVISIÓN COSTA ORIENTAL DEL LAGO),FRANCISCO SUAREZ,,,,
1024,A87AB6K,8X9ST1128BK015002,RETOÑO,,VERDE,TANQUES,Pesada,INOPERATIVA,PARADA POR FALLAS,COL(DIVISIÓN COSTA ORIENTAL DEL LAGO),FRANCISCO SUAREZ,,,,
8462,646GAX,N/T,ORINOCO,,BLANCO,CISTERNAS,Pesada,INOPERATIVA,PARADA POR FALLAS,SIHO,OSWALDO SANTIAGO,,,,
8463,642GAX,N/T,ORINOCO,,BLANCO,CISTERNAS,Pesada,A DESINCORPORAR,A DESINCORPORAR,SIHO,OSWALDO SANTIAGO,,,,
SL421,S/P,N/T,LONGDI,,GRIS,CISTERNAS,Pesada,INOPERATIVA,PARADA POR FALLAS,SIHO,OSWALDO SANTIAGO,,,,
SL397,S/P,N/T,LONGDI,,GRIS,CISTERNAS,Pesada,A DESINCORPORAR,FUERA DE SERVICIO,SIHO,OSWALDO SANTIAGO,,,,
1375,59AVAY,N/T,FORD,,BLANCO,CISTERNAS,Pesada,A DESINCORPORAR,DESMANTELADA,COL(DIVISIÓN COSTA ORIENTAL DEL LAGO),FRANCISCO SUAREZ,,,,
1378,44ZVAX,8YTYTHZT178A39937,FORD,,BLANCO,CISTERNAS,Pesada,INOPERATIVA,PARADA POR FALLAS,OCC(DIVISIÓN COSTA OCCIDENTAL),CARLOS CONTRERAS,,,,
1935,16PABJ,N/T,CARROCERIAS CHAMA,,GRIS,CISTERNAS,Pesada,OPERATIVA,OPERATIVA,TRANSPORTE TERRESTRE,OSWALDO SANTIAGO,,,,
SL392,S/P,N/T,LONGDI,,GRIS,CISTERNAS,Pesada,EN PROCESO DE DESINCORPORACION,FUERA DE SERVICIO,TRANSPORTE TERRESTRE,OSWALDO SANTIAGO,,,,
SL375,S/P,N/T,LONGDI,,GRIS,CISTERNAS,Pesada,INOPERATIVA,PARADA POR FALLAS,DSLT(DIVISIÓN SUR DEL LAGO TRUJILLO),ENRIQUE VILLASMIL,,,,
SL405,S/P,N/T,LONGDI,,GRIS,CISTERNAS,Pesada,EN PROCESO DE DESINCORPORACION,FUERA DE SERVICIO,TRANSPORTE TERRESTRE,OSWALDO SANTIAGO,,,,
SL444,S/P,N/T,LONGDI,,GRIS,CISTERNAS,Pesada,EN PROCESO DE DESINCORPORACION,FUERA DE SERVICIO,TRANSPORTE TERRESTRE,OSWALDO SANTIAGO,,,,
SL438,S/P,N/T,LONGDI,,GRIS,CISTERNAS,Pesada,A DESINCORPORAR,DESMANTELADA,COL(DIVISIÓN COSTA ORIENTAL DEL LAGO),FRANCISCO SUAREZ,,,,
SL451,S/P,N/T,LONGDI,,GRIS,CISTERNAS,Pesada,INOPERATIVA,PARADA POR FALLAS,DSLT(DIVISIÓN SUR DEL LAGO TRUJILLO),ENRIQUE VILLASMIL,,,,
SL454,S/P,N/T,FREE WAYS,,GRIS,CISTERNAS,Pesada,A DESINCORPORAR,A DESINCORPORAR,COL(DIVISIÓN COSTA ORIENTAL DEL LAGO),FRANCISCO SUAREZ,,,,
L418,S/P,N/T,LONGDI,,GRIS,CISTERNAS,Pesada,EN PROCESO DE DESINCORPORACION,FUERA DE SERVICIO,TRANSPORTE TERRESTRE,OSWALDO SANTIAGO,,,,
L417,S/P,N/T,LONGDI,,GRIS,CISTERNAS,Pesada,EN PROCESO DE DESINCORPORACION,FUERA DE SERVICIO,TRANSPORTE TERRESTRE,OSWALDO SANTIAGO,,,,
L391,S/P,N/T,LONGDI,,GRIS,CISTERNAS,Pesada,EN PROCESO DE DESINCORPORACION,FUERA DE SERVICIO,TRANSPORTE TERRESTRE,OSWALDO SANTIAGO,,,,
91814,65EDAJ,N/T,AUTOCAR,,ROJO,CISTERNAS,Pesada,INOPERATIVA,RECUPERADA DE DIVISION LAGO,LAGO(DIVISIÓN LAGO),HEBERT MOROS,,,,
A69AH5L,A69AH5L,8X9SX1120CL018055,FREE WAYS,,GRIS,CISTERNAS,Pesada,A DESINCORPORAR,A DESINCORPORAR,COL(DIVISIÓN COSTA ORIENTAL DEL LAGO),FRANCISCO SUAREZ,,,,
5159,14APAD,N/T,CARROCERIAS CHAMA,,VERDE,CISTERNAS,Pesada,A DESINCORPORAR,DESMANTELADA,COL(DIVISIÓN COSTA ORIENTAL DEL LAGO),FRANCISCO SUAREZ,,,,
67VDAP,67VDAP,N/T,RETOÑO,,VERDE,CISTERNAS,Pesada,EN PROCESO DE DESINCORPORACION,FUERA DE SERVICIO,COL(DIVISIÓN COSTA ORIENTAL DEL LAGO),FRANCISCO SUAREZ,,,,
204,S/P,N/T,MACK,,BLANCO,CISTERNAS,Pesada,INOPERATIVA,PARADA POR FALLAS,COL(DIVISIÓN COSTA ORIENTAL DEL LAGO),FRANCISCO SUAREZ,,,,
1203,S/P,N/T,ORINOCO,,BLANCO,CISTERNAS,Pesada,INOPERATIVA,PARADA POR FALLAS,COL(DIVISIÓN COSTA ORIENTAL DEL LAGO),FRANCISCO SUAREZ,,,,
5101,S/P,N/T,CARROCERIAS CHAMA,,BLANCO,CISTERNAS,Pesada,INOPERATIVA,PARADA POR FALLAS,TRANSPORTE TERRESTRE,OSWALDO SANTIAGO,,,,
9010,S/P,N/T,FAB. NACIONAL,,GRIS,CISTERNAS,Pesada,EN PROCESO DE DESINCORPORACION,FUERA DE SERVICIO,TRANSPORTE TERRESTRE,OSWALDO SANTIAGO,,,,
36SGAB,S/P,N/T,ORINOCO,,BLANCO,CISTERNAS,Pesada,INOPERATIVA,PARADA POR FALLAS,TRANSPORTE TERRESTRE,OSWALDO SANTIAGO,,,,
55KNAA,S/P,N/T,ORINOCO,,BLANCO,CISTERNAS,Pesada,INOPERATIVA,PARADA POR FALLAS,TRANSPORTE TERRESTRE,OSWALDO SANTIAGO,,,,
C-1,446-GAX,N/T,MACK,,VERDE,CISTERNAS,Pesada,EN PROCESO DE DESINCORPORACION,FUERA DE SERVICIO,SIHO,OSWALDO SANTIAGO,,,,
B-3,175XEG,N/T,FORD,,VERDE,CISTERNAS,Pesada,INOPERATIVA,PARADA POR FALLAS,SIHO,OSWALDO SANTIAGO,,,,
9003-3,S/P,N/T,POLAR,,GRIS,CISTERNAS,Pesada,OPERATIVA,OPERATIVA,TRANSPORTE TERRESTRE,OSWALDO SANTIAGO,,,,
9003-7,S/P,N/T,POLAR,,GRIS,CISTERNAS,Pesada,OPERATIVA,OPERATIVA,TRANSPORTE TERRESTRE,OSWALDO SANTIAGO,,,,
10131,S/P,N/T,XCMG,,AMARILLO,TRACTORES,Pesada,INOPERATIVA,PARADA POR FALLAS,DSLT(DIVISIÓN SUR DEL LAGO TRUJILLO),ENRIQUE VILLASMIL,,,,
131,S/P,N/T,XCMG,,AMARILLO,TRACTORES,Pesada,INOPERATIVA,PARADA POR FALLAS,DSLT(DIVISIÓN SUR DEL LAGO TRUJILLO),ENRIQUE VILLASMIL,,,,
AD00622,S/P,N/T,LIUGONG,,S/I,TRACTORES,Pesada,INOPERATIVA,PARADA POR FALLAS,COL(DIVISIÓN COSTA ORIENTAL DEL LAGO),FRANCISCO SUAREZ,,,,
1802,S/P,N/T,S/I,,S/I,ZORRA,Pesada,INOPERATIVA,PARADA POR FALLAS,COL(DIVISIÓN COSTA ORIENTAL DEL LAGO),FRANCISCO SUAREZ,,,,
T-1225,S/P,N/T,S/I,,NEGRO,TARAS,Pesada,INOPERATIVA,PARADA POR FALLAS,TRANSPORTE TERRESTRE,OSWALDO SANTIAGO,,,,
T-1226,S/P,N/T,CHASSING KING,,NEGRO,TARAS,Pesada,OPERATIVA,OPERATIVA,TRANSPORTE TERRESTRE,OSWALDO SANTIAGO,,,,
OA-VP05006,S/P,N/T,CATERPILLAR,,AMARILLO,TRACTORES,Pesada,INOPERATIVA,PARADA POR FALLAS,LAGO(DIVISIÓN LAGO),HEBERT MOROS,,,,
OA-VP05503,S/P,N/T,CATERPILLAR,,AMARILLO,TRACTORES,Pesada,INOPERATIVA,PARADA POR FALLAS,LAGO(DIVISIÓN LAGO),HEBERT MOROS,,,,
OA-VP05501,S/P,N/T,CATERPILLAR,,AMARILLO,TRACTORES,Pesada,A DESINCORPORAR,FUERA DE SERVICIO,LAGO(DIVISIÓN LAGO),HEBERT MOROS,,,,
A38859,S/P,N/T,HOWO SINOTRUK,,ROJO,VOLQUETA,Pesada,INOPERATIVA,PARADA POR FALLAS,DSLT(DIVISIÓN SUR DEL LAGO TRUJILLO),ENRIQUE VILLASMIL,,,,
OA-VP05502,S/P,N/T,XCMG,,AMARILLO,TRACTORES,Pesada,EN PROCESO DE DESINCORPORACION,FUERA DE SERVICIO,LAGO(DIVISIÓN LAGO),HEBERT MOROS,,,,
PB-VP00839,S/P,N/T,VENIRAN,,ROJO,TRACTORES,Pesada,EN PROCESO DE DESINCORPORACION,FUERA DE SERVICIO,TRANSPORTE TERRESTRE,OSWALDO SANTIAGO,,,,
884,A56DS1V,N/T,TOYOTA,,BLANCO,AMBULANCIAS,Pesada,OPERATIVA,OPERATIVA,SALUD,OSWALDO SANTIAGO,,,,
885,A93A06W,N/T,TOYOTA,,BLANCO,AMBULANCIAS,Pesada,OPERATIVA,OPERATIVA,SALUD,OSWALDO SANTIAGO,,,,
886,A24BC3H,N/T,JMC,,BLANCO,AMBULANCIAS,Pesada,OPERATIVA,OPERATIVA,SALUD,OSWALDO SANTIAGO,,,,
56617,S/P,N/T,SINOTRUK HOWO,,GRIS OSCURO,VOLTEOS,Pesada,OPERATIVA,OPERATIVA,TRANSPORTE TERRESTRE,OSWALDO SANTIAGO,,,,
56620,S/P,N/T,SINOTRUK HOWO,,GRIS OSCURO,VOLTEOS,Pesada,OPERATIVA,OPERATIVA,TRANSPORTE TERRESTRE,OSWALDO SANTIAGO,,,,
56621,S/P,N/T,SINOTRUK HOWO,,GRIS OSCURO,VOLTEOS,Pesada,OPERATIVA,OPERATIVA,TRANSPORTE TERRESTRE,OSWALDO SANTIAGO,,,,
78691,S/P,S/I,SINOTRUK HOWO,,GRIS OSCURO,CAMIONES,Pesada,OPERATIVA,OPERATIVA,TRANSPORTE TERRESTRE,OSWALDO SANTIAGO,,,,
887,S/P,LEFBMCCB5RT030023,JMC,,BLANCO,AMBULANCIAS,Pesada,OPERATIVA,OPERATIVA,SALUD,OSWALDO SANTIAGO,,,,
15403,S/P,LZYTETC26R1015403,YUTONG,,AMARILLO,AUTOBUSES,Pesada,OPERATIVA,OPERATIVA,LA ESTANCIA,OSWALDO SANTIAGO,,,,
15404,S/P,LZYTETC28R1015404,YUTONG,,AMARILLO,AUTOBUSES,Pesada,OPERATIVA,OPERATIVA,LA ESTANCIA,OSWALDO SANTIAGO,,,,
15405,S/P,LZYTETC2XR1015405,YUTONG,,AMARILLO,AUTOBUSES,Pesada,OPERATIVA,OPERATIVA,LA ESTANCIA,OSWALDO SANTIAGO,,,,
15406,S/P,LZYTETC21R1015406,YUTONG,,AMARILLO,AUTOBUSES,Pesada,OPERATIVA,OPERATIVA,LA ESTANCIA,OSWALDO SANTIAGO,,,,
15407,S/P,LZYTETC23R1015407,YUTONG,,AMARILLO,AUTOBUSES,Pesada,OPERATIVA,OPERATIVA,LA ESTANCIA,OSWALDO SANTIAGO,,,,
54443,A78CW4J,LXUG4EY30T4054443,DONGFENG,,BLANCO,CHUTOS,Pesada,OPERATIVA,OPERATIVA,TRANSPORTE TERRESTRE,OSWALDO SANTIAGO,,,,
54339,A78CW5J,LXUG4EY35T4054339,DONGFENG,,BLANCO,CHUTOS,Pesada,OPERATIVA,OPERATIVA,TRANSPORTE TERRESTRE,OSWALDO SANTIAGO,,,,
54344,A79CW1J,LXUG4EY39T4054344,DONGFENG,,BLANCO,CHUTOS,Pesada,OPERATIVA,OPERATIVA,DSLT(DIVISIÓN SUR DEL LAGO TRUJILLO),ENRIQUE VILLASMIL,,,,
54364,A79CW2J,LXUG4EY34T4054364,DONGFENG,,BLANCO,CHUTOS,Pesada,OPERATIVA,OPERATIVA,LAGO(DIVISIÓN LAGO),HEBERT MOROS,,,,
54448,A79CW6J,LXUG4EY3XT4054448,DONGFENG,,BLANCO,CHUTOS,Pesada,OPERATIVA,OPERATIVA,TRANSPORTE TERRESTRE,OSWALDO SANTIAGO,,,,
54341,A81CW0J,LXUG4EY33T4054341,DONGFENG,,BLANCO,CHUTOS,Pesada,OPERATIVA,OPERATIVA,DSLT(DIVISIÓN SUR DEL LAGO TRUJILLO),ENRIQUE VILLASMIL,,,,
54361,A81CW7J,LXUG4EY39T4054361,DONGFENG,,BLANCO,CHUTOS,Pesada,OPERATIVA,OPERATIVA,TRANSPORTE TERRESTRE,OSWALDO SANTIAGO,,,,
54446,A81CW8J,LXUG4EY36T4054446,DONGFENG,,BLANCO,CHUTOS,Pesada,OPERATIVA,OPERATIVA,TRANSPORTE TERRESTRE,OSWALDO SANTIAGO,,,,
54354,A82CW3J,LXUG4EY31T4054354,DONGFENG,,BLANCO,CHUTOS,Pesada,OPERATIVA,OPERATIVA,TRANSPORTE TERRESTRE,OSWALDO SANTIAGO,,,,
54366,A82CW7J,LXUG4EY38T4054366,DONGFENG,,BLANCO,CHUTOS,Pesada,OPERATIVA,OPERATIVA,TRANSPORTE TERRESTRE,OSWALDO SANTIAGO,,,,